{"type":"FeatureCollection","features":[{"type":"Feature","properties":{"icao":"AGGG"},"geometry":{"type":"Polygon","coordinates":[[[159.0,-4.83],[160.0,-4.83],[166.75,-10.5],[166.88,-11.8],[164.83,-13.0],[163.0,-14.0],[155.0,-14.0],[155.0,-7.32],[155.64,-6.93],[155.92,-6.85],[156.04,-6.66],[156.04,-6.55],[159.0,-4.83]]]}},{"type":"Feature","properties":{"icao":"ANAU"},"geometry":{"type":"Polygon","coordinates":[[[160.0,3.5],[170.0,3.5],[170.0,-10.0],[166.88,-11.8],[166.75,-10.5],[160.0,-4.83],[160.0,3.5]]]}},{"type":"Feature","properties":{"icao":"AYPM"},"geometry":{"type":"Polygon","coordinates":[[[140.9,-6.59],[140.89,-6.56],[140.93,-6.56],[140.92,-6.5],[140.96,-6.48],[140.95,-6.45],[140.92,-6.46],[140.94,-6.44],[140.92,-6.42],[140.96,-6.42],[140.98,-6.38],[140.94,-6.37],[140.98,-6.36],[140.96,-6.32],[141.0,-6.32],[141.0,0.0],[160.0,0.0],[160.0,-4.83],[159.0,-4.83],[156.04,-6.55],[156.04,-6.66],[155.92,-6.85],[155.64,-6.93],[155.0,-7.32],[155.0,-12.0],[144.0,-12.0],[144.07,-11.73],[144.03,-11.5],[144.07,-11.19],[144.0,-10.78],[143.91,-10.52],[143.91,-10.3],[143.98,-10.09],[144.09,-9.94],[144.23,-9.4],[143.88,-9.13],[142.56,-9.38],[142.49,-9.37],[142.21,-9.19],[141.03,-9.62],[141.02,-6.89],[140.95,-6.9],[140.95,-6.86],[140.92,-6.87],[140.92,-6.82],[140.87,-6.79],[140.9,-6.76],[140.85,-6.72],[140.88,-6.62],[140.84,-6.61],[140.9,-6.59]]]}},{"type":"Feature","properties":{"icao":"BGGL"},"geometry":{"type":"Polygon","coordinates":[[[30.0,82.0],[0.0,82.0],[0.0,73.0],[-20.0,73.0],[-20.0,70.0],[-39.0,63.5],[-39.47,63.0],[-43.0,58.5],[-50.0,58.5],[-57.75,65.0],[-60.76,67.98],[-61.94,68.96],[-63.22,69.92],[-64.93,71.07],[-67.71,72.66],[-70.0,73.75],[-70.42,73.94],[-75.45,75.83],[-76.0,76.0],[-75.61,76.86],[-75.0,78.0],[-60.0,82.0],[-60.0,90.0],[30.0,90.0],[30.0,82.0]]]}},{"type":"Feature","properties":{"icao":"BIRD"},"geometry":{"type":"Polygon","coordinates":[[[-20.0,73.0],[0.0,73.0],[0.0,61.0],[-30.0,61.0],[-39.0,63.5],[-20.0,70.0],[-20.0,73.0]]]}},{"type":"Feature","properties":{"icao":"CZEG"},"geometry":{"type":"Polygon","coordinates":[[[-110.0,49.0],[-115.5,49.0],[-115.14,49.5],[-115.15,49.96],[-116.08,50.33],[-117.65,52.05],[-119.0,53.4],[-120.77,54.54],[-123.25,56.0],[-132.07,57.0],[-132.04,57.05],[-132.37,57.09],[-132.24,57.21],[-132.79,57.74],[-132.88,57.86],[-133.06,58.0],[-133.2,58.18],[-133.45,58.39],[-133.37,58.43],[-133.59,58.54],[-133.85,58.74],[-134.26,58.86],[-134.33,58.93],[-134.32,58.97],[-134.4,58.98],[-134.39,59.05],[-134.48,59.13],[-134.56,59.13],[-134.68,59.2],[-134.7,59.25],[-134.96,59.28],[-135.03,59.35],[-134.99,59.39],[-135.09,59.43],[-135.03,59.47],[-135.03,59.57],[-135.17,59.63],[-135.23,59.7],[-135.48,59.8],[-135.93,59.67],[-136.35,59.6],[-136.22,59.54],[-136.29,59.47],[-136.46,59.47],[-136.46,59.28],[-136.58,59.17],[-136.82,59.16],[-137.45,58.91],[-137.52,58.92],[-137.49,58.99],[-137.6,59.24],[-138.62,59.77],[-138.71,59.91],[-139.04,59.99],[-139.19,60.09],[-139.07,60.35],[-139.67,60.34],[-139.98,60.18],[-140.46,60.31],[-140.52,60.23],[-141.0,60.32],[-141.0,90.0],[-60.0,90.0],[-60.0,82.0],[-75.0,78.0],[-75.61,76.86],[-76.0,76.0],[-75.45,75.83],[-70.42,73.94],[-67.71,72.66],[-64.93,71.07],[-63.22,69.92],[-61.94,68.96],[-60.76,67.98],[-57.75,65.0],[-68.0,65.0],[-80.0,62.75],[-80.0,64.41],[-108.42,54.77],[-108.69,54.77],[-110.0,53.42],[-110.0,49.0]]]}},{"type":"Feature","properties":{"icao":"CZQM"},"geometry":{"type":"Polygon","coordinates":[[[-67.07,44.96],[-67.09,45.08],[-67.15,45.16],[-67.28,45.19],[-67.34,45.12],[-67.47,45.25],[-67.49,45.29],[-67.42,45.37],[-67.5,45.48],[-67.41,45.54],[-67.45,45.6],[-67.64,45.61],[-67.72,45.69],[-67.72,45.66],[-67.81,45.68],[-67.81,45.8],[-67.76,45.82],[-67.81,45.87],[-67.76,45.91],[-67.79,47.07],[-67.88,47.1],[-67.95,47.19],[-68.24,47.36],[-68.36,47.36],[-68.39,47.34],[-68.38,47.29],[-68.58,47.29],[-68.0,47.53],[-67.95,47.73],[-65.94,48.0],[-64.62,47.85],[-62.0,48.5],[-56.47,45.61],[-56.05,44.45],[-60.0,43.6],[-67.0,41.87],[-67.0,44.5],[-67.12,44.5],[-66.9,44.78],[-67.0,44.93],[-67.07,44.96]]]}},{"type":"Feature","properties":{"icao":"CZQX"},"geometry":{"type":"Polygon","coordinates":[[[-60.35,58.47],[-63.0,61.0],[-63.0,64.0],[-60.0,65.0],[-57.75,65.0],[-50.0,58.5],[-43.0,58.5],[-39.47,63.0],[-39.0,63.5],[-30.0,61.0],[-46.8,48.2],[-30.0,45.0],[-53.0,45.0],[-56.05,44.45],[-56.47,45.61],[-62.0,48.5],[-61.0,49.3],[-61.0,49.53],[-58.0,51.0],[-57.0,51.28],[-57.0,51.74],[-58.14,52.2],[-59.5,51.63],[-59.5,51.33],[-60.0,50.83],[-62.08,50.83],[-64.0,51.42],[-64.92,53.7],[-65.33,54.42],[-65.08,55.08],[-64.0,55.36],[-64.0,57.55],[-60.35,58.47]]]}},{"type":"Feature","properties":{"icao":"CZUL"},"geometry":{"type":"Polygon","coordinates":[[[-69.23,47.46],[-70.0,46.69],[-70.06,46.43],[-70.2,46.35],[-70.3,46.19],[-70.24,46.14],[-70.31,46.07],[-70.28,46.06],[-70.31,45.97],[-70.23,45.94],[-70.27,45.88],[-70.41,45.8],[-70.39,45.72],[-70.55,45.67],[-70.67,45.58],[-70.72,45.51],[-70.62,45.4],[-70.66,45.37],[-70.74,45.42],[-70.8,45.42],[-70.81,45.3],[-70.86,45.23],[-70.92,45.28],[-70.92,45.32],[-71.0,45.35],[-71.13,45.25],[-71.22,45.25],[-71.29,45.3],[-71.43,45.24],[-71.4,45.22],[-71.42,45.12],[-71.51,45.07],[-71.49,45.03],[-71.53,45.0],[-74.25,45.0],[-74.57,45.18],[-74.97,45.07],[-74.88,44.97],[-75.75,44.82],[-75.7,44.67],[-75.5,44.72],[-75.95,44.35],[-76.13,44.29],[-76.19,44.22],[-76.27,45.84],[-76.93,45.96],[-77.25,46.13],[-77.25,46.95],[-77.55,47.11],[-78.12,47.55],[-78.57,47.84],[-79.0,48.59],[-79.0,49.0],[-80.0,53.47],[-80.0,62.75],[-68.0,65.0],[-60.0,65.0],[-63.0,64.0],[-63.0,61.0],[-60.35,58.47],[-64.0,57.55],[-64.0,55.36],[-65.08,55.08],[-65.33,54.42],[-64.92,53.7],[-64.0,51.42],[-62.08,50.83],[-60.0,50.83],[-59.5,51.33],[-59.5,51.63],[-58.14,52.2],[-57.0,51.74],[-57.0,51.28],[-58.0,51.0],[-61.0,49.53],[-61.0,49.3],[-62.0,48.5],[-64.62,47.85],[-65.94,48.0],[-67.95,47.73],[-68.0,47.53],[-68.59,47.29],[-68.63,47.24],[-68.73,47.24],[-68.89,47.18],[-69.05,47.25],[-69.05,47.43],[-69.23,47.46]]]}},{"type":"Feature","properties":{"icao":"CZVR"},"geometry":{"type":"Polygon","coordinates":[[[-115.5,49.0],[-123.33,49.0],[-123.01,48.83],[-123.01,48.77],[-123.27,48.69],[-123.17,48.46],[-123.12,48.42],[-123.26,48.28],[-123.55,48.23],[-124.73,48.49],[-125.0,48.5],[-128.0,48.33],[-133.75,51.0],[-135.0,52.72],[-136.0,54.0],[-132.68,54.66],[-130.61,54.71],[-130.65,54.76],[-130.63,54.78],[-130.45,54.85],[-130.27,54.97],[-130.1,55.19],[-129.97,55.28],[-130.02,55.34],[-130.03,55.45],[-130.1,55.5],[-130.11,55.68],[-130.15,55.72],[-130.12,55.81],[-130.0,55.91],[-130.02,55.92],[-130.0,56.01],[-130.1,56.12],[-130.25,56.1],[-130.43,56.14],[-130.47,56.24],[-130.62,56.27],[-130.78,56.36],[-131.08,56.41],[-131.58,56.61],[-131.84,56.6],[-131.9,56.75],[-131.88,56.81],[-132.13,56.88],[-132.07,57.0],[-123.25,56.0],[-120.77,54.54],[-119.0,53.4],[-117.65,52.05],[-116.08,50.33],[-115.15,49.96],[-115.14,49.5],[-115.5,49.0]]]}},{"type":"Feature","properties":{"icao":"CZWG"},"geometry":{"type":"Polygon","coordinates":[[[-87.0,47.78],[-88.37,48.3],[-88.67,48.24],[-89.34,47.97],[-89.49,48.02],[-89.93,47.99],[-90.0,48.02],[-90.03,48.08],[-90.15,48.11],[-90.54,48.09],[-90.59,48.12],[-90.76,48.09],[-90.87,48.25],[-91.12,48.17],[-91.26,48.08],[-91.58,48.05],[-91.58,48.11],[-91.71,48.11],[-91.74,48.2],[-92.0,48.24],[-92.03,48.27],[-92.02,48.32],[-92.09,48.37],[-92.28,48.36],[-92.32,48.3],[-92.27,48.25],[-92.38,48.23],[-92.52,48.45],[-92.72,48.46],[-92.72,48.49],[-92.65,48.5],[-92.65,48.55],[-92.75,48.54],[-92.97,48.63],[-93.14,48.62],[-93.25,48.65],[-93.46,48.59],[-93.46,48.55],[-93.49,48.54],[-93.8,48.52],[-93.82,48.62],[-93.86,48.64],[-94.24,48.65],[-94.29,48.71],[-94.45,48.69],[-94.59,48.72],[-94.69,48.78],[-94.68,48.87],[-94.82,49.17],[-94.83,49.32],[-95.16,49.39],[-95.17,49.0],[-110.0,49.0],[-110.0,53.42],[-108.69,54.77],[-108.42,54.77],[-80.0,64.41],[-80.0,53.47],[-83.14,52.0],[-87.0,49.53],[-87.0,47.78]]]}},{"type":"Feature","properties":{"icao":"CZYZ"},"geometry":{"type":"Polygon","coordinates":[[[-76.19,44.22],[-76.28,44.2],[-76.42,44.1],[-76.8,43.63],[-78.68,43.63],[-79.2,43.45],[-79.05,43.23],[-79.04,43.14],[-79.07,43.08],[-79.01,43.07],[-79.01,42.99],[-78.9,42.92],[-78.94,42.83],[-80.08,42.39],[-81.25,42.21],[-82.4,41.68],[-82.69,41.68],[-83.07,41.86],[-83.15,42.03],[-83.12,42.12],[-83.13,42.24],[-83.08,42.31],[-82.83,42.37],[-82.64,42.55],[-82.59,42.55],[-82.52,42.61],[-82.46,42.91],[-82.4,42.95],[-82.42,43.01],[-82.12,43.6],[-82.5,45.33],[-83.6,45.83],[-83.44,46.0],[-83.57,46.11],[-83.83,46.12],[-83.9,46.06],[-83.96,46.06],[-84.07,46.19],[-84.14,46.38],[-84.12,46.53],[-84.23,46.54],[-84.26,46.5],[-84.34,46.51],[-84.45,46.49],[-84.47,46.45],[-84.55,46.46],[-84.76,46.63],[-84.86,46.89],[-87.0,47.78],[-87.0,49.53],[-83.14,52.0],[-80.0,53.47],[-79.0,49.0],[-79.0,48.59],[-78.57,47.84],[-78.12,47.55],[-77.55,47.11],[-77.25,46.95],[-77.25,46.13],[-76.93,45.96],[-76.27,45.84],[-76.19,44.22]]]}},{"type":"Feature","properties":{"icao":"DAAA"},"geometry":{"type":"Polygon","coordinates":[[[8.0,39.0],[8.65,36.93],[8.63,36.86],[8.68,36.83],[8.58,36.78],[8.43,36.76],[8.48,36.71],[8.44,36.62],[8.15,36.5],[8.2,36.45],[8.41,36.42],[8.37,36.33],[8.39,36.3],[8.34,36.28],[8.35,36.22],[8.31,36.17],[8.35,36.1],[8.3,36.04],[8.26,35.75],[8.36,35.67],[8.36,35.51],[8.39,35.47],[8.34,35.46],[8.32,35.41],[8.32,35.29],[8.47,35.24],[8.35,35.09],[8.31,34.96],[8.25,34.92],[8.31,34.73],[8.25,34.7],[8.26,34.62],[8.11,34.51],[8.08,34.52],[7.92,34.42],[7.85,34.41],[7.8,34.21],[7.62,34.18],[7.6,34.09],[7.54,34.05],[7.53,33.79],[7.58,33.76],[7.6,33.63],[7.74,33.43],[7.74,33.25],[7.81,33.17],[7.9,33.18],[8.05,33.1],[8.12,33.1],[8.46,32.67],[9.07,32.1],[9.13,32.0],[9.2,31.63],[9.58,30.24],[9.41,30.19],[9.4,30.13],[9.42,30.06],[9.58,29.86],[9.8,29.39],[9.88,29.04],[9.89,28.84],[9.84,28.25],[9.96,27.86],[9.91,27.64],[9.82,27.58],[9.87,27.55],[9.8,27.46],[9.77,27.26],[9.83,27.16],[9.84,26.98],[9.93,26.85],[9.93,26.64],[9.88,26.52],[9.51,26.37],[9.39,26.18],[10.04,25.33],[10.04,24.88],[10.21,24.77],[10.24,24.61],[10.43,24.49],[10.69,24.57],[11.02,24.46],[11.43,24.19],[11.61,24.25],[11.75,23.92],[11.98,23.53],[9.67,22.19],[7.41,20.82],[5.82,19.44],[3.33,18.96],[3.11,19.15],[3.11,19.19],[3.2,19.28],[3.2,19.33],[3.27,19.39],[3.23,19.48],[3.25,19.52],[3.21,19.57],[3.23,19.83],[3.18,19.83],[2.98,19.95],[2.75,20.0],[2.58,20.0],[2.48,20.06],[2.41,20.06],[2.32,20.21],[2.21,20.29],[2.17,20.29],[2.09,20.21],[2.05,20.26],[1.91,20.24],[1.88,20.3],[1.79,20.3],[1.78,20.34],[1.67,20.41],[1.66,20.53],[1.62,20.59],[1.38,20.66],[1.29,20.75],[1.17,20.74],[1.19,20.94],[1.17,21.12],[0.0,21.83],[-0.01,21.91],[-2.6,23.6],[-5.84,25.64],[-7.13,26.42],[-8.66,27.29],[-8.67,28.67],[-2.67,31.83],[-2.94,32.0],[-2.94,32.04],[-2.87,32.11],[-2.58,32.12],[-2.36,32.18],[-1.73,32.13],[-1.54,32.15],[-1.29,32.1],[-1.2,32.13],[-1.19,32.18],[-1.26,32.24],[-1.25,32.33],[-1.18,32.41],[-0.99,32.53],[-1.38,32.74],[-1.54,32.96],[-1.49,32.98],[-1.48,33.08],[-1.67,33.28],[-1.59,33.61],[-1.65,33.68],[-1.73,33.7],[-1.73,33.74],[-1.68,33.77],[-1.7,33.87],[-1.65,34.11],[-1.78,34.38],[-1.69,34.5],[-1.85,34.62],[-1.75,34.75],[-1.96,34.87],[-1.98,34.94],[-2.09,34.96],[-2.22,35.07],[-2.1,35.83],[-1.5,36.25],[3.75,38.33],[4.67,39.0],[8.0,39.0]]]}},{"type":"Feature","properties":{"icao":"DGAC"},"geometry":{"type":"Polygon","coordinates":[[[-2.84,11.0],[-1.7,10.98],[-1.59,10.99],[-1.59,11.02],[-1.43,11.02],[-1.4,10.99],[-1.01,11.0],[-0.89,10.96],[-0.81,11.0],[-0.66,10.98],[-0.67,10.95],[-0.63,10.94],[-0.62,10.9],[-0.57,10.98],[-0.5,11.0],[3.76,11.0],[3.75,10.82],[3.84,10.7],[3.85,10.59],[3.79,10.41],[3.69,10.46],[3.63,10.42],[3.58,10.28],[3.68,10.15],[3.66,10.1],[3.62,10.09],[3.6,9.95],[3.53,9.86],[3.42,9.85],[3.33,9.8],[3.35,9.69],[3.26,9.65],[3.13,9.44],[3.16,9.28],[3.12,9.24],[3.09,9.1],[3.01,9.07],[2.78,9.07],[2.77,9.03],[2.79,8.96],[2.76,8.92],[2.76,8.8],[2.73,8.78],[2.76,8.48],[2.71,8.43],[2.7,8.36],[2.75,8.16],[2.67,7.89],[2.73,7.79],[2.73,7.58],[2.8,7.48],[2.8,7.42],[2.75,7.42],[2.78,7.18],[2.75,7.08],[2.79,7.04],[2.72,6.99],[2.72,6.93],[2.75,6.93],[2.73,6.78],[2.79,6.75],[2.79,6.69],[2.73,6.63],[2.75,6.56],[2.71,6.45],[2.75,5.7],[6.58,3.0],[6.58,-5.87],[-3.0,-9.53],[-3.0,4.68],[-3.11,5.11],[-3.03,5.12],[-2.98,5.08],[-2.91,5.12],[-2.74,5.11],[-2.73,5.15],[-2.77,5.21],[-2.75,5.24],[-2.79,5.29],[-2.77,5.35],[-2.73,5.34],[-2.73,5.4],[-2.77,5.61],[-2.86,5.66],[-2.93,5.61],[-2.97,5.64],[-2.96,5.71],[-3.03,5.71],[-3.02,5.86],[-3.08,6.0],[-3.1,6.15],[-3.14,6.23],[-3.18,6.24],[-3.23,6.6],[-3.26,6.62],[-3.2,6.7],[-3.23,6.82],[-2.95,7.24],[-2.98,7.28],[-2.92,7.61],[-2.79,7.86],[-2.78,7.95],[-2.75,7.92],[-2.67,8.03],[-2.6,8.04],[-2.62,8.15],[-2.49,8.21],[-2.57,8.7],[-2.59,8.79],[-2.63,8.78],[-2.6,8.83],[-2.66,8.93],[-2.66,9.01],[-2.78,9.05],[-2.78,9.13],[-2.66,9.25],[-2.72,9.29],[-2.68,9.36],[-2.69,9.5],[-2.77,9.56],[-2.75,9.64],[-2.8,9.71],[-2.74,9.82],[-2.8,10.11],[-2.76,10.25],[-2.84,10.29],[-2.85,10.34],[-2.78,10.42],[-2.87,10.45],[-2.95,10.63],[-2.91,10.69],[-2.94,10.72],[-2.82,10.93],[-2.84,11.0]]]}},{"type":"Feature","properties":{"icao":"DNKK"},"geometry":{"type":"MultiPolygon","coordinates":[[[[2.75,5.7],[2.71,6.45],[2.75,6.56],[2.73,6.63],[2.79,6.69],[2.79,6.75],[2.73,6.78],[2.75,6.93],[2.72,6.93],[2.72,6.99],[2.79,7.04],[2.75,7.08],[2.78,7.13],[2.75,7.42],[2.8,7.42],[2.8,7.48],[2.73,7.58],[2.73,7.79],[2.67,7.89],[2.75,8.16],[2.7,8.36],[2.71,8.43],[2.76,8.48],[2.73,8.78],[2.76,8.8],[2.76,8.92],[2.79,8.96],[2.77,9.03],[2.78,9.07],[3.01,9.07],[3.09,9.1],[3.12,9.24],[3.16,9.28],[3.13,9.43],[3.15,9.49],[3.22,9.55],[3.26,9.65],[3.35,9.69],[3.32,9.78],[3.36,9.83],[3.55,9.88],[3.6,9.95],[3.62,10.09],[3.67,10.12],[3.68,10.18],[3.61,10.22],[3.58,10.28],[3.63,10.42],[3.69,10.46],[3.79,10.41],[3.85,10.67],[3.75,10.82],[3.77,10.96],[3.72,11.02],[3.73,11.12],[3.5,11.29],[3.56,11.6],[3.6,11.69],[3.68,11.76],[3.62,11.85],[3.62,11.93],[3.67,11.97],[3.63,12.12],[3.66,12.27],[3.64,12.52],[3.94,12.76],[4.1,13.0],[4.13,13.14],[4.13,13.47],[4.2,13.47],[4.46,13.7],[4.85,13.78],[4.97,13.74],[5.27,13.75],[5.35,13.84],[5.53,13.89],[6.15,13.64],[6.28,13.67],[6.42,13.6],[6.68,13.36],[6.79,13.16],[6.93,12.99],[7.14,13.02],[7.23,13.11],[7.43,13.11],[7.84,13.34],[8.11,13.29],[8.26,13.21],[8.42,13.05],[8.53,13.06],[8.66,12.93],[8.97,12.83],[9.65,12.8],[10.05,13.2],[10.21,13.27],[10.47,13.28],[10.67,13.36],[11.07,13.38],[11.49,13.36],[11.88,13.25],[12.1,13.09],[12.21,13.12],[12.27,13.11],[12.27,13.08],[12.31,13.1],[12.33,13.07],[12.37,13.09],[12.48,13.06],[12.49,13.13],[12.56,13.16],[12.57,13.19],[12.54,13.19],[12.54,13.21],[12.58,13.27],[12.63,13.27],[12.64,13.3],[12.68,13.27],[12.69,13.31],[12.82,13.39],[12.88,13.5],[12.92,13.48],[13.06,13.55],[13.07,13.52],[13.14,13.54],[13.14,13.51],[13.2,13.51],[13.24,13.59],[13.27,13.59],[13.27,13.65],[13.34,13.71],[13.63,13.71],[14.09,13.08],[14.2,12.52],[14.17,12.47],[14.2,12.43],[14.17,12.41],[14.22,12.36],[14.49,12.35],[14.51,12.29],[14.55,12.28],[14.55,12.23],[14.6,12.22],[14.62,12.18],[14.67,12.19],[14.65,12.06],[14.62,12.04],[14.66,11.96],[14.61,11.87],[14.61,11.77],[14.55,11.73],[14.64,11.64],[14.64,11.53],[14.45,11.46],[14.42,11.41],[14.29,11.36],[14.14,11.25],[13.98,11.31],[13.8,11.01],[13.69,10.97],[13.69,10.89],[13.53,10.61],[13.55,10.49],[13.46,10.19],[13.42,10.13],[13.33,10.12],[13.25,10.03],[13.28,9.96],[13.23,9.86],[13.3,9.81],[13.26,9.75],[13.25,9.59],[13.22,9.54],[13.04,9.51],[12.85,9.38],[12.9,9.36],[12.89,9.09],[12.85,8.97],[12.79,8.92],[12.8,8.77],[12.72,8.75],[12.69,8.66],[12.59,8.6],[12.47,8.62],[12.41,8.48],[12.24,8.44],[12.26,8.17],[12.21,8.11],[12.21,7.97],[12.04,7.73],[12.04,7.52],[11.95,7.49],[11.82,7.33],[11.8,7.24],[11.85,7.08],[11.72,7.06],[11.57,6.89],[11.56,6.85],[11.6,6.82],[11.57,6.78],[11.59,6.73],[11.56,6.72],[11.53,6.62],[11.43,6.6],[11.43,6.53],[11.36,6.53],[11.35,6.5],[11.17,6.56],[11.1,6.54],[11.11,6.68],[11.07,6.72],[10.95,6.68],[10.92,6.76],[10.82,6.84],[10.85,6.93],[10.79,6.97],[10.77,6.95],[10.68,7.04],[10.63,7.05],[10.58,7.16],[10.56,7.0],[10.5,6.9],[10.47,6.92],[10.21,6.89],[10.17,6.94],[10.18,7.02],[10.15,7.04],[9.88,6.77],[9.78,6.8],[9.71,6.51],[9.6,6.53],[9.57,6.46],[9.47,6.45],[9.43,6.32],[9.34,6.35],[9.34,6.29],[9.27,6.18],[9.21,6.17],[9.14,6.07],[8.84,5.83],[8.87,5.79],[8.82,5.69],[8.91,5.58],[8.84,5.46],[8.82,5.18],[8.72,5.07],[8.65,4.91],[8.6,4.88],[8.63,4.83],[8.55,4.81],[8.54,4.7],[6.58,3.0],[2.75,5.7]],[[12.72,13.31],[12.71,13.3],[12.72,13.3],[12.72,13.31]],[[12.88,13.48],[12.87,13.47],[12.88,13.47],[12.88,13.48]],[[13.04,13.53],[13.05,13.52],[13.05,13.53],[13.04,13.53]]],[[[13.14,13.54],[13.15,13.55],[13.15,13.54],[13.14,13.54]]]]}},{"type":"Feature","properties":{"icao":"DRRR"},"geometry":{"type":"Polygon","coordinates":[[[-3.59,24.21],[-1.68,23.01],[-0.1,21.97],[-0.01,21.91],[0.0,21.83],[1.17,21.12],[1.19,21.05],[1.17,20.74],[1.29,20.75],[1.38,20.66],[1.62,20.59],[1.66,20.53],[1.67,20.41],[1.78,20.34],[1.79,20.3],[1.88,20.3],[1.91,20.24],[2.05,20.26],[2.09,20.21],[2.17,20.29],[2.21,20.29],[2.32,20.21],[2.41,20.06],[2.48,20.06],[2.58,20.0],[2.75,20.0],[2.98,19.95],[3.18,19.83],[3.23,19.83],[3.21,19.57],[3.25,19.52],[3.23,19.48],[3.27,19.39],[3.2,19.33],[3.2,19.28],[3.11,19.19],[3.11,19.15],[3.33,18.96],[5.82,19.44],[7.41,20.82],[9.67,22.19],[11.5,23.25],[11.42,22.0],[11.42,13.37],[10.67,13.36],[10.47,13.28],[10.21,13.27],[10.0,13.17],[9.65,12.8],[9.29,12.81],[8.97,12.83],[8.68,12.92],[8.53,13.06],[8.42,13.05],[8.26,13.21],[8.15,13.27],[7.84,13.34],[7.43,13.11],[7.23,13.11],[7.14,13.02],[6.93,12.99],[6.79,13.16],[6.68,13.36],[6.42,13.6],[6.28,13.67],[6.15,13.64],[5.53,13.89],[5.35,13.84],[5.27,13.75],[4.97,13.74],[4.85,13.78],[4.63,13.74],[4.46,13.7],[4.2,13.47],[4.13,13.47],[4.13,13.14],[4.1,13.0],[3.94,12.76],[3.64,12.52],[3.66,12.27],[3.63,12.12],[3.67,11.97],[3.62,11.93],[3.62,11.85],[3.68,11.76],[3.6,11.69],[3.56,11.6],[3.5,11.29],[3.73,11.12],[3.72,11.02],[3.76,11.0],[-0.5,11.0],[-0.57,10.98],[-0.61,10.9],[-0.67,10.95],[-0.66,10.98],[-0.81,11.0],[-0.88,10.96],[-1.01,11.0],[-1.4,10.99],[-1.43,11.02],[-1.59,11.02],[-1.59,10.99],[-1.7,10.98],[-2.84,11.0],[-2.82,10.93],[-2.94,10.72],[-2.91,10.69],[-2.95,10.63],[-2.87,10.45],[-2.78,10.42],[-2.84,10.38],[-2.85,10.31],[-2.76,10.25],[-2.8,10.18],[-2.75,9.96],[-2.77,9.871],[-5.62,10.03],[-5.25,11.5],[-4.8,12.0],[-4.28,12.87],[-4.07,14.52],[-3.6,16.35],[-3.59,24.21]]]}},{"type":"Feature","properties":{"icao":"DTTC"},"geometry":{"type":"Polygon","coordinates":[[[8.0,39.0],[11.5,37.5],[11.5,32.39],[10.98,32.19],[10.85,32.1],[10.79,32.0],[10.65,31.98],[10.62,31.93],[10.64,31.87],[10.54,31.75],[10.37,31.74],[10.28,31.68],[10.14,31.49],[10.15,31.39],[10.29,31.08],[10.31,30.9],[10.28,30.82],[9.95,30.39],[9.59,30.24],[9.2,31.63],[9.13,32.0],[9.07,32.1],[8.46,32.67],[8.12,33.1],[8.05,33.1],[7.9,33.18],[7.81,33.17],[7.74,33.25],[7.74,33.43],[7.6,33.63],[7.58,33.76],[7.53,33.79],[7.54,34.05],[7.6,34.09],[7.62,34.18],[7.8,34.21],[7.85,34.41],[7.92,34.42],[8.08,34.52],[8.11,34.51],[8.26,34.62],[8.25,34.7],[8.31,34.73],[8.25,34.92],[8.31,34.96],[8.35,35.09],[8.47,35.24],[8.32,35.29],[8.32,35.41],[8.34,35.46],[8.39,35.47],[8.36,35.51],[8.36,35.67],[8.26,35.75],[8.3,36.04],[8.35,36.1],[8.31,36.17],[8.35,36.22],[8.34,36.28],[8.39,36.3],[8.37,36.33],[8.41,36.42],[8.2,36.45],[8.15,36.5],[8.44,36.62],[8.48,36.71],[8.43,36.76],[8.58,36.78],[8.68,36.83],[8.63,36.86],[8.65,36.93],[8.0,39.0]]]}},{"type":"Feature","properties":{"icao":"EBBU"},"geometry":{"type":"Polygon","coordinates":[[[2.55,51.09],[2.0,51.12],[2.0,51.5],[3.37,51.37],[3.39,51.34],[3.36,51.3],[3.43,51.25],[3.53,51.25],[3.52,51.3],[3.59,51.31],[3.78,51.27],[3.8,51.21],[3.97,51.22],[4.12,51.27],[4.27,51.35],[4.25,51.38],[4.42,51.36],[4.38,51.44],[4.48,51.48],[4.54,51.48],[4.56,51.43],[4.66,51.42],[4.78,51.51],[4.83,51.48],[4.83,51.42],[4.77,51.43],[4.79,51.41],[4.93,51.4],[5.04,51.49],[5.08,51.47],[5.08,51.39],[5.14,51.32],[5.24,51.31],[5.22,51.27],[5.24,51.26],[5.49,51.3],[5.56,51.27],[5.6,51.2],[5.85,51.15],[5.72,50.96],[5.76,50.96],[5.75,50.94],[5.65,50.88],[5.65,50.84],[5.7,50.81],[5.68,50.76],[5.75,50.78],[6.0,50.76],[6.04,50.75],[6.04,50.72],[6.11,50.72],[6.19,50.65],[6.18,50.63],[6.27,50.63],[6.18,50.55],[6.23,50.5],[6.35,50.49],[6.38,50.44],[6.34,50.38],[6.4,50.32],[6.31,50.32],[6.3,50.28],[6.18,50.24],[6.19,50.18],[6.14,50.17],[6.16,50.15],[6.12,50.06],[6.14,50.0],[6.32,49.84],[6.53,49.81],[6.5,49.75],[6.52,49.72],[6.5,49.73],[6.36,49.57],[6.39,49.56],[6.36,49.52],[6.37,49.46],[6.18,49.51],[6.01,49.45],[5.97,49.49],[5.86,49.5],[5.79,49.56],[5.65,49.55],[5.62,49.51],[5.55,49.53],[5.48,49.49],[5.44,49.52],[5.47,49.53],[5.44,49.55],[5.46,49.57],[5.39,49.62],[5.32,49.61],[5.33,49.65],[5.26,49.7],[5.17,49.69],[5.1,49.76],[5.0,49.8],[4.86,49.79],[4.88,49.93],[4.79,49.96],[4.84,50.04],[4.84,50.1],[4.87,50.09],[4.87,50.13],[4.9,50.14],[4.88,50.16],[4.76,50.14],[4.69,50.09],[4.68,50.0],[4.51,49.95],[4.19,49.96],[4.15,49.98],[4.14,50.03],[4.23,50.08],[4.19,50.14],[4.13,50.13],[4.16,50.16],[4.15,50.21],[4.22,50.25],[4.2,50.28],[4.16,50.29],[4.17,50.26],[4.14,50.26],[4.03,50.36],[3.93,50.33],[3.74,50.35],[3.73,50.31],[3.69,50.31],[3.66,50.36],[3.67,50.43],[3.63,50.48],[3.49,50.49],[3.52,50.52],[3.49,50.53],[3.38,50.49],[3.29,50.52],[3.24,50.65],[3.26,50.7],[3.21,50.71],[3.15,50.79],[2.95,50.75],[2.92,50.7],[2.82,50.72],[2.72,50.82],[2.6,50.85],[2.62,50.88],[2.59,50.92],[2.63,50.95],[2.57,51.01],[2.55,51.09]]]}},{"type":"Feature","properties":{"icao":"EDGG"},"geometry":{"type":"Polygon","coordinates":[[[5.98,51.79],[5.95,51.81],[5.96,51.84],[6.0,51.83],[6.07,51.87],[6.17,51.85],[6.11,51.9],[6.28,51.88],[6.4,51.83],[6.4,51.88],[6.5,51.86],[6.67,51.92],[6.74,51.9],[6.84,51.97],[6.69,52.04],[6.7,52.08],[6.74,52.08],[6.76,52.12],[6.86,52.12],[6.99,52.23],[7.06,52.24],[8.0,52.28],[8.0,52.12],[9.0,52.14],[9.0,51.67],[8.77,51.33],[10.49,51.33],[10.7,50.66],[10.29,50.23],[10.66,50.0],[10.97,49.44],[10.48,49.11],[9.78,48.81],[9.55,48.53],[9.55,47.8],[8.87,47.78],[8.85,47.88],[7.69,47.57],[7.67,47.61],[7.58,47.58],[7.51,47.7],[7.54,47.73],[7.56,47.89],[7.62,47.97],[7.57,48.04],[7.58,48.12],[7.67,48.22],[7.7,48.31],[7.75,48.33],[7.73,48.39],[7.81,48.52],[7.8,48.58],[7.84,48.65],[7.93,48.69],[7.97,48.76],[8.09,48.8],[8.15,48.91],[8.24,48.97],[8.07,49.0],[7.94,49.06],[7.65,49.05],[7.53,49.1],[7.49,49.17],[7.44,49.16],[7.45,49.18],[7.37,49.17],[7.3,49.12],[7.16,49.12],[7.11,49.16],[7.06,49.11],[7.04,49.19],[6.94,49.22],[6.85,49.22],[6.84,49.15],[6.73,49.17],[6.73,49.22],[6.7,49.21],[6.67,49.28],[6.57,49.34],[6.6,49.37],[6.54,49.4],[6.56,49.42],[6.45,49.47],[6.37,49.46],[6.36,49.52],[6.39,49.56],[6.36,49.57],[6.5,49.73],[6.52,49.72],[6.5,49.75],[6.53,49.81],[6.32,49.84],[6.26,49.88],[6.22,49.95],[6.14,50.0],[6.12,50.09],[6.16,50.15],[6.14,50.17],[6.19,50.18],[6.18,50.24],[6.3,50.28],[6.31,50.32],[6.4,50.32],[6.34,50.38],[6.38,50.45],[6.34,50.47],[6.35,50.49],[6.21,50.51],[6.18,50.56],[6.27,50.63],[6.18,50.63],[6.16,50.68],[6.11,50.72],[6.04,50.72],[6.03,50.78],[5.98,50.8],[6.01,50.8],[6.03,50.85],[6.08,50.85],[6.09,50.92],[6.02,50.94],[6.03,50.99],[5.89,50.98],[5.91,50.99],[5.87,51.05],[5.92,51.07],[5.96,51.04],[6.09,51.14],[6.16,51.15],[6.14,51.18],[6.17,51.2],[6.09,51.17],[6.08,51.25],[6.23,51.36],[6.22,51.51],[6.1,51.61],[6.12,51.66],[6.03,51.68],[6.05,51.72],[5.96,51.74],[5.98,51.79]]]}},{"type":"Feature","properties":{"icao":"EDMM"},"geometry":{"type":"Polygon","coordinates":[[[9.23,47.66],[9.23,47.79],[9.55,47.8],[9.55,48.53],[9.78,48.81],[10.48,49.11],[10.97,49.44],[10.66,50.0],[10.29,50.23],[10.7,50.66],[10.49,51.33],[10.39,51.33],[10.7,51.57],[11.21,51.84],[12.0,51.91],[12.2,51.88],[12.64,51.62],[13.1,51.51],[13.75,51.51],[14.71,51.7],[14.76,51.64],[14.76,51.6],[14.71,51.56],[14.75,51.52],[14.96,51.46],[14.96,51.36],[15.04,51.24],[14.93,50.99],[14.82,50.88],[14.8,50.82],[14.62,50.86],[14.65,50.93],[14.57,50.92],[14.59,50.99],[14.5,51.02],[14.5,51.05],[14.41,51.02],[14.3,51.06],[14.26,50.99],[14.32,50.99],[14.32,50.95],[14.4,50.94],[14.39,50.9],[14.26,50.9],[14.07,50.81],[13.99,50.82],[13.9,50.79],[13.9,50.74],[13.86,50.73],[13.54,50.71],[13.53,50.64],[13.47,50.6],[13.38,50.65],[13.32,50.58],[13.24,50.58],[13.18,50.5],[13.04,50.51],[13.03,50.45],[12.99,50.42],[12.94,50.41],[12.82,50.46],[12.71,50.4],[12.68,50.42],[12.51,50.39],[12.37,50.28],[12.33,50.23],[12.33,50.17],[12.24,50.25],[12.27,50.25],[12.26,50.27],[12.21,50.27],[12.19,50.32],[12.12,50.32],[12.14,50.28],[12.1,50.25],[12.2,50.2],[12.22,50.17],[12.2,50.13],[12.28,50.08],[12.26,50.06],[12.32,50.06],[12.43,49.99],[12.47,50.0],[12.48,49.94],[12.55,49.92],[12.5,49.84],[12.47,49.84],[12.47,49.79],[12.4,49.75],[12.52,49.69],[12.52,49.63],[12.64,49.52],[12.66,49.43],[12.76,49.4],[12.81,49.34],[12.97,49.34],[13.03,49.3],[13.03,49.26],[13.18,49.17],[13.18,49.14],[13.4,49.05],[13.4,48.99],[13.43,48.97],[13.49,48.94],[13.51,48.97],[13.63,48.95],[13.67,48.88],[13.73,48.89],[13.8,48.82],[13.8,48.78],[13.84,48.77],[13.8,48.72],[13.83,48.64],[13.81,48.58],[13.75,48.57],[13.75,48.53],[13.57,48.56],[13.52,48.6],[13.44,48.56],[13.44,48.43],[13.31,48.31],[13.02,48.26],[12.96,48.21],[12.86,48.2],[12.79,48.12],[12.76,48.13],[12.75,48.08],[12.86,48.02],[12.88,47.96],[12.94,47.95],[13.01,47.85],[12.91,47.73],[13.02,47.72],[13.1,47.65],[13.04,47.58],[13.05,47.5],[13.01,47.47],[12.78,47.57],[12.82,47.61],[12.78,47.67],[12.67,47.69],[12.49,47.63],[12.44,47.7],[12.26,47.68],[12.27,47.74],[12.24,47.74],[12.17,47.7],[12.21,47.63],[12.14,47.61],[12.0,47.63],[11.85,47.59],[11.64,47.6],[11.59,47.53],[11.44,47.52],[11.38,47.48],[11.43,47.45],[11.34,47.46],[11.26,47.4],[11.22,47.41],[11.24,47.44],[10.98,47.4],[10.98,47.44],[10.92,47.49],[10.87,47.49],[10.91,47.52],[10.89,47.54],[10.77,47.52],[10.63,47.57],[10.49,47.54],[10.46,47.56],[10.47,47.59],[10.43,47.59],[10.47,47.43],[10.33,47.31],[10.17,47.28],[10.21,47.31],[10.23,47.39],[10.1,47.36],[10.07,47.42],[10.1,47.45],[10.0,47.49],[9.98,47.55],[9.87,47.53],[9.77,47.59],[9.73,47.53],[9.59,47.53],[9.23,47.66]]]}},{"type":"Feature","properties":{"icao":"EDWW"},"geometry":{"type":"Polygon","coordinates":[[[6.5,53.67],[6.5,55.0],[8.0,55.0],[8.39,55.07],[8.65,54.91],[9.12,54.88],[9.22,54.86],[9.29,54.8],[9.47,54.85],[9.42,54.83],[9.46,54.81],[9.62,54.88],[9.59,54.85],[9.61,54.83],[9.8,54.8],[9.84,54.76],[9.93,54.8],[10.02,54.7],[10.05,54.76],[10.5,54.66],[11.0,54.64],[11.67,54.46],[11.83,54.45],[12.0,54.45],[12.85,54.92],[14.36,54.92],[14.25,54.13],[14.2,54.13],[14.24,53.99],[14.23,53.76],[14.27,53.75],[14.22,53.7],[14.28,53.69],[14.28,53.63],[14.32,53.6],[14.3,53.54],[14.35,53.5],[14.41,53.3],[14.45,53.26],[14.38,53.21],[14.39,53.14],[14.34,53.05],[14.14,52.96],[14.16,52.88],[14.12,52.84],[14.38,52.74],[14.46,52.66],[14.64,52.58],[14.6,52.53],[14.63,52.5],[14.53,52.39],[14.57,52.29],[14.71,52.24],[14.68,52.2],[14.68,52.11],[14.76,52.07],[14.71,52.01],[14.72,51.95],[14.69,51.9],[14.59,51.84],[14.71,51.7],[13.75,51.51],[13.1,51.51],[12.64,51.62],[12.2,51.88],[12.0,51.91],[11.21,51.84],[10.7,51.57],[10.39,51.33],[8.77,51.33],[9.0,51.67],[9.0,52.14],[8.0,52.12],[8.0,52.28],[7.06,52.24],[7.03,52.3],[7.08,52.37],[7.0,52.47],[6.96,52.44],[6.77,52.46],[6.7,52.49],[6.71,52.53],[6.68,52.55],[6.77,52.57],[6.72,52.59],[6.71,52.63],[6.74,52.65],[7.06,52.64],[7.09,52.85],[7.22,53.0],[7.18,53.14],[7.23,53.19],[7.19,53.3],[6.99,53.34],[6.82,53.5],[6.67,53.52],[6.5,53.67]],[[9.44,54.81],[9.43,54.81],[9.44,54.8],[9.44,54.81]],[[9.91,54.78],[9.9,54.77],[9.91,54.77],[9.91,54.78]]]}},{"type":"Feature","properties":{"icao":"EETT"},"geometry":{"type":"Polygon","coordinates":[[[24.26,57.92],[23.6,57.9],[23.65,57.78],[23.58,57.67],[23.41,57.59],[23.18,57.59],[22.71,57.94],[22.58,57.93],[22.14,57.78],[21.92,57.75],[21.72,57.79],[21.61,57.9],[21.48,58.12],[20.64,58.41],[21.0,59.0],[23.14,59.51],[24.85,59.88],[25.33,59.91],[25.98,59.87],[27.64,59.61],[28.21,59.4],[28.17,59.3],[27.91,59.25],[27.89,59.18],[27.81,59.13],[27.74,59.0],[27.55,58.86],[27.48,58.65],[27.44,58.37],[27.51,58.29],[27.49,58.22],[27.62,58.07],[27.61,58.03],[27.7,58.0],[27.68,57.95],[27.73,57.91],[27.81,57.91],[27.83,57.86],[27.78,57.83],[27.62,57.84],[27.51,57.8],[27.54,57.72],[27.39,57.68],[27.4,57.62],[27.33,57.58],[27.35,57.52],[26.95,57.6],[26.93,57.63],[26.86,57.62],[26.86,57.59],[26.78,57.56],[26.68,57.57],[26.61,57.53],[26.62,57.51],[26.59,57.54],[26.56,57.51],[26.5,57.52],[26.47,57.58],[26.28,57.59],[26.19,57.69],[26.2,57.72],[26.03,57.77],[26.06,57.85],[25.82,57.86],[25.76,57.92],[25.68,57.9],[25.58,57.94],[25.59,57.97],[25.49,57.97],[25.44,58.0],[25.47,58.01],[25.36,58.03],[25.3,58.08],[25.26,58.06],[25.3,58.04],[25.3,57.99],[25.23,58.01],[25.2,58.09],[24.83,57.97],[24.77,57.99],[24.63,57.94],[24.53,57.95],[24.41,57.86],[24.26,57.92]],[[26.74,57.58],[26.74,57.59],[26.73,57.58],[26.74,57.58]]]}},{"type":"Feature","properties":{"icao":"EFIN"},"geometry":{"type":"Polygon","coordinates":[[[22.92,64.68],[24.14,65.51],[24.16,65.86],[23.94,66.08],[23.92,66.16],[23.72,66.22],[23.66,66.31],[23.68,66.39],[23.64,66.44],[23.89,66.57],[23.89,66.76],[24.02,66.82],[23.58,67.16],[23.62,67.2],[23.58,67.22],[23.6,67.26],[23.76,67.28],[23.81,67.33],[23.76,67.38],[23.79,67.43],[23.44,67.46],[23.41,67.5],[23.48,67.54],[23.46,67.57],[23.54,67.59],[23.56,67.63],[23.5,67.66],[23.48,67.71],[23.51,67.87],[23.63,67.91],[23.66,67.96],[23.41,68.05],[23.31,68.15],[23.17,68.13],[23.15,68.24],[23.06,68.31],[22.64,68.43],[22.43,68.46],[22.36,68.44],[22.32,68.48],[22.04,68.48],[21.9,68.58],[21.71,68.59],[21.69,68.64],[21.61,68.67],[21.45,68.68],[21.39,68.76],[21.3,68.76],[21.14,68.86],[20.9,68.89],[20.85,68.93],[20.91,68.96],[20.82,69.02],[20.56,69.06],[20.72,69.12],[21.06,69.04],[21.13,69.1],[21.07,69.12],[21.02,69.22],[21.11,69.26],[21.29,69.31],[21.64,69.27],[22.17,68.96],[22.34,68.83],[22.37,68.72],[22.52,68.74],[22.8,68.69],[23.04,68.7],[23.16,68.63],[23.45,68.7],[23.66,68.71],[23.77,68.82],[23.96,68.84],[24.05,68.8],[24.15,68.8],[24.14,68.76],[24.24,68.73],[24.65,68.68],[24.78,68.64],[24.9,68.56],[24.92,68.61],[25.12,68.65],[25.1,68.69],[25.14,68.8],[25.48,68.91],[25.63,68.89],[25.78,69.02],[25.71,69.26],[25.75,69.28],[25.76,69.34],[25.84,69.39],[25.81,69.43],[25.87,69.48],[25.88,69.52],[25.85,69.55],[25.98,69.61],[25.96,69.65],[25.9,69.67],[25.98,69.72],[26.16,69.75],[26.26,69.82],[26.4,69.86],[26.41,69.91],[26.45,69.91],[26.46,69.94],[26.68,69.97],[27.06,69.91],[27.52,70.03],[27.58,70.08],[27.96,70.1],[28.0,70.02],[28.12,69.95],[28.35,69.88],[28.35,69.85],[28.43,69.82],[29.14,69.7],[29.34,69.48],[28.82,69.23],[28.83,69.09],[28.93,69.06],[28.43,68.91],[28.5,68.88],[28.8,68.87],[28.72,68.74],[28.45,68.55],[28.66,68.2],[29.33,68.07],[29.69,67.79],[30.03,67.68],[29.96,67.52],[29.54,67.3],[29.05,66.98],[29.03,66.94],[29.09,66.82],[29.48,66.54],[29.67,66.29],[29.92,66.13],[30.12,65.77],[30.12,65.66],[30.0,65.69],[29.73,65.63],[29.88,65.56],[29.74,65.47],[29.77,65.33],[29.61,65.25],[29.88,65.21],[29.9,65.19],[29.82,65.14],[29.89,65.1],[29.62,65.06],[29.6,64.97],[29.66,64.85],[29.7,64.84],[29.68,64.82],[29.75,64.79],[30.09,64.78],[30.04,64.73],[30.14,64.64],[30.02,64.59],[30.01,64.52],[30.06,64.46],[30.05,64.4],[30.48,64.25],[30.51,64.22],[30.47,64.2],[30.55,64.11],[30.48,64.0],[30.24,63.82],[29.98,63.75],[30.51,63.46],[30.81,63.4],[31.23,63.23],[31.28,63.11],[31.46,63.03],[31.58,62.91],[31.42,62.76],[31.38,62.67],[31.23,62.51],[30.94,62.34],[30.95,62.31],[30.66,62.21],[30.63,62.16],[30.31,61.97],[30.31,61.94],[29.81,61.65],[29.75,61.57],[29.64,61.5],[29.5,61.49],[29.5,61.45],[29.25,61.27],[28.83,61.13],[28.73,61.06],[28.66,60.95],[28.54,60.96],[28.22,60.78],[28.17,60.78],[28.15,60.74],[27.8,60.55],[27.82,60.54],[27.63,60.33],[27.46,60.22],[26.55,60.13],[25.87,59.88],[25.33,59.91],[24.85,59.88],[23.14,59.51],[21.0,59.0],[19.98,59.56],[19.09,60.19],[19.5,61.67],[20.17,63.17],[20.67,63.47],[21.5,63.62],[22.92,64.68]]]}},{"type":"Feature","properties":{"icao":"EGGX"},"geometry":{"type":"Polygon","coordinates":[[[-30.0,61.0],[-10.0,61.0],[-10.0,54.57],[-12.0,54.37],[-15.0,54.0],[-15.0,51.0],[-8.0,51.0],[-8.0,45.0],[-30.0,45.0],[-30.0,61.0]]]}},{"type":"Feature","properties":{"icao":"EGPX"},"geometry":{"type":"Polygon","coordinates":[[[0.0,61.0],[0.0,60.0],[3.01,58.28],[5.0,57.0],[5.0,55.0],[-5.5,55.0],[-5.5,53.92],[-8.17,54.42],[-6.92,55.33],[-7.33,55.42],[-8.25,55.33],[-9.0,54.75],[-10.0,54.57],[-10.0,61.0],[0.0,61.0]]]}},{"type":"Feature","properties":{"icao":"EGTT"},"geometry":{"type":"Polygon","coordinates":[[[5.0,55.0],[3.62,53.47],[2.0,51.5],[2.0,51.12],[1.47,51.0],[1.47,50.67],[-0.25,50.0],[-2.0,50.0],[-8.0,48.83],[-8.0,51.0],[-5.5,52.33],[-5.5,55.0],[5.0,55.0]]]}},{"type":"Feature","properties":{"icao":"EHAA"},"geometry":{"type":"Polygon","coordinates":[[[5.0,55.0],[6.5,55.0],[6.5,53.67],[6.67,53.52],[6.82,53.5],[6.99,53.34],[7.19,53.3],[7.23,53.19],[7.18,53.14],[7.22,53.0],[7.09,52.85],[7.06,52.64],[6.74,52.65],[6.71,52.63],[6.72,52.59],[6.77,52.57],[6.68,52.55],[6.71,52.53],[6.7,52.49],[6.77,52.46],[6.96,52.44],[7.0,52.47],[7.08,52.37],[7.03,52.3],[7.06,52.24],[6.99,52.23],[6.86,52.12],[6.76,52.12],[6.74,52.08],[6.7,52.08],[6.69,52.04],[6.84,51.97],[6.74,51.9],[6.67,51.92],[6.5,51.86],[6.4,51.88],[6.41,51.83],[6.17,51.9],[6.11,51.9],[6.17,51.85],[6.07,51.87],[5.95,51.83],[5.99,51.78],[5.96,51.74],[6.05,51.72],[6.03,51.68],[6.12,51.66],[6.1,51.61],[6.23,51.47],[6.21,51.42],[6.23,51.36],[6.07,51.22],[6.09,51.17],[6.17,51.2],[6.14,51.18],[6.17,51.16],[6.0,51.09],[5.96,51.04],[5.92,51.07],[5.87,51.05],[5.91,50.99],[5.89,50.98],[6.03,50.99],[6.02,50.94],[6.09,50.92],[6.08,50.85],[6.03,50.85],[6.01,50.8],[5.98,50.81],[6.03,50.75],[5.77,50.78],[5.68,50.76],[5.7,50.81],[5.65,50.84],[5.65,50.88],[5.75,50.94],[5.76,50.96],[5.72,50.96],[5.8,51.1],[5.84,51.11],[5.81,51.11],[5.84,51.16],[5.6,51.2],[5.56,51.27],[5.49,51.3],[5.24,51.26],[5.22,51.27],[5.24,51.31],[5.14,51.32],[5.08,51.39],[5.08,51.47],[5.04,51.49],[4.93,51.4],[4.79,51.41],[4.77,51.43],[4.83,51.42],[4.83,51.48],[4.78,51.51],[4.66,51.42],[4.56,51.43],[4.54,51.48],[4.48,51.48],[4.38,51.44],[4.42,51.36],[4.25,51.38],[4.27,51.35],[4.12,51.27],[3.97,51.22],[3.8,51.21],[3.78,51.27],[3.59,51.31],[3.52,51.3],[3.53,51.25],[3.43,51.25],[3.36,51.3],[3.39,51.34],[3.37,51.37],[2.0,51.5],[3.62,53.47],[5.0,55.0]]]}},{"type":"Feature","properties":{"icao":"EISN"},"geometry":{"type":"Polygon","coordinates":[[[-6.92,55.33],[-8.17,54.42],[-5.5,53.92],[-5.5,52.33],[-8.0,51.0],[-15.0,51.0],[-15.0,54.0],[-12.0,54.37],[-10.0,54.57],[-9.0,54.75],[-8.25,55.33],[-7.33,55.42],[-6.92,55.33]]]}},{"type":"Feature","properties":{"icao":"EKDK"},"geometry":{"type":"MultiPolygon","coordinates":[[[[9.44,54.81],[9.42,54.83],[9.47,54.85],[9.29,54.8],[9.22,54.86],[9.12,54.88],[8.65,54.91],[8.39,55.07],[8.0,55.0],[5.0,55.0],[5.0,57.0],[7.5,57.0],[8.8,57.68],[10.5,58.5],[11.5,57.32],[12.37,56.21],[12.66,56.03],[12.7,55.95],[12.67,55.9],[12.85,55.75],[12.88,55.61],[12.78,55.57],[12.72,55.49],[12.61,55.43],[12.85,54.92],[12.0,54.45],[11.67,54.46],[11.0,54.64],[10.5,54.66],[10.15,54.75],[10.05,54.76],[10.02,54.7],[9.93,54.8],[9.84,54.76],[9.8,54.8],[9.61,54.83],[9.59,54.85],[9.62,54.88],[9.44,54.81]]],[[[9.44,54.81],[9.44,54.8],[9.43,54.81],[9.44,54.81]]],[[[9.9,54.77],[9.91,54.78],[9.91,54.77],[9.9,54.77]]]]}},{"type":"Feature","properties":{"icao":"ENOB"},"geometry":{"type":"Polygon","coordinates":[[[0.0,82.0],[30.0,82.0],[30.0,71.0],[28.0,71.33],[25.0,71.33],[17.99,70.48],[15.0,70.0],[9.42,67.25],[7.71,66.21],[7.0,65.75],[6.27,65.13],[5.01,64.0],[4.05,63.05],[0.0,63.25],[0.0,82.0]]]}},{"type":"Feature","properties":{"icao":"ENOR"},"geometry":{"type":"Polygon","coordinates":[[[0.0,63.25],[4.05,63.05],[5.01,64.0],[6.27,65.13],[7.0,65.75],[7.71,66.21],[9.42,67.25],[15.0,70.0],[17.99,70.48],[25.0,71.33],[28.0,71.33],[30.0,71.0],[31.72,70.37],[30.83,69.8],[30.89,69.74],[30.88,69.71],[30.93,69.69],[30.93,69.57],[30.82,69.54],[30.54,69.54],[30.19,69.67],[30.1,69.66],[30.15,69.64],[30.19,69.56],[30.13,69.47],[29.97,69.41],[29.83,69.42],[29.62,69.33],[29.31,69.3],[29.29,69.25],[29.33,69.23],[29.26,69.12],[29.04,69.02],[28.83,69.09],[28.82,69.23],[29.34,69.48],[29.14,69.7],[28.43,69.82],[28.35,69.85],[28.35,69.88],[28.12,69.95],[28.0,70.02],[27.96,70.1],[27.58,70.08],[27.52,70.03],[27.06,69.91],[26.68,69.97],[26.46,69.94],[26.45,69.91],[26.41,69.91],[26.4,69.86],[26.26,69.82],[26.16,69.75],[25.98,69.72],[25.9,69.67],[25.96,69.65],[25.98,69.61],[25.85,69.55],[25.88,69.52],[25.87,69.48],[25.81,69.43],[25.84,69.39],[25.76,69.34],[25.75,69.28],[25.71,69.26],[25.78,69.02],[25.63,68.89],[25.48,68.91],[25.14,68.8],[25.1,68.69],[25.12,68.65],[24.92,68.61],[24.9,68.56],[24.78,68.64],[24.65,68.68],[24.24,68.73],[24.14,68.76],[24.15,68.8],[24.05,68.8],[23.96,68.84],[23.77,68.82],[23.66,68.71],[23.45,68.7],[23.16,68.63],[23.04,68.7],[22.8,68.69],[22.52,68.74],[22.37,68.72],[22.34,68.83],[22.17,68.96],[21.64,69.27],[21.29,69.31],[21.02,69.22],[21.07,69.12],[21.13,69.1],[21.06,69.04],[20.72,69.12],[20.56,69.06],[20.06,69.06],[20.34,68.93],[20.35,68.81],[20.21,68.68],[19.97,68.56],[20.26,68.49],[19.96,68.35],[18.99,68.52],[18.62,68.51],[18.42,68.58],[18.13,68.54],[18.11,68.41],[18.16,68.2],[17.9,67.97],[17.28,68.12],[16.92,67.96],[16.74,67.92],[16.58,67.66],[16.48,67.58],[16.4,67.53],[16.17,67.52],[16.1,67.43],[16.41,67.2],[16.4,67.04],[16.06,66.91],[15.63,66.59],[15.38,66.48],[15.49,66.28],[15.0,66.14],[14.52,66.13],[14.62,65.81],[14.54,65.69],[14.5,65.48],[14.51,65.3],[14.39,65.25],[14.34,65.12],[13.64,64.59],[14.1,64.47],[14.13,64.19],[13.96,64.01],[13.2,64.1],[12.92,64.06],[12.69,63.98],[12.26,63.65],[12.15,63.6],[12.21,63.48],[11.98,63.27],[12.22,63.0],[12.08,62.9],[12.14,62.76],[12.05,62.61],[12.31,62.27],[12.13,61.73],[12.42,61.56],[12.58,61.57],[12.87,61.36],[12.79,61.19],[12.7,61.14],[12.68,61.06],[12.39,61.05],[12.22,61.01],[12.33,60.91],[12.34,60.83],[12.41,60.73],[12.6,60.54],[12.61,60.41],[12.5,60.32],[12.49,60.28],[12.54,60.19],[12.45,60.04],[12.18,59.89],[11.94,59.9],[11.85,59.85],[11.94,59.79],[11.95,59.75],[11.94,59.7],[11.89,59.69],[11.87,59.65],[11.75,59.64],[11.7,59.6],[11.83,59.33],[11.83,59.24],[11.79,59.21],[11.78,59.09],[11.66,58.9],[11.46,58.89],[11.47,59.0],[11.34,59.11],[11.21,59.09],[11.12,59.0],[11.19,58.99],[10.64,58.89],[10.5,58.5],[8.8,57.68],[7.5,57.0],[5.0,57.0],[3.01,58.28],[0.0,60.0],[0.0,63.25]]]}},{"type":"Feature","properties":{"icao":"EPWW"},"geometry":{"type":"Polygon","coordinates":[[[17.33,50.32],[17.27,50.32],[17.18,50.37],[17.19,50.39],[17.04,50.4],[16.91,50.45],[16.86,50.41],[16.91,50.38],[16.94,50.31],[17.01,50.29],[17.02,50.22],[16.95,50.24],[16.88,50.2],[16.84,50.21],[16.76,50.13],[16.67,50.1],[16.58,50.14],[16.56,50.22],[16.44,50.32],[16.39,50.32],[16.36,50.38],[16.28,50.37],[16.21,50.41],[16.2,50.45],[16.23,50.44],[16.22,50.46],[16.31,50.51],[16.36,50.5],[16.4,50.57],[16.45,50.57],[16.35,50.66],[16.23,50.67],[16.21,50.63],[16.1,50.66],[16.05,50.61],[15.99,50.61],[15.99,50.69],[15.86,50.67],[15.81,50.76],[15.7,50.74],[15.45,50.82],[15.38,50.78],[15.36,50.84],[15.28,50.89],[15.28,50.98],[15.24,51.0],[15.18,50.98],[15.17,51.02],[15.13,50.99],[15.01,51.03],[14.97,50.99],[15.02,50.97],[14.98,50.93],[15.0,50.87],[14.82,50.87],[14.98,51.08],[15.04,51.27],[14.96,51.36],[14.96,51.46],[14.75,51.52],[14.71,51.56],[14.76,51.6],[14.75,51.67],[14.59,51.82],[14.69,51.9],[14.72,51.95],[14.71,52.01],[14.76,52.07],[14.68,52.11],[14.68,52.2],[14.71,52.24],[14.57,52.29],[14.53,52.39],[14.63,52.5],[14.6,52.53],[14.64,52.58],[14.46,52.66],[14.38,52.74],[14.12,52.84],[14.16,52.88],[14.14,52.96],[14.34,53.05],[14.39,53.14],[14.38,53.21],[14.45,53.26],[14.41,53.3],[14.35,53.5],[14.3,53.54],[14.32,53.6],[14.28,53.63],[14.27,53.7],[14.22,53.7],[14.27,53.75],[14.23,53.76],[14.24,53.99],[14.2,54.13],[14.25,54.13],[14.36,54.92],[15.87,54.92],[17.55,55.85],[19.64,54.46],[20.54,54.37],[21.47,54.32],[22.77,54.36],[22.86,54.43],[23.0,54.39],[23.07,54.3],[23.16,54.31],[23.5,54.14],[23.52,54.04],[23.49,53.99],[23.56,53.85],[23.56,53.78],[23.61,53.74],[23.61,53.6],[23.8,53.27],[23.92,53.16],[23.88,53.09],[23.96,52.95],[23.93,52.89],[23.92,52.67],[23.56,52.61],[23.41,52.55],[23.29,52.45],[23.18,52.28],[23.21,52.27],[23.21,52.22],[23.36,52.21],[23.43,52.17],[23.51,52.18],[23.49,52.15],[23.55,52.11],[23.65,52.09],[23.7,52.0],[23.62,51.93],[23.64,51.88],[23.61,51.88],[23.61,51.84],[23.64,51.79],[23.54,51.75],[23.57,51.54],[23.67,51.49],[23.65,51.46],[23.71,51.4],[23.64,51.31],[23.72,51.27],[23.75,51.21],[23.87,51.16],[23.86,51.1],[23.92,51.07],[23.92,51.01],[23.97,50.99],[24.0,50.93],[24.15,50.86],[23.99,50.84],[23.96,50.8],[24.03,50.77],[24.02,50.73],[24.07,50.72],[24.06,50.69],[24.11,50.64],[24.06,50.46],[23.94,50.41],[23.79,50.42],[23.72,50.39],[23.7,50.34],[23.22,50.05],[22.68,49.57],[22.7,49.44],[22.81,49.33],[22.71,49.18],[22.9,49.1],[22.87,49.08],[22.9,49.01],[22.78,49.05],[22.68,49.04],[22.59,49.1],[22.43,49.1],[22.38,49.15],[22.24,49.15],[22.24,49.18],[22.05,49.22],[22.04,49.28],[21.97,49.35],[21.85,49.39],[21.77,49.36],[21.64,49.45],[21.44,49.41],[21.27,49.46],[21.22,49.4],[21.1,49.43],[21.06,49.42],[21.1,49.37],[20.96,49.3],[20.9,49.35],[20.8,49.34],[20.72,49.41],[20.73,49.43],[20.67,49.4],[20.62,49.42],[20.6,49.38],[20.45,49.42],[20.42,49.39],[20.33,49.4],[20.32,49.35],[20.22,49.35],[20.16,49.3],[20.15,49.32],[20.09,49.18],[19.99,49.23],[19.79,49.19],[19.77,49.24],[19.82,49.27],[19.79,49.4],[19.63,49.4],[19.64,49.45],[19.61,49.44],[19.56,49.49],[19.52,49.58],[19.42,49.6],[19.37,49.54],[19.27,49.54],[19.23,49.5],[19.23,49.45],[19.19,49.44],[19.2,49.41],[18.98,49.4],[18.96,49.52],[18.85,49.52],[18.81,49.68],[18.64,49.7],[18.62,49.78],[18.57,49.83],[18.6,49.86],[18.57,49.87],[18.57,49.92],[18.53,49.9],[18.36,49.94],[18.3,49.92],[18.21,50.0],[18.15,49.98],[18.04,50.06],[18.01,50.03],[18.05,50.04],[18.05,50.0],[18.0,50.02],[17.93,49.98],[17.83,49.98],[17.74,50.1],[17.59,50.15],[17.76,50.2],[17.73,50.25],[17.75,50.3],[17.69,50.33],[17.65,50.27],[17.43,50.25],[17.4,50.29],[17.35,50.26],[17.33,50.32]],[[17.33,50.32],[17.35,50.32],[17.35,50.33],[17.34,50.33],[17.33,50.32]]]}},{"type":"Feature","properties":{"icao":"ESAA"},"geometry":{"type":"Polygon","coordinates":[[[20.56,69.06],[20.82,69.02],[20.91,68.96],[20.85,68.93],[20.9,68.89],[21.14,68.86],[21.3,68.76],[21.39,68.76],[21.45,68.68],[21.61,68.67],[21.69,68.64],[21.71,68.59],[21.9,68.58],[22.04,68.48],[22.32,68.48],[22.36,68.44],[22.43,68.46],[22.64,68.43],[23.06,68.31],[23.15,68.24],[23.17,68.13],[23.31,68.15],[23.41,68.05],[23.66,67.96],[23.63,67.91],[23.51,67.87],[23.48,67.71],[23.53,67.63],[23.56,67.63],[23.54,67.59],[23.46,67.57],[23.48,67.54],[23.41,67.5],[23.44,67.46],[23.79,67.43],[23.76,67.38],[23.81,67.33],[23.76,67.28],[23.6,67.26],[23.58,67.22],[23.62,67.2],[23.58,67.16],[24.02,66.82],[23.89,66.76],[23.91,66.7],[23.88,66.56],[23.64,66.45],[23.68,66.39],[23.66,66.31],[23.72,66.22],[23.93,66.15],[23.94,66.08],[24.12,65.91],[24.17,65.8],[24.14,65.78],[24.14,65.51],[22.92,64.68],[21.5,63.62],[20.67,63.47],[20.57,63.42],[20.17,63.17],[20.01,62.83],[19.5,61.67],[19.09,60.19],[19.98,59.56],[21.0,59.0],[19.83,57.0],[18.02,56.1],[15.87,54.92],[12.85,54.92],[12.61,55.43],[12.72,55.49],[12.78,55.57],[12.88,55.61],[12.85,55.75],[12.67,55.9],[12.7,55.95],[12.66,56.03],[12.37,56.21],[11.5,57.32],[10.5,58.5],[10.64,58.89],[11.19,58.99],[11.12,59.0],[11.21,59.09],[11.37,59.1],[11.47,59.0],[11.46,58.89],[11.66,58.9],[11.78,59.09],[11.79,59.21],[11.83,59.24],[11.83,59.33],[11.7,59.6],[11.75,59.64],[11.87,59.65],[11.89,59.69],[11.94,59.7],[11.95,59.75],[11.94,59.79],[11.85,59.85],[11.94,59.9],[12.18,59.89],[12.35,59.97],[12.48,60.07],[12.54,60.19],[12.49,60.28],[12.51,60.34],[12.61,60.41],[12.61,60.52],[12.41,60.73],[12.34,60.83],[12.33,60.91],[12.22,61.01],[12.39,61.05],[12.68,61.06],[12.7,61.14],[12.79,61.19],[12.87,61.36],[12.58,61.57],[12.42,61.56],[12.13,61.73],[12.31,62.27],[12.05,62.61],[12.14,62.76],[12.08,62.9],[12.22,63.0],[11.98,63.27],[12.21,63.48],[12.15,63.6],[12.26,63.65],[12.69,63.98],[12.92,64.06],[13.2,64.1],[13.96,64.01],[14.13,64.19],[14.1,64.47],[13.64,64.59],[14.34,65.12],[14.39,65.25],[14.51,65.3],[14.5,65.48],[14.54,65.69],[14.62,65.81],[14.52,66.13],[15.0,66.14],[15.49,66.28],[15.38,66.48],[15.63,66.59],[16.06,66.91],[16.4,67.04],[16.41,67.2],[16.1,67.43],[16.17,67.52],[16.4,67.53],[16.48,67.58],[16.58,67.66],[16.74,67.92],[16.92,67.96],[17.28,68.12],[17.9,67.97],[18.16,68.2],[18.11,68.41],[18.13,68.54],[18.42,68.58],[18.62,68.51],[18.99,68.52],[19.96,68.35],[20.26,68.49],[19.97,68.56],[20.21,68.68],[20.35,68.81],[20.34,68.93],[20.06,69.06],[20.56,69.06]]]}},{"type":"Feature","properties":{"icao":"EVRR"},"geometry":{"type":"MultiPolygon","coordinates":[[[[21.21,56.08],[20.67,56.07],[18.51,56.35],[19.83,57.0],[20.64,58.41],[21.48,58.12],[21.61,57.9],[21.72,57.79],[21.92,57.75],[22.14,57.78],[22.58,57.93],[22.71,57.94],[23.18,57.59],[23.41,57.59],[23.58,57.67],[23.65,57.78],[23.6,57.9],[24.26,57.92],[24.41,57.86],[24.53,57.95],[24.63,57.94],[24.77,57.99],[24.83,57.97],[25.2,58.09],[25.26,57.99],[25.3,57.99],[25.3,58.04],[25.26,58.06],[25.3,58.08],[25.36,58.03],[25.47,58.01],[25.44,58.0],[25.49,57.97],[25.59,57.97],[25.58,57.94],[25.68,57.9],[25.76,57.92],[25.82,57.86],[26.06,57.85],[26.03,57.77],[26.2,57.72],[26.19,57.69],[26.28,57.59],[26.47,57.58],[26.5,57.52],[26.56,57.51],[26.59,57.54],[26.62,57.51],[26.61,57.53],[26.68,57.57],[26.78,57.56],[26.9,57.63],[27.33,57.52],[27.56,57.54],[27.525,57.43],[27.67,57.4],[27.68,57.37],[27.87,57.3],[27.82,57.14],[27.72,57.1],[27.75,57.09],[27.75,57.05],[27.71,57.01],[27.77,57.0],[27.74,56.92],[27.67,56.9],[27.66,56.84],[27.85,56.88],[27.9,56.82],[27.97,56.84],[27.98,56.81],[27.9,56.75],[28.01,56.68],[28.05,56.58],[28.14,56.58],[28.09,56.51],[28.13,56.52],[28.19,56.45],[28.16,56.38],[28.24,56.29],[28.18,56.23],[28.2,56.21],[28.17,56.17],[28.04,56.12],[27.99,56.13],[27.91,56.05],[27.81,56.04],[27.83,56.02],[27.8,55.98],[27.65,55.93],[27.6,55.78],[27.39,55.81],[27.25,55.79],[27.17,55.85],[27.11,55.85],[26.92,55.79],[26.87,55.71],[26.79,55.68],[26.65,55.71],[26.6,55.67],[26.39,55.7],[26.31,55.74],[26.23,55.84],[26.1,55.89],[26.05,55.95],[25.7,56.08],[25.67,56.15],[25.6,56.13],[25.54,56.17],[25.5,56.14],[25.31,56.14],[25.25,56.19],[25.1,56.18],[25.06,56.27],[24.97,56.31],[24.97,56.37],[24.91,56.41],[24.91,56.45],[24.85,56.44],[24.86,56.41],[24.63,56.38],[24.55,56.28],[24.42,56.26],[24.28,56.3],[24.18,56.25],[24.05,56.28],[24.02,56.33],[23.77,56.32],[23.78,56.37],[23.56,56.33],[23.39,56.38],[23.17,56.37],[23.18,56.33],[23.09,56.3],[23.01,56.35],[23.0,56.41],[22.94,56.41],[22.9,56.37],[22.67,56.35],[22.44,56.41],[22.34,56.39],[22.02,56.43],[21.98,56.38],[21.83,56.37],[21.73,56.31],[21.56,56.32],[21.23,56.16],[21.21,56.08]]],[[[26.74,57.58],[26.73,57.58],[26.74,57.59],[26.74,57.58]]],[[[27.77,57.08],[27.76,57.09],[27.77,57.09],[27.77,57.08]]]]}},{"type":"Feature","properties":{"icao":"EYVL"},"geometry":{"type":"Polygon","coordinates":[[[20.67,56.07],[21.21,56.08],[21.23,56.16],[21.56,56.32],[21.73,56.31],[21.82,56.37],[21.95,56.37],[22.01,56.42],[22.08,56.43],[22.59,56.39],[22.67,56.35],[22.9,56.37],[22.94,56.41],[23.0,56.41],[23.01,56.35],[23.09,56.3],[23.18,56.33],[23.17,56.37],[23.39,56.38],[23.53,56.33],[23.78,56.37],[23.77,56.32],[24.02,56.33],[24.05,56.28],[24.18,56.25],[24.29,56.3],[24.42,56.26],[24.55,56.28],[24.63,56.38],[24.86,56.41],[24.85,56.44],[24.91,56.45],[24.91,56.41],[24.97,56.37],[24.97,56.31],[25.06,56.27],[25.1,56.18],[25.25,56.19],[25.31,56.14],[25.5,56.14],[25.54,56.17],[25.6,56.13],[25.67,56.15],[25.7,56.08],[26.05,55.95],[26.39,55.7],[26.63,55.68],[26.63,55.58],[26.52,55.52],[26.56,55.39],[26.45,55.35],[26.59,55.32],[26.67,55.35],[26.85,55.31],[26.87,55.28],[26.74,55.26],[26.73,55.21],[26.67,55.2],[26.68,55.15],[26.3,55.13],[26.26,55.11],[26.28,55.09],[26.22,54.99],[26.07,54.94],[25.99,54.96],[25.91,54.94],[25.75,54.82],[25.76,54.59],[25.62,54.47],[25.64,54.42],[25.56,54.33],[25.69,54.32],[25.77,54.25],[25.81,54.25],[25.78,54.23],[25.79,54.17],[25.66,54.14],[25.54,54.16],[25.52,54.18],[25.59,54.24],[25.5,54.32],[25.23,54.26],[25.05,54.13],[24.97,54.16],[24.85,54.14],[24.8,54.08],[24.84,54.01],[24.76,53.96],[24.69,53.96],[24.72,54.01],[24.68,54.02],[24.43,53.91],[24.25,53.92],[24.16,53.96],[24.0,53.94],[23.92,53.97],[23.81,53.94],[23.81,53.9],[23.77,53.93],[23.61,53.92],[23.51,53.97],[23.5,54.14],[23.36,54.23],[23.24,54.25],[23.16,54.31],[23.07,54.3],[23.0,54.39],[22.86,54.43],[22.77,54.37],[22.7,54.47],[22.69,54.6],[22.75,54.63],[22.73,54.71],[22.89,54.79],[22.89,54.83],[22.85,54.9],[22.76,54.92],[22.77,54.94],[22.71,54.98],[22.66,54.97],[22.59,55.07],[22.49,55.05],[22.28,55.07],[22.07,55.03],[22.03,55.05],[22.03,55.09],[21.91,55.08],[21.63,55.19],[21.5,55.19],[21.39,55.29],[21.3,55.26],[20.96,55.28],[18.02,56.1],[18.51,56.35],[20.67,56.07]]]}},{"type":"Feature","properties":{"icao":"FACA"},"geometry":{"type":"Polygon","coordinates":[[[15.0,-30.5],[21.27,-30.51],[23.77,-31.33],[26.0,-30.93],[28.29,-30.47],[29.52,-31.61],[32.0,-33.0],[28.0,-37.0],[15.0,-37.0],[15.0,-30.5]]]}},{"type":"Feature","properties":{"icao":"FAJA"},"geometry":{"type":"Polygon","coordinates":[[[15.0,-27.5],[21.0,-27.5],[21.0,-26.84],[21.17,-26.87],[21.42,-26.83],[21.67,-26.87],[21.78,-26.8],[21.78,-26.68],[21.96,-26.67],[22.06,-26.63],[22.24,-26.36],[22.37,-26.32],[22.36,-26.29],[22.4,-26.28],[22.42,-26.23],[22.55,-26.23],[22.58,-26.15],[22.67,-26.08],[22.67,-26.02],[22.72,-26.02],[22.75,-25.93],[22.72,-25.89],[22.79,-25.82],[22.74,-25.79],[22.82,-25.71],[22.81,-25.63],[22.85,-25.62],[22.82,-25.58],[22.86,-25.53],[22.85,-25.49],[22.9,-25.49],[22.91,-25.42],[22.98,-25.37],[23.01,-25.29],[23.06,-25.29],[23.05,-25.32],[23.08,-25.33],[23.2,-25.27],[23.36,-25.28],[23.41,-25.31],[23.46,-25.27],[23.5,-25.35],[23.56,-25.35],[23.59,-25.39],[23.62,-25.38],[23.63,-25.43],[23.66,-25.41],[23.7,-25.46],[23.74,-25.46],[23.91,-25.63],[24.01,-25.62],[24.01,-25.65],[24.07,-25.65],[24.16,-25.61],[24.36,-25.76],[24.47,-25.74],[24.65,-25.82],[24.9,-25.81],[25.04,-25.72],[25.13,-25.76],[25.33,-25.77],[25.44,-25.73],[25.59,-25.62],[25.65,-25.51],[25.71,-25.28],[25.89,-24.89],[25.86,-24.76],[25.93,-24.72],[26.42,-24.64],[26.59,-24.41],[26.67,-24.39],[26.68,-24.34],[26.74,-24.3],[26.79,-24.31],[26.86,-24.27],[26.87,-24.1],[26.92,-24.02],[26.96,-23.75],[27.01,-23.64],[27.04,-23.68],[27.08,-23.66],[27.06,-23.62],[27.11,-23.57],[27.16,-23.57],[27.14,-23.55],[27.15,-23.52],[27.21,-23.54],[27.19,-23.51],[27.31,-23.46],[27.33,-23.41],[27.38,-23.43],[27.38,-23.4],[27.41,-23.4],[27.42,-23.43],[27.44,-23.39],[27.53,-23.39],[27.6,-23.22],[27.7,-23.21],[27.74,-23.24],[27.79,-23.18],[27.77,-23.14],[27.92,-23.08],[27.94,-22.96],[28.05,-22.91],[28.05,-22.83],[28.16,-22.77],[28.16,-22.71],[28.34,-22.58],[28.51,-22.59],[28.83,-22.49],[28.85,-22.45],[28.92,-22.46],[28.97,-22.38],[28.96,-22.32],[29.03,-22.22],[29.16,-22.21],[29.2,-22.18],[29.52,-22.18],[29.53,-22.15],[29.66,-22.13],[29.92,-22.19],[30.12,-22.31],[30.22,-22.29],[30.28,-22.35],[30.86,-22.29],[31.05,-22.34],[31.17,-22.33],[31.26,-22.36],[31.31,-22.42],[31.56,-23.18],[31.56,-23.47],[31.69,-23.62],[31.69,-23.71],[31.76,-23.88],[31.87,-23.95],[31.91,-24.19],[31.99,-24.3],[32.04,-25.19],[32.03,-25.37],[31.98,-25.46],[32.01,-25.65],[31.94,-25.85],[32.0,-25.99],[32.09,-26.01],[32.11,-26.17],[32.07,-26.31],[32.14,-26.54],[32.13,-26.83],[32.17,-26.86],[32.22,-26.83],[32.35,-26.86],[32.9,-26.86],[35.0,-27.83],[32.0,-33.0],[29.52,-31.61],[28.29,-30.47],[26.0,-30.93],[23.77,-31.33],[21.27,-30.51],[15.0,-30.5],[15.0,-27.5]]]}},{"type":"Feature","properties":{"icao":"FAJO"},"geometry":{"type":"Polygon","coordinates":[[[35.0,-27.83],[40.0,-30.0],[57.0,-30.0],[57.0,-45.0],[75.0,-45.0],[75.0,-90.0],[-10.0,-90.0],[-10.0,-20.0],[-5.0,-18.0],[10.0,-18.0],[10.0,-27.5],[15.0,-27.5],[15.0,-37.0],[28.0,-37.0],[32.0,-33.0],[35.0,-27.83]]]}},{"type":"Feature","properties":{"icao":"FBGR"},"geometry":{"type":"MultiPolygon","coordinates":[[[[21.0,-18.32],[21.47,-18.32],[23.08,-18.0],[23.3,-18.0],[23.41,-18.18],[23.4,-18.21],[23.46,-18.2],[23.45,-18.23],[23.53,-18.27],[23.57,-18.48],[23.62,-18.5],[23.68,-18.44],[23.77,-18.41],[23.94,-18.2],[24.06,-18.14],[24.06,-18.11],[24.13,-18.1],[24.19,-18.02],[24.3,-18.03],[24.36,-17.95],[24.42,-17.95],[24.46,-17.96],[24.49,-18.05],[24.58,-18.07],[24.66,-17.94],[24.71,-17.94],[24.74,-17.89],[24.78,-17.89],[24.91,-17.81],[24.98,-17.79],[25.0,-17.84],[25.04,-17.81],[25.05,-17.84],[25.1,-17.84],[25.16,-17.78],[25.27,-17.79],[25.24,-17.92],[25.32,-18.08],[25.4,-18.12],[25.52,-18.39],[25.71,-18.6],[25.79,-18.64],[25.82,-18.84],[25.96,-18.93],[25.99,-18.99],[25.96,-19.11],[26.07,-19.27],[26.16,-19.54],[26.24,-19.59],[26.31,-19.58],[26.35,-19.62],[26.32,-19.66],[26.38,-19.67],[26.44,-19.76],[26.57,-19.8],[26.62,-19.89],[26.7,-19.89],[26.72,-19.94],[26.8,-19.95],[26.8,-19.98],[27.06,-20.02],[27.12,-20.09],[27.22,-20.1],[27.3,-20.3],[27.28,-20.5],[27.48,-20.47],[27.72,-20.51],[27.7,-20.61],[27.73,-20.79],[27.69,-20.88],[27.69,-21.08],[27.9,-21.3],[28.02,-21.58],[28.33,-21.6],[28.49,-21.67],[28.59,-21.63],[28.79,-21.74],[29.0,-21.77],[29.08,-21.82],[29.02,-21.91],[29.06,-22.04],[29.13,-22.08],[29.26,-22.07],[29.36,-22.2],[29.2,-22.18],[29.16,-22.21],[29.03,-22.22],[28.96,-22.32],[28.97,-22.38],[28.92,-22.46],[28.85,-22.45],[28.83,-22.49],[28.51,-22.59],[28.38,-22.57],[28.27,-22.62],[28.16,-22.71],[28.16,-22.77],[28.05,-22.83],[28.05,-22.91],[27.94,-22.96],[27.92,-23.08],[27.77,-23.14],[27.79,-23.18],[27.74,-23.24],[27.7,-23.21],[27.6,-23.22],[27.53,-23.39],[27.44,-23.39],[27.42,-23.43],[27.41,-23.4],[27.38,-23.4],[27.38,-23.43],[27.33,-23.41],[27.31,-23.46],[27.19,-23.51],[27.21,-23.54],[27.15,-23.52],[27.16,-23.57],[27.11,-23.57],[27.06,-23.62],[27.08,-23.66],[27.03,-23.68],[27.01,-23.64],[26.96,-23.75],[26.92,-24.02],[26.87,-24.1],[26.87,-24.26],[26.79,-24.31],[26.74,-24.3],[26.68,-24.34],[26.67,-24.39],[26.59,-24.41],[26.42,-24.64],[25.93,-24.72],[25.86,-24.76],[25.89,-24.89],[25.71,-25.28],[25.65,-25.51],[25.59,-25.62],[25.44,-25.73],[25.33,-25.77],[25.13,-25.76],[25.04,-25.72],[24.9,-25.81],[24.65,-25.82],[24.47,-25.74],[24.36,-25.76],[24.16,-25.61],[24.07,-25.65],[24.01,-25.65],[24.01,-25.62],[23.91,-25.63],[23.74,-25.46],[23.7,-25.46],[23.66,-25.41],[23.63,-25.43],[23.62,-25.38],[23.59,-25.39],[23.56,-25.35],[23.5,-25.35],[23.46,-25.27],[23.42,-25.31],[23.2,-25.27],[23.08,-25.33],[23.05,-25.32],[23.06,-25.29],[23.01,-25.29],[22.98,-25.37],[22.91,-25.42],[22.9,-25.49],[22.85,-25.49],[22.86,-25.53],[22.82,-25.58],[22.85,-25.62],[22.81,-25.63],[22.82,-25.71],[22.74,-25.79],[22.79,-25.82],[22.72,-25.89],[22.75,-25.91],[22.72,-26.02],[22.67,-26.02],[22.67,-26.08],[22.58,-26.15],[22.55,-26.23],[22.42,-26.23],[22.4,-26.28],[22.36,-26.29],[22.37,-26.32],[22.24,-26.36],[22.06,-26.63],[21.96,-26.67],[21.78,-26.68],[21.78,-26.8],[21.67,-26.87],[21.42,-26.83],[21.14,-26.87],[20.88,-26.8],[20.69,-26.91],[20.69,-26.85],[20.63,-26.8],[20.61,-26.47],[20.79,-26.28],[20.86,-26.12],[20.82,-26.11],[20.84,-25.96],[20.8,-25.91],[20.79,-25.8],[20.74,-25.82],[20.76,-25.78],[20.68,-25.69],[20.69,-25.63],[20.66,-25.63],[20.69,-25.58],[20.63,-25.53],[20.64,-25.47],[20.68,-25.45],[20.63,-25.46],[20.63,-25.42],[20.56,-25.38],[20.55,-25.32],[20.52,-25.32],[20.54,-25.29],[20.45,-25.21],[20.47,-25.15],[20.43,-25.15],[20.39,-25.04],[20.26,-24.92],[20.18,-24.91],[20.0,-24.77],[20.0,-22.0],[21.0,-22.0],[21.0,-18.32]]],[[[24.78,-17.87],[24.77,-17.88],[24.77,-17.87],[24.78,-17.87]]]]}},{"type":"Feature","properties":{"icao":"FCCC"},"geometry":{"type":"MultiPolygon","coordinates":[[[[6.58,3.0],[8.54,4.7],[8.55,4.81],[8.63,4.83],[8.6,4.88],[8.65,4.91],[8.72,5.07],[8.82,5.18],[8.84,5.46],[8.91,5.58],[8.82,5.69],[8.87,5.79],[8.84,5.83],[9.14,6.07],[9.21,6.17],[9.27,6.18],[9.34,6.29],[9.34,6.35],[9.43,6.32],[9.47,6.45],[9.57,6.46],[9.6,6.53],[9.71,6.51],[9.78,6.8],[9.88,6.77],[10.15,7.04],[10.18,7.02],[10.17,6.94],[10.21,6.89],[10.47,6.92],[10.5,6.9],[10.56,7.0],[10.58,7.16],[10.63,7.05],[10.68,7.04],[10.77,6.95],[10.79,6.97],[10.85,6.93],[10.82,6.84],[10.92,6.76],[10.95,6.68],[11.0,6.68],[11.04,6.72],[11.11,6.68],[11.1,6.54],[11.17,6.56],[11.35,6.5],[11.36,6.53],[11.43,6.53],[11.43,6.6],[11.51,6.6],[11.56,6.72],[11.59,6.73],[11.57,6.78],[11.6,6.82],[11.56,6.87],[11.62,6.92],[11.63,6.98],[11.72,7.03],[11.72,7.06],[11.85,7.08],[11.8,7.24],[11.82,7.33],[11.95,7.49],[12.04,7.52],[12.04,7.73],[12.22,8.0],[24.97,8.0],[25.09,7.88],[25.19,7.9],[25.29,7.8],[25.28,7.7],[25.31,7.67],[25.17,7.57],[25.2,7.49],[25.28,7.48],[25.31,7.42],[25.34,7.42],[25.36,7.34],[25.45,7.31],[25.45,7.28],[25.53,7.28],[25.57,7.23],[25.82,7.15],[25.81,7.11],[25.89,7.1],[25.93,7.04],[26.05,7.0],[26.04,6.93],[26.09,6.91],[26.1,6.82],[26.18,6.81],[26.17,6.79],[26.27,6.7],[26.36,6.69],[26.42,6.64],[26.35,6.58],[26.33,6.5],[26.29,6.49],[26.32,6.43],[26.29,6.39],[26.38,6.31],[26.48,6.28],[26.49,6.21],[26.54,6.22],[26.45,6.09],[26.52,6.12],[26.56,6.03],[26.81,5.99],[26.84,5.89],[26.92,5.89],[26.93,5.86],[27.02,5.85],[27.05,5.79],[27.11,5.8],[27.16,5.77],[27.14,5.75],[27.22,5.69],[27.24,5.59],[27.28,5.59],[27.23,5.43],[27.25,5.33],[27.32,5.2],[27.46,5.07],[27.44,5.02],[27.43,5.08],[27.11,5.21],[26.93,5.13],[26.87,5.03],[26.79,5.06],[26.77,5.1],[26.63,5.07],[26.62,5.09],[26.58,5.06],[26.56,5.08],[26.51,5.04],[26.39,5.15],[26.3,5.14],[26.21,5.24],[26.16,5.23],[26.16,5.26],[26.09,5.24],[26.1,5.21],[26.07,5.19],[25.98,5.24],[25.97,5.19],[25.91,5.2],[25.92,5.18],[25.91,5.16],[25.88,5.22],[25.83,5.19],[25.82,5.25],[25.79,5.24],[25.8,5.25],[25.79,5.27],[25.75,5.24],[25.66,5.33],[25.63,5.3],[25.6,5.32],[25.62,5.35],[25.54,5.39],[25.55,5.35],[25.51,5.34],[25.49,5.37],[25.43,5.32],[25.37,5.32],[25.38,5.29],[25.32,5.2],[25.36,5.15],[25.33,5.04],[25.19,5.0],[25.15,5.03],[25.09,4.94],[25.01,4.99],[24.95,4.99],[24.94,4.96],[24.82,4.94],[24.8,4.91],[24.66,4.92],[24.68,4.96],[24.54,5.08],[24.44,5.1],[24.43,5.06],[24.39,5.11],[24.36,5.05],[24.41,5.03],[24.28,4.99],[24.28,4.94],[24.25,4.93],[24.24,4.96],[24.16,4.89],[24.09,4.91],[23.99,4.86],[23.96,4.88],[23.95,4.81],[23.83,4.83],[23.78,4.78],[23.72,4.79],[23.59,4.74],[23.43,4.65],[23.43,4.59],[23.33,4.6],[23.17,4.74],[23.09,4.71],[23.01,4.75],[22.97,4.84],[22.91,4.82],[22.86,4.7],[22.81,4.73],[22.78,4.7],[22.7,4.47],[22.6,4.47],[22.59,4.39],[22.62,4.35],[22.57,4.33],[22.54,4.2],[22.45,4.12],[22.34,4.11],[22.16,4.15],[22.12,4.2],[22.01,4.24],[21.95,4.22],[21.74,4.3],[21.65,4.31],[21.58,4.25],[21.42,4.26],[21.28,4.34],[21.21,4.29],[21.11,4.34],[21.08,4.39],[20.87,4.45],[20.79,4.41],[20.61,4.4],[20.46,4.5],[20.46,4.62],[20.34,4.76],[20.2,4.82],[20.04,4.96],[19.93,4.97],[19.82,5.1],[19.55,5.15],[19.49,5.12],[19.42,5.13],[19.24,5.01],[19.2,4.94],[19.11,4.93],[19.01,4.75],[18.83,4.56],[18.81,4.46],[18.75,4.37],[18.61,4.36],[18.55,4.32],[18.65,4.09],[18.65,3.96],[18.6,3.9],[18.59,3.75],[18.65,3.36],[18.64,3.19],[18.47,2.97],[18.44,2.79],[18.33,2.58],[18.24,2.51],[18.19,2.35],[18.09,2.24],[18.07,1.51],[18.01,1.43],[17.92,1.11],[17.86,1.05],[17.84,0.92],[17.9,0.78],[17.87,0.61],[17.96,0.49],[17.96,0.39],[17.8,0.18],[17.77,0.0],[17.71,-0.13],[17.74,-0.4],[17.7,-0.57],[17.46,-0.88],[17.32,-1.01],[17.11,-1.07],[16.85,-1.26],[16.54,-1.83],[16.36,-2.04],[16.24,-2.12],[16.19,-2.23],[16.18,-2.38],[16.24,-2.62],[16.18,-2.88],[16.18,-3.25],[16.22,-3.3],[15.94,-3.84],[15.91,-3.95],[15.55,-4.05],[15.48,-4.25],[15.42,-4.3],[15.3,-4.28],[15.19,-4.35],[15.12,-4.48],[14.91,-4.68],[14.86,-4.81],[14.69,-4.92],[14.63,-4.92],[14.5,-4.85],[14.41,-4.89],[14.43,-4.65],[14.38,-4.63],[14.35,-4.56],[14.38,-4.52],[14.43,-4.52],[14.48,-4.44],[14.39,-4.34],[14.41,-4.28],[14.29,-4.32],[14.18,-4.4],[14.03,-4.42],[13.96,-4.52],[13.88,-4.5],[13.82,-4.42],[13.73,-4.45],[13.73,-4.71],[13.68,-4.71],[13.69,-4.77],[13.63,-4.74],[13.59,-4.82],[13.55,-4.81],[13.49,-4.87],[13.42,-4.87],[13.44,-4.92],[13.38,-4.87],[13.38,-4.81],[13.28,-4.77],[13.17,-4.62],[13.11,-4.59],[13.1,-4.65],[13.0,-4.58],[12.91,-4.47],[12.9,-4.41],[12.81,-4.42],[12.75,-4.37],[12.72,-4.43],[12.76,-4.49],[12.66,-4.49],[12.62,-4.56],[12.46,-4.6],[12.29,-4.82],[12.25,-4.82],[12.21,-4.77],[12.17,-4.9],[12.01,-5.03],[12.0,-5.08],[8.83,-5.5],[6.58,-4.17],[6.58,3.0]],[[26.78,5.08],[26.79,5.08],[26.79,5.09],[26.78,5.08]]],[[[26.22,5.21],[26.22,5.2],[26.21,5.21],[26.22,5.21]]]]}},{"type":"Feature","properties":{"icao":"FIMM"},"geometry":{"type":"Polygon","coordinates":[[[55.5,-10.0],[60.0,-10.0],[60.0,-6.0],[75.0,-6.0],[75.0,-45.0],[57.0,-45.0],[57.0,-22.33],[55.5,-19.0],[55.5,-10.0]]]}},{"type":"Feature","properties":{"icao":"FLFI"},"geometry":{"type":"Polygon","coordinates":[[[22.0,-13.0],[23.0,-13.0],[24.33,-11.0],[25.5,-12.0],[28.0,-12.0],[29.88,-8.12],[30.74,-8.11],[30.82,-8.33],[31.05,-8.61],[31.16,-8.63],[31.23,-8.59],[31.29,-8.63],[31.38,-8.59],[31.41,-8.64],[31.46,-8.64],[31.57,-8.71],[31.58,-8.84],[31.68,-8.91],[31.83,-8.89],[31.95,-8.94],[31.94,-9.03],[31.98,-9.07],[32.09,-9.05],[32.16,-9.06],[32.25,-9.13],[32.46,-9.13],[32.54,-9.25],[32.75,-9.28],[32.77,-9.32],[32.95,-9.4],[32.95,-9.49],[33.03,-9.51],[33.01,-9.64],[33.06,-9.63],[33.1,-9.69],[33.12,-9.6],[33.2,-9.61],[33.28,-9.81],[33.34,-9.82],[33.37,-9.86],[33.38,-9.92],[33.35,-9.94],[33.32,-10.07],[33.56,-10.22],[33.53,-10.33],[33.56,-10.41],[33.62,-10.45],[33.62,-10.5],[33.67,-10.53],[33.68,-10.58],[33.71,-10.57],[33.58,-10.68],[33.52,-10.78],[33.46,-10.82],[33.33,-10.83],[33.31,-10.87],[33.25,-10.89],[33.31,-10.94],[33.31,-11.01],[33.37,-11.14],[33.41,-11.15],[33.31,-11.33],[33.32,-11.36],[33.28,-11.38],[33.29,-11.43],[33.23,-11.41],[33.25,-11.53],[33.22,-11.59],[33.31,-11.59],[33.33,-11.78],[33.3,-11.87],[33.31,-12.0],[33.26,-12.14],[33.31,-12.16],[33.31,-12.25],[33.37,-12.35],[33.48,-12.32],[33.53,-12.33],[33.55,-12.37],[33.48,-12.41],[33.48,-12.45],[33.37,-12.55],[33.29,-12.53],[33.19,-12.64],[33.17,-12.6],[33.09,-12.59],[33.02,-12.65],[32.96,-12.75],[32.96,-12.85],[33.03,-12.91],[32.97,-13.11],[33.02,-13.21],[32.95,-13.26],[32.92,-13.41],[32.88,-13.46],[32.84,-13.46],[32.85,-13.51],[32.75,-13.58],[32.69,-13.56],[32.67,-13.61],[32.8,-13.65],[32.84,-13.72],[32.78,-13.77],[32.9,-13.82],[32.95,-13.89],[32.94,-13.93],[33.0,-13.95],[32.99,-14.01],[33.03,-14.05],[33.15,-13.93],[33.21,-14.0],[32.45,-14.28],[31.95,-14.41],[31.48,-14.62],[30.8,-14.78],[30.22,-15.0],[30.26,-15.21],[30.38,-15.34],[30.4,-15.48],[30.37,-15.55],[30.42,-15.62],[30.37,-15.65],[30.26,-15.63],[30.23,-15.66],[30.17,-15.62],[29.96,-15.64],[29.88,-15.61],[29.65,-15.66],[29.56,-15.64],[29.5,-15.69],[29.42,-15.69],[29.21,-15.77],[29.06,-15.88],[29.03,-15.94],[28.92,-15.94],[28.84,-16.06],[28.86,-16.12],[28.83,-16.22],[28.86,-16.26],[28.82,-16.3],[28.85,-16.38],[28.81,-16.5],[28.73,-16.56],[28.31,-16.7],[28.09,-16.85],[27.83,-16.96],[27.64,-17.23],[27.59,-17.38],[27.31,-17.6],[27.05,-17.96],[26.83,-17.99],[26.7,-18.08],[26.61,-18.06],[26.56,-17.99],[26.24,-17.92],[26.23,-17.89],[26.1,-17.93],[26.09,-17.98],[26.0,-17.98],[25.97,-18.01],[25.87,-17.98],[25.84,-17.89],[25.7,-17.82],[25.63,-17.85],[25.55,-17.84],[25.53,-17.87],[25.39,-17.86],[25.18,-17.77],[25.15,-17.71],[25.1,-17.71],[25.1,-17.65],[25.04,-17.62],[25.04,-17.59],[25.0,-17.6],[24.97,-17.56],[24.8,-17.54],[24.72,-17.5],[24.51,-17.55],[24.47,-17.49],[24.22,-17.48],[23.43,-17.64],[23.34,-17.55],[23.24,-17.55],[23.19,-17.48],[23.14,-17.47],[23.0,-17.28],[22.8,-17.17],[22.8,-17.13],[22.32,-16.64],[22.13,-16.5],[22.08,-16.27],[22.0,-16.21],[22.0,-13.0]],[[32.78,-13.78],[32.77,-13.77],[32.77,-13.78],[32.78,-13.78]]]}},{"type":"Feature","properties":{"icao":"FMMM"},"geometry":{"type":"Polygon","coordinates":[[[45.0,-10.0],[55.5,-10.0],[55.5,-19.0],[57.0,-22.33],[57.0,-30.0],[40.0,-30.0],[40.0,-20.0],[41.7,-17.22],[43.0,-15.0],[41.5,-11.0],[45.0,-10.0]]]}},{"type":"Feature","properties":{"icao":"FNAN"},"geometry":{"type":"Polygon","coordinates":[[[6.58,-4.17],[8.83,-5.5],[12.0,-5.08],[12.01,-5.03],[12.17,-4.9],[12.21,-4.77],[12.25,-4.82],[12.29,-4.82],[12.46,-4.6],[12.62,-4.56],[12.66,-4.49],[12.76,-4.49],[12.72,-4.42],[12.77,-4.37],[12.81,-4.42],[12.9,-4.41],[12.91,-4.47],[13.01,-4.59],[13.11,-4.65],[13.11,-4.68],[12.86,-4.74],[12.72,-4.95],[12.64,-4.95],[12.63,-5.02],[12.47,-5.08],[12.54,-5.14],[12.54,-5.73],[12.26,-5.74],[12.21,-5.77],[12.41,-6.02],[12.42,-5.98],[12.49,-5.99],[12.45,-6.06],[12.6,-5.99],[12.71,-6.0],[12.86,-5.91],[12.97,-5.91],[13.03,-5.87],[13.14,-5.9],[13.23,-5.86],[13.37,-5.9],[13.39,-5.87],[13.83,-5.88],[13.99,-5.84],[14.04,-5.88],[14.18,-5.86],[14.23,-5.89],[14.6,-5.91],[14.96,-5.87],[15.98,-5.88],[19.67,-6.8],[22.0,-7.34],[22.0,-9.0],[24.33,-11.0],[23.0,-13.0],[22.0,-13.0],[22.0,-16.21],[22.08,-16.27],[22.13,-16.5],[22.32,-16.64],[22.8,-17.13],[22.8,-17.17],[23.0,-17.28],[23.14,-17.47],[23.19,-17.48],[23.24,-17.55],[23.34,-17.55],[23.43,-17.64],[21.44,-18.02],[21.2,-17.93],[20.94,-17.97],[20.86,-18.04],[20.81,-18.04],[20.65,-17.98],[20.51,-17.97],[20.34,-17.87],[20.26,-17.87],[20.24,-17.9],[20.17,-17.88],[20.13,-17.91],[19.82,-17.87],[19.74,-17.91],[19.66,-17.85],[19.39,-17.87],[19.27,-17.82],[18.9,-17.82],[18.8,-17.78],[18.78,-17.74],[18.75,-17.75],[18.62,-17.64],[18.42,-17.39],[14.21,-17.38],[14.21,-17.41],[14.1,-17.44],[13.95,-17.43],[13.88,-17.35],[13.51,-17.14],[13.52,-17.09],[13.46,-17.01],[13.34,-16.97],[13.27,-17.0],[13.14,-16.96],[12.98,-16.98],[12.81,-17.12],[12.54,-17.25],[12.44,-17.26],[12.43,-17.21],[12.25,-17.24],[12.17,-17.16],[12.09,-17.14],[11.98,-17.17],[11.81,-17.27],[11.75,-17.25],[10.0,-18.0],[-5.0,-18.0],[-10.0,-20.0],[-10.0,-12.0],[-3.0,-9.53],[6.58,-5.87],[6.58,-4.17]]]}},{"type":"Feature","properties":{"icao":"FNAN"},"geometry":{"type":"Polygon","coordinates":[[[6.58,-4.17],[8.83,-5.5],[12.0,-5.08],[12.01,-5.03],[12.17,-4.9],[12.21,-4.77],[12.25,-4.82],[12.29,-4.82],[12.46,-4.6],[12.62,-4.56],[12.66,-4.49],[12.76,-4.49],[12.72,-4.43],[12.75,-4.37],[12.81,-4.42],[12.9,-4.41],[12.91,-4.47],[13.01,-4.59],[13.11,-4.65],[13.11,-4.68],[12.86,-4.74],[12.72,-4.95],[12.64,-4.95],[12.63,-5.02],[12.47,-5.08],[12.54,-5.14],[12.54,-5.73],[12.26,-5.74],[12.21,-5.77],[12.41,-6.02],[12.42,-5.98],[12.49,-5.99],[12.45,-6.06],[12.6,-5.99],[12.71,-6.0],[12.86,-5.91],[12.97,-5.91],[13.03,-5.87],[13.14,-5.9],[13.23,-5.86],[13.37,-5.9],[13.39,-5.87],[13.83,-5.88],[13.99,-5.84],[14.04,-5.88],[14.18,-5.86],[14.23,-5.89],[14.6,-5.91],[14.96,-5.87],[15.98,-5.88],[22.0,-9.0],[24.33,-11.0],[23.0,-13.0],[22.0,-13.0],[22.0,-16.21],[22.08,-16.27],[22.13,-16.5],[22.32,-16.64],[22.8,-17.13],[22.8,-17.17],[23.0,-17.28],[23.14,-17.47],[23.19,-17.48],[23.24,-17.55],[23.34,-17.55],[23.43,-17.64],[21.44,-18.02],[21.2,-17.93],[20.94,-17.97],[20.86,-18.04],[20.81,-18.04],[20.65,-17.98],[20.51,-17.97],[20.34,-17.87],[20.26,-17.87],[20.24,-17.9],[20.17,-17.88],[20.13,-17.91],[19.82,-17.87],[19.74,-17.91],[19.66,-17.85],[19.39,-17.87],[19.27,-17.82],[18.9,-17.82],[18.8,-17.78],[18.78,-17.74],[18.75,-17.75],[18.62,-17.64],[18.42,-17.39],[14.21,-17.38],[14.21,-17.41],[14.1,-17.44],[13.95,-17.43],[13.88,-17.35],[13.51,-17.14],[13.52,-17.09],[13.46,-17.01],[13.34,-16.97],[13.27,-17.0],[13.14,-16.96],[12.98,-16.98],[12.81,-17.12],[12.54,-17.25],[12.44,-17.26],[12.43,-17.21],[12.25,-17.24],[12.17,-17.16],[12.09,-17.14],[11.98,-17.17],[11.81,-17.27],[11.75,-17.25],[10.0,-18.0],[-5.0,-18.0],[-10.0,-20.0],[-10.0,-12.0],[-3.0,-9.53],[6.58,-5.87],[6.58,-4.17]]]}},{"type":"Feature","properties":{"icao":"FQBE"},"geometry":{"type":"Polygon","coordinates":[[[34.97,-11.57],[35.35,-11.56],[35.51,-11.58],[35.53,-11.61],[35.61,-11.6],[35.65,-11.59],[35.71,-11.48],[35.78,-11.47],[35.85,-11.41],[35.94,-11.42],[35.95,-11.48],[36.15,-11.57],[36.18,-11.6],[36.19,-11.72],[36.39,-11.68],[36.5,-11.69],[36.56,-11.75],[36.73,-11.69],[36.82,-11.58],[36.9,-11.61],[37.01,-11.6],[37.03,-11.57],[37.13,-11.69],[37.28,-11.71],[37.35,-11.69],[37.46,-11.73],[37.53,-11.66],[37.65,-11.65],[37.79,-11.57],[37.83,-11.53],[37.86,-11.33],[37.94,-11.28],[38.2,-11.27],[38.48,-11.42],[38.63,-11.29],[38.74,-11.28],[38.91,-11.17],[39.14,-11.15],[39.25,-11.18],[39.52,-10.99],[39.72,-10.94],[40.01,-10.81],[40.23,-10.61],[40.36,-10.57],[40.5,-10.42],[41.5,-11.0],[43.0,-15.0],[41.7,-17.22],[40.0,-20.0],[40.0,-30.0],[35.0,-27.83],[32.9,-26.86],[32.35,-26.86],[32.23,-26.83],[32.17,-26.86],[32.13,-26.83],[32.14,-26.54],[32.07,-26.31],[32.11,-26.17],[32.09,-26.01],[32.0,-25.99],[31.94,-25.85],[32.01,-25.65],[31.98,-25.46],[32.03,-25.37],[32.04,-25.19],[31.99,-24.3],[31.91,-24.19],[31.87,-23.95],[31.76,-23.88],[31.69,-23.71],[31.69,-23.62],[31.56,-23.47],[31.56,-23.18],[31.31,-22.42],[31.5,-22.26],[32.41,-21.32],[32.48,-21.33],[32.37,-21.14],[32.52,-20.91],[32.49,-20.62],[32.57,-20.56],[32.68,-20.55],[32.86,-20.3],[32.87,-20.24],[32.84,-20.21],[32.87,-20.19],[32.87,-20.11],[32.92,-20.12],[32.91,-20.06],[33.02,-20.0],[33.06,-19.8],[32.96,-19.72],[32.97,-19.65],[32.88,-19.69],[32.83,-19.67],[32.85,-19.48],[32.78,-19.47],[32.78,-19.35],[32.85,-19.29],[32.88,-19.1],[32.85,-19.02],[32.72,-19.02],[32.7,-18.94],[32.73,-18.93],[32.71,-18.83],[32.81,-18.78],[32.89,-18.8],[32.93,-18.77],[32.96,-18.7],[32.88,-18.52],[33.02,-18.47],[33.02,-18.39],[33.06,-18.36],[33.0,-18.3],[33.0,-18.17],[32.94,-17.99],[32.98,-17.92],[32.95,-17.91],[32.96,-17.82],[33.03,-17.76],[33.0,-17.72],[33.04,-17.64],[33.04,-17.6],[32.96,-17.53],[32.96,-17.48],[33.05,-17.35],[33.0,-17.31],[32.97,-17.13],[32.84,-16.93],[32.91,-16.89],[32.98,-16.71],[32.71,-16.69],[32.71,-16.6],[32.29,-16.43],[32.01,-16.44],[31.91,-16.41],[31.9,-16.35],[31.77,-16.24],[31.69,-16.2],[31.43,-16.16],[31.34,-16.05],[31.25,-16.0],[31.14,-15.98],[31.07,-16.02],[31.06,-16.0],[31.0,-16.06],[30.92,-16.0],[30.42,-16.0],[30.43,-15.63],[30.37,-15.55],[30.4,-15.48],[30.39,-15.38],[30.26,-15.21],[30.22,-15.0],[30.8,-14.78],[31.48,-14.62],[31.95,-14.41],[32.45,-14.28],[33.25,-14.0],[33.3,-14.04],[33.3,-14.16],[33.38,-14.22],[33.47,-14.4],[33.6,-14.48],[33.64,-14.58],[33.68,-14.6],[33.72,-15.0],[34.07,-15.86],[35.64,-16.13],[35.76,-16.07],[35.82,-16.02],[35.8,-15.95],[35.85,-15.51],[35.79,-15.17],[35.92,-14.89],[35.87,-14.89],[35.87,-14.67],[35.07,-13.67],[34.91,-13.53],[34.86,-13.46],[34.87,-13.39],[34.79,-13.33],[34.82,-13.09],[34.75,-12.97],[34.75,-12.91],[34.82,-12.7],[34.68,-12.43],[34.71,-12.43],[34.7,-12.19],[34.89,-12.03],[34.9,-11.91],[34.95,-11.82],[34.97,-11.57]]]}},{"type":"Feature","properties":{"icao":"FSSS"},"geometry":{"type":"Polygon","coordinates":[[[44.0,-2.0],[60.0,10.7],[60.0,-10.0],[45.0,-10.0],[44.0,-10.28],[44.0,-2.0]]]}},{"type":"Feature","properties":{"icao":"FTTT"},"geometry":{"type":"MultiPolygon","coordinates":[[[[11.42,22.0],[19.0,22.0],[24.0,19.5],[24.0,15.7],[23.67,15.76],[23.54,15.75],[23.42,15.69],[23.12,15.71],[23.0,15.58],[22.95,15.58],[22.92,15.49],[23.0,15.4],[23.0,15.23],[22.93,15.17],[22.94,15.11],[22.75,14.97],[22.76,14.9],[22.67,14.86],[22.72,14.69],[22.41,14.6],[22.38,14.51],[22.45,14.48],[22.46,14.32],[22.43,14.28],[22.48,14.23],[22.56,14.23],[22.58,14.18],[22.54,14.12],[22.23,13.95],[22.09,13.78],[22.13,13.72],[22.12,13.66],[22.22,13.55],[22.22,13.45],[22.28,13.39],[22.28,13.35],[22.13,13.16],[22.01,13.14],[21.93,13.05],[21.84,12.79],[21.93,12.64],[22.14,12.67],[22.2,12.71],[22.2,12.75],[22.46,12.62],[22.37,12.45],[22.42,12.39],[22.49,12.18],[22.46,12.03],[22.64,12.06],[22.55,11.69],[22.57,11.62],[22.66,11.52],[22.75,11.48],[22.79,11.4],[22.95,11.42],[22.95,11.31],[22.98,11.3],[22.99,11.2],[22.88,10.93],[22.89,10.89],[22.99,10.73],[23.13,10.64],[23.33,10.44],[23.67,9.89],[23.7,9.67],[23.63,9.56],[23.66,9.54],[23.63,9.47],[23.68,9.44],[23.64,9.34],[23.66,9.29],[23.54,9.17],[23.49,9.17],[23.45,9.03],[23.46,8.98],[23.5,8.96],[23.59,9.0],[23.59,8.92],[23.51,8.83],[23.52,8.73],[23.83,8.74],[24.13,8.69],[24.25,8.71],[24.23,8.63],[24.27,8.59],[24.17,8.48],[24.15,8.39],[24.2,8.3],[24.36,8.25],[24.48,8.28],[24.55,8.2],[24.65,8.23],[24.76,8.18],[24.86,8.18],[24.9,8.06],[24.97,8.0],[12.22,8.0],[12.21,8.11],[12.26,8.17],[12.24,8.44],[12.41,8.48],[12.47,8.62],[12.59,8.6],[12.69,8.66],[12.72,8.75],[12.8,8.77],[12.79,8.92],[12.85,8.97],[12.89,9.09],[12.9,9.36],[12.85,9.38],[13.04,9.51],[13.22,9.54],[13.25,9.59],[13.26,9.75],[13.3,9.8],[13.23,9.86],[13.28,9.96],[13.25,10.03],[13.33,10.12],[13.42,10.13],[13.46,10.19],[13.55,10.49],[13.53,10.61],[13.69,10.89],[13.69,10.97],[13.8,11.01],[13.98,11.31],[14.14,11.25],[14.29,11.36],[14.42,11.41],[14.45,11.46],[14.64,11.53],[14.64,11.64],[14.55,11.73],[14.61,11.77],[14.61,11.87],[14.66,11.96],[14.62,12.04],[14.68,12.17],[14.55,12.23],[14.55,12.28],[14.51,12.29],[14.49,12.35],[14.22,12.36],[14.17,12.41],[14.2,12.43],[14.17,12.47],[14.2,12.52],[14.09,13.08],[13.63,13.71],[13.34,13.71],[13.27,13.65],[13.27,13.59],[13.24,13.59],[13.2,13.51],[13.14,13.51],[13.14,13.54],[13.07,13.52],[13.06,13.55],[12.92,13.48],[12.88,13.5],[12.82,13.39],[12.69,13.31],[12.68,13.27],[12.65,13.3],[12.58,13.27],[12.54,13.21],[12.57,13.19],[12.56,13.16],[12.49,13.13],[12.48,13.06],[12.37,13.09],[12.33,13.07],[12.31,13.1],[12.27,13.08],[12.27,13.11],[12.21,13.12],[12.1,13.09],[11.88,13.25],[11.42,13.37],[11.42,22.0]],[[13.14,13.54],[13.15,13.54],[13.15,13.55],[13.14,13.54]]],[[[12.71,13.3],[12.72,13.31],[12.72,13.3],[12.71,13.3]]],[[[12.87,13.47],[12.88,13.48],[12.88,13.47],[12.87,13.47]]],[[[13.04,13.53],[13.05,13.53],[13.05,13.52],[13.04,13.53]]]]}},{"type":"Feature","properties":{"icao":"FVHF"},"geometry":{"type":"Polygon","coordinates":[[[30.42,-15.62],[30.42,-16.0],[30.92,-16.0],[30.98,-16.06],[31.14,-15.98],[31.25,-16.0],[31.34,-16.05],[31.43,-16.16],[31.69,-16.2],[31.77,-16.24],[31.9,-16.35],[31.91,-16.41],[32.01,-16.44],[32.29,-16.43],[32.71,-16.6],[32.71,-16.69],[32.98,-16.71],[32.91,-16.89],[32.84,-16.93],[32.97,-17.13],[33.0,-17.31],[33.05,-17.35],[32.96,-17.48],[32.96,-17.53],[33.04,-17.6],[33.04,-17.64],[33.0,-17.72],[33.03,-17.76],[32.96,-17.82],[32.95,-17.91],[32.98,-17.92],[32.94,-17.99],[33.0,-18.17],[33.0,-18.3],[33.06,-18.36],[33.02,-18.39],[33.02,-18.47],[32.88,-18.52],[32.96,-18.7],[32.93,-18.77],[32.89,-18.8],[32.81,-18.78],[32.71,-18.83],[32.73,-18.93],[32.7,-18.94],[32.72,-19.02],[32.85,-19.02],[32.88,-19.1],[32.85,-19.29],[32.78,-19.35],[32.78,-19.47],[32.85,-19.48],[32.83,-19.67],[32.88,-19.69],[32.97,-19.65],[32.96,-19.72],[33.06,-19.8],[33.02,-20.0],[32.91,-20.06],[32.92,-20.12],[32.87,-20.11],[32.87,-20.19],[32.84,-20.21],[32.87,-20.24],[32.86,-20.3],[32.68,-20.55],[32.57,-20.56],[32.49,-20.62],[32.52,-20.91],[32.37,-21.14],[32.48,-21.33],[32.41,-21.32],[31.5,-22.26],[31.31,-22.42],[31.26,-22.36],[31.17,-22.33],[31.05,-22.34],[30.86,-22.29],[30.28,-22.35],[30.22,-22.29],[30.12,-22.31],[30.01,-22.23],[29.77,-22.14],[29.63,-22.13],[29.53,-22.15],[29.52,-22.18],[29.36,-22.2],[29.08,-21.82],[29.0,-21.77],[28.79,-21.74],[28.59,-21.63],[28.49,-21.67],[28.33,-21.6],[28.02,-21.58],[27.9,-21.3],[27.69,-21.08],[27.69,-20.88],[27.73,-20.79],[27.7,-20.61],[27.72,-20.51],[27.48,-20.47],[27.28,-20.5],[27.3,-20.3],[27.22,-20.1],[27.12,-20.09],[27.06,-20.02],[26.8,-19.98],[26.8,-19.95],[26.72,-19.94],[26.7,-19.89],[26.62,-19.89],[26.57,-19.8],[26.44,-19.76],[26.38,-19.67],[26.32,-19.66],[26.35,-19.62],[26.31,-19.58],[26.24,-19.59],[26.16,-19.54],[26.07,-19.27],[25.96,-19.11],[25.99,-19.04],[25.96,-18.93],[25.82,-18.84],[25.79,-18.64],[25.71,-18.6],[25.52,-18.39],[25.4,-18.12],[25.32,-18.08],[25.24,-17.92],[25.26,-17.8],[25.39,-17.86],[25.51,-17.87],[25.7,-17.82],[25.84,-17.89],[25.86,-17.97],[25.92,-18.0],[26.09,-17.98],[26.1,-17.93],[26.23,-17.89],[26.24,-17.92],[26.56,-17.99],[26.61,-18.06],[26.68,-18.08],[26.83,-17.99],[27.05,-17.96],[27.31,-17.6],[27.59,-17.38],[27.64,-17.23],[27.83,-16.96],[28.09,-16.85],[28.31,-16.7],[28.73,-16.56],[28.82,-16.49],[28.85,-16.38],[28.82,-16.3],[28.86,-16.26],[28.83,-16.22],[28.86,-16.12],[28.84,-16.06],[28.92,-15.94],[29.03,-15.94],[29.06,-15.88],[29.21,-15.77],[29.42,-15.69],[29.5,-15.69],[29.56,-15.64],[29.65,-15.66],[29.88,-15.61],[29.96,-15.64],[30.17,-15.62],[30.23,-15.66],[30.26,-15.63],[30.37,-15.65],[30.42,-15.62]]]}},{"type":"Feature","properties":{"icao":"FWLL"},"geometry":{"type":"MultiPolygon","coordinates":[[[[32.78,-13.77],[32.84,-13.7],[32.79,-13.64],[32.68,-13.62],[32.68,-13.58],[32.75,-13.58],[32.85,-13.51],[32.84,-13.46],[32.88,-13.46],[32.92,-13.41],[32.95,-13.26],[33.02,-13.21],[32.97,-13.11],[33.03,-12.91],[32.96,-12.85],[32.96,-12.75],[33.07,-12.6],[33.17,-12.6],[33.19,-12.64],[33.26,-12.54],[33.37,-12.55],[33.48,-12.45],[33.48,-12.41],[33.55,-12.37],[33.53,-12.33],[33.48,-12.32],[33.37,-12.35],[33.31,-12.25],[33.31,-12.16],[33.26,-12.14],[33.31,-12.0],[33.3,-11.87],[33.33,-11.78],[33.31,-11.59],[33.22,-11.59],[33.25,-11.53],[33.23,-11.41],[33.29,-11.43],[33.28,-11.38],[33.32,-11.36],[33.31,-11.33],[33.41,-11.15],[33.37,-11.14],[33.31,-11.01],[33.31,-10.94],[33.25,-10.89],[33.31,-10.87],[33.33,-10.83],[33.46,-10.82],[33.52,-10.78],[33.58,-10.68],[33.71,-10.58],[33.68,-10.58],[33.67,-10.53],[33.62,-10.5],[33.62,-10.45],[33.56,-10.41],[33.53,-10.33],[33.56,-10.22],[33.32,-10.07],[33.35,-9.94],[33.38,-9.92],[33.37,-9.86],[33.34,-9.82],[33.28,-9.81],[33.22,-9.63],[33.12,-9.6],[33.1,-9.69],[33.06,-9.63],[33.01,-9.64],[33.03,-9.51],[32.95,-9.49],[32.94,-9.43],[33.0,-9.37],[33.14,-9.49],[33.33,-9.49],[33.42,-9.6],[33.49,-9.63],[33.58,-9.58],[33.7,-9.62],[33.76,-9.58],[33.92,-9.71],[33.97,-9.63],[33.96,-9.53],[34.04,-9.49],[34.31,-9.74],[34.39,-9.87],[34.51,-9.98],[34.57,-10.27],[34.54,-10.42],[34.58,-10.47],[34.55,-10.53],[34.6,-10.59],[34.65,-10.75],[34.65,-10.92],[34.6,-11.03],[34.61,-11.05],[34.63,-11.05],[34.64,-11.07],[34.63,-11.12],[34.69,-11.14],[34.78,-11.26],[34.78,-11.33],[34.91,-11.38],[34.96,-11.57],[34.95,-11.82],[34.9,-11.91],[34.89,-12.03],[34.7,-12.19],[34.71,-12.43],[34.68,-12.43],[34.82,-12.7],[34.75,-12.91],[34.75,-12.97],[34.82,-13.09],[34.79,-13.33],[34.87,-13.39],[34.86,-13.46],[34.91,-13.53],[35.07,-13.67],[35.87,-14.67],[35.87,-14.89],[35.92,-14.89],[35.79,-15.17],[35.85,-15.4],[35.8,-15.95],[35.82,-16.02],[35.64,-16.13],[34.07,-15.86],[33.72,-15.0],[33.68,-14.6],[33.64,-14.58],[33.62,-14.5],[33.47,-14.4],[33.38,-14.22],[33.3,-14.16],[33.3,-14.04],[33.21,-14.0],[33.15,-13.93],[33.03,-14.05],[32.99,-14.01],[33.0,-13.95],[32.94,-13.93],[32.95,-13.89],[32.9,-13.82],[32.78,-13.77]]],[[[32.77,-13.77],[32.78,-13.78],[32.77,-13.78],[32.77,-13.77]]]]}},{"type":"Feature","properties":{"icao":"FYWF"},"geometry":{"type":"Polygon","coordinates":[[[10.0,-18.0],[11.75,-17.25],[11.81,-17.27],[11.98,-17.17],[12.09,-17.14],[12.17,-17.16],[12.25,-17.24],[12.43,-17.21],[12.44,-17.26],[12.54,-17.25],[12.81,-17.12],[12.98,-16.98],[13.14,-16.96],[13.27,-17.0],[13.34,-16.97],[13.46,-17.01],[13.52,-17.09],[13.51,-17.14],[13.88,-17.35],[13.95,-17.43],[14.1,-17.44],[14.21,-17.41],[14.21,-17.38],[18.42,-17.39],[18.62,-17.64],[18.75,-17.75],[18.78,-17.74],[18.8,-17.78],[18.9,-17.82],[19.27,-17.82],[19.39,-17.87],[19.66,-17.85],[19.74,-17.91],[19.82,-17.87],[20.1,-17.91],[20.34,-17.87],[20.51,-17.97],[20.65,-17.98],[20.81,-18.04],[20.86,-18.04],[20.94,-17.97],[21.2,-17.93],[21.44,-18.02],[24.22,-17.48],[24.47,-17.49],[24.51,-17.55],[24.71,-17.5],[24.8,-17.54],[24.88,-17.53],[25.0,-17.6],[25.04,-17.59],[25.04,-17.62],[25.1,-17.65],[25.1,-17.71],[25.13,-17.7],[25.18,-17.77],[25.26,-17.79],[25.16,-17.78],[25.1,-17.84],[25.05,-17.84],[25.05,-17.81],[25.0,-17.84],[24.98,-17.79],[24.91,-17.81],[24.78,-17.89],[24.74,-17.89],[24.71,-17.94],[24.66,-17.94],[24.58,-18.07],[24.49,-18.05],[24.46,-17.96],[24.42,-17.95],[24.36,-17.95],[24.3,-18.03],[24.19,-18.02],[24.13,-18.1],[24.06,-18.11],[24.06,-18.14],[23.94,-18.2],[23.77,-18.41],[23.68,-18.44],[23.62,-18.5],[23.57,-18.48],[23.53,-18.27],[23.45,-18.23],[23.46,-18.2],[23.4,-18.21],[23.41,-18.18],[23.3,-18.0],[23.08,-18.0],[21.47,-18.32],[21.0,-18.32],[21.0,-22.0],[20.0,-22.0],[20.0,-24.77],[20.18,-24.91],[20.26,-24.92],[20.39,-25.04],[20.43,-25.15],[20.47,-25.15],[20.45,-25.21],[20.54,-25.29],[20.52,-25.32],[20.55,-25.32],[20.56,-25.38],[20.63,-25.42],[20.63,-25.46],[20.68,-25.45],[20.64,-25.47],[20.63,-25.53],[20.69,-25.58],[20.66,-25.63],[20.69,-25.63],[20.68,-25.69],[20.76,-25.78],[20.74,-25.82],[20.79,-25.8],[20.8,-25.91],[20.84,-25.96],[20.82,-26.11],[20.86,-26.12],[20.86,-26.15],[20.82,-26.18],[20.79,-26.28],[20.62,-26.44],[20.63,-26.8],[20.69,-26.85],[20.69,-26.91],[20.88,-26.8],[20.99,-26.82],[21.0,-27.5],[10.0,-27.5],[10.0,-18.0]],[[24.77,-17.88],[24.78,-17.87],[24.77,-17.87],[24.77,-17.88]]]}},{"type":"Feature","properties":{"icao":"FZZA"},"geometry":{"type":"MultiPolygon","coordinates":[[[[12.41,-5.99],[12.41,-6.02],[12.21,-5.77],[12.26,-5.74],[12.54,-5.73],[12.54,-5.14],[12.47,-5.08],[12.63,-5.02],[12.64,-4.95],[12.72,-4.95],[12.86,-4.74],[13.1,-4.69],[13.11,-4.59],[13.25,-4.7],[13.28,-4.77],[13.38,-4.81],[13.38,-4.87],[13.44,-4.92],[13.42,-4.87],[13.49,-4.87],[13.55,-4.81],[13.59,-4.82],[13.63,-4.74],[13.69,-4.77],[13.68,-4.71],[13.73,-4.71],[13.73,-4.45],[13.82,-4.42],[13.88,-4.5],[13.96,-4.52],[14.03,-4.42],[14.18,-4.4],[14.29,-4.32],[14.41,-4.28],[14.39,-4.34],[14.48,-4.44],[14.43,-4.52],[14.4,-4.51],[14.35,-4.56],[14.38,-4.63],[14.43,-4.65],[14.41,-4.89],[14.5,-4.85],[14.63,-4.92],[14.69,-4.92],[14.86,-4.81],[14.91,-4.68],[15.12,-4.48],[15.19,-4.35],[15.3,-4.28],[15.42,-4.3],[15.48,-4.25],[15.55,-4.05],[15.91,-3.95],[15.94,-3.84],[16.22,-3.3],[16.18,-3.25],[16.18,-2.88],[16.24,-2.62],[16.18,-2.38],[16.19,-2.23],[16.24,-2.12],[16.36,-2.04],[16.54,-1.83],[16.85,-1.26],[17.11,-1.07],[17.32,-1.01],[17.46,-0.88],[17.71,-0.54],[17.74,-0.4],[17.71,-0.13],[17.77,0.0],[17.8,0.18],[17.96,0.39],[17.96,0.49],[17.87,0.61],[17.9,0.78],[17.84,0.92],[17.86,1.05],[17.92,1.11],[18.01,1.43],[18.07,1.51],[18.09,2.24],[18.19,2.35],[18.24,2.51],[18.33,2.58],[18.44,2.79],[18.47,2.97],[18.64,3.19],[18.65,3.36],[18.59,3.75],[18.6,3.9],[18.65,3.96],[18.65,4.09],[18.55,4.32],[18.61,4.36],[18.75,4.37],[18.81,4.46],[18.83,4.56],[19.01,4.75],[19.09,4.91],[19.2,4.94],[19.24,5.01],[19.4,5.12],[19.55,5.15],[19.82,5.1],[19.93,4.97],[20.04,4.96],[20.2,4.82],[20.34,4.76],[20.46,4.62],[20.46,4.5],[20.61,4.4],[20.79,4.41],[20.87,4.45],[21.08,4.39],[21.11,4.34],[21.21,4.29],[21.28,4.34],[21.42,4.26],[21.58,4.25],[21.65,4.31],[21.74,4.3],[21.95,4.22],[22.01,4.24],[22.12,4.2],[22.16,4.15],[22.34,4.11],[22.45,4.12],[22.54,4.2],[22.57,4.33],[22.62,4.35],[22.59,4.39],[22.6,4.47],[22.7,4.47],[22.78,4.7],[22.81,4.73],[22.86,4.7],[22.9,4.75],[22.89,4.8],[22.96,4.84],[23.01,4.75],[23.09,4.71],[23.17,4.74],[23.33,4.6],[23.43,4.59],[23.43,4.65],[23.59,4.74],[23.72,4.79],[23.78,4.78],[23.83,4.83],[23.95,4.81],[23.96,4.88],[23.99,4.86],[24.09,4.91],[24.16,4.89],[24.24,4.96],[24.25,4.93],[24.28,4.94],[24.28,4.99],[24.41,5.03],[24.36,5.05],[24.39,5.11],[24.43,5.06],[24.44,5.1],[24.54,5.08],[24.68,4.96],[24.66,4.92],[24.8,4.91],[24.82,4.94],[24.94,4.96],[24.95,4.99],[25.01,4.99],[25.09,4.94],[25.15,5.03],[25.19,5.0],[25.33,5.04],[25.36,5.15],[25.32,5.2],[25.38,5.29],[25.37,5.32],[25.43,5.32],[25.49,5.37],[25.51,5.34],[25.55,5.35],[25.55,5.39],[25.63,5.34],[25.6,5.32],[25.63,5.3],[25.66,5.33],[25.75,5.24],[25.79,5.27],[25.79,5.24],[25.82,5.25],[25.83,5.19],[25.88,5.22],[25.91,5.16],[25.91,5.2],[25.97,5.19],[25.98,5.24],[26.07,5.19],[26.1,5.21],[26.09,5.24],[26.16,5.26],[26.16,5.23],[26.21,5.24],[26.3,5.14],[26.39,5.15],[26.51,5.04],[26.56,5.08],[26.58,5.06],[26.62,5.09],[26.63,5.07],[26.77,5.1],[26.79,5.06],[26.87,5.03],[26.93,5.13],[27.03,5.19],[27.16,5.2],[27.43,5.08],[27.44,5.02],[27.51,4.98],[27.57,4.89],[27.66,4.89],[27.71,4.79],[27.77,4.79],[27.79,4.59],[27.86,4.55],[27.93,4.54],[27.94,4.57],[28.04,4.55],[28.03,4.48],[28.07,4.41],[28.13,4.44],[28.13,4.39],[28.2,4.35],[28.35,4.35],[28.38,4.27],[28.45,4.28],[28.51,4.37],[28.58,4.37],[28.6,4.41],[28.66,4.42],[28.69,4.51],[28.78,4.56],[28.83,4.47],[29.02,4.49],[29.2,4.34],[29.25,4.34],[29.25,4.39],[29.32,4.38],[29.35,4.45],[29.44,4.52],[29.47,4.59],[29.46,4.67],[29.5,4.69],[29.52,4.65],[29.65,4.65],[29.71,4.62],[29.73,4.57],[29.82,4.56],[29.79,4.51],[29.8,4.37],[29.95,4.31],[29.94,4.24],[30.04,4.19],[30.08,4.11],[30.16,4.1],[30.2,4.0],[30.75,4.0],[31.0,1.75],[29.73,-0.01],[29.65,-0.47],[29.68,-0.5],[29.68,-0.57],[29.63,-0.69],[29.63,-0.91],[29.59,-0.9],[29.58,-0.98],[29.57,-1.19],[29.6,-1.22],[29.6,-1.39],[29.56,-1.39],[29.45,-1.5],[29.36,-1.51],[29.28,-1.62],[29.13,-1.86],[29.17,-2.15],[29.09,-2.28],[29.01,-2.29],[28.96,-2.38],[28.88,-2.39],[28.89,-2.51],[28.86,-2.52],[28.9,-2.57],[28.9,-2.66],[29.03,-2.74],[28.99,-2.81],[29.04,-2.82],[29.08,-2.93],[29.15,-2.96],[29.15,-3.0],[29.23,-3.02],[29.25,-3.07],[29.21,-3.18],[29.24,-3.27],[29.2,-3.3],[29.25,-3.64],[29.24,-3.88],[29.35,-4.04],[29.39,-4.29],[29.39,-4.54],[29.33,-4.69],[29.33,-4.81],[29.39,-5.07],[29.6,-5.65],[29.59,-6.25],[29.66,-6.43],[29.77,-6.59],[30.1,-6.87],[29.88,-8.12],[28.0,-12.0],[25.5,-12.0],[22.0,-9.0],[22.0,-7.34],[19.67,-6.8],[15.98,-5.88],[14.96,-5.87],[14.6,-5.91],[14.23,-5.89],[14.18,-5.86],[14.04,-5.88],[13.99,-5.84],[13.83,-5.88],[13.39,-5.87],[13.37,-5.9],[13.23,-5.86],[13.14,-5.9],[13.08,-5.87],[12.97,-5.91],[12.89,-5.9],[12.79,-5.97],[12.73,-5.97],[12.71,-6.0],[12.6,-5.99],[12.47,-6.06],[12.44,-6.04],[12.49,-5.99],[12.41,-5.99]],[[26.22,5.21],[26.21,5.21],[26.22,5.2],[26.22,5.21]]],[[[26.78,5.08],[26.79,5.09],[26.79,5.08],[26.78,5.08]]]]}},{"type":"Feature","properties":{"icao":"FZZA"},"geometry":{"type":"MultiPolygon","coordinates":[[[[12.41,-5.99],[12.41,-6.02],[12.21,-5.77],[12.26,-5.74],[12.54,-5.73],[12.54,-5.14],[12.47,-5.08],[12.63,-5.02],[12.64,-4.95],[12.72,-4.95],[12.86,-4.74],[13.1,-4.69],[13.11,-4.59],[13.25,-4.7],[13.28,-4.77],[13.38,-4.81],[13.38,-4.87],[13.44,-4.92],[13.42,-4.87],[13.49,-4.87],[13.55,-4.81],[13.59,-4.82],[13.63,-4.74],[13.69,-4.77],[13.68,-4.71],[13.73,-4.71],[13.73,-4.45],[13.82,-4.42],[13.88,-4.5],[13.96,-4.52],[14.03,-4.42],[14.18,-4.4],[14.29,-4.32],[14.41,-4.28],[14.39,-4.34],[14.48,-4.44],[14.43,-4.52],[14.4,-4.51],[14.35,-4.56],[14.38,-4.63],[14.43,-4.65],[14.41,-4.89],[14.5,-4.85],[14.63,-4.92],[14.69,-4.92],[14.86,-4.81],[14.91,-4.68],[15.12,-4.48],[15.19,-4.35],[15.3,-4.28],[15.42,-4.3],[15.48,-4.25],[15.55,-4.05],[15.91,-3.95],[15.94,-3.84],[16.22,-3.3],[16.18,-3.25],[16.18,-2.88],[16.24,-2.62],[16.18,-2.38],[16.19,-2.23],[16.24,-2.12],[16.36,-2.04],[16.54,-1.83],[16.85,-1.26],[17.11,-1.07],[17.32,-1.01],[17.46,-0.88],[17.71,-0.54],[17.74,-0.4],[17.71,-0.13],[17.77,0.0],[17.8,0.18],[17.96,0.39],[17.96,0.49],[17.87,0.61],[17.9,0.78],[17.84,0.92],[17.86,1.05],[17.92,1.11],[18.01,1.43],[18.07,1.51],[18.09,2.24],[18.19,2.35],[18.24,2.51],[18.33,2.58],[18.44,2.79],[18.47,2.97],[18.64,3.19],[18.65,3.36],[18.59,3.75],[18.6,3.9],[18.65,3.96],[18.65,4.09],[18.55,4.32],[18.61,4.36],[18.75,4.37],[18.81,4.46],[18.83,4.56],[19.01,4.75],[19.09,4.91],[19.2,4.94],[19.24,5.01],[19.4,5.12],[19.55,5.15],[19.82,5.1],[19.93,4.97],[20.04,4.96],[20.2,4.82],[20.34,4.76],[20.46,4.62],[20.46,4.5],[20.61,4.4],[20.79,4.41],[20.87,4.45],[21.08,4.39],[21.11,4.34],[21.21,4.29],[21.28,4.34],[21.42,4.26],[21.58,4.25],[21.65,4.31],[21.74,4.3],[21.95,4.22],[22.01,4.24],[22.12,4.2],[22.16,4.15],[22.34,4.11],[22.45,4.12],[22.54,4.2],[22.57,4.33],[22.62,4.35],[22.59,4.39],[22.6,4.47],[22.7,4.47],[22.78,4.7],[22.81,4.73],[22.86,4.7],[22.9,4.75],[22.89,4.8],[22.96,4.84],[23.01,4.75],[23.09,4.71],[23.17,4.74],[23.33,4.6],[23.43,4.59],[23.43,4.65],[23.59,4.74],[23.72,4.79],[23.78,4.78],[23.83,4.83],[23.95,4.81],[23.96,4.88],[23.99,4.86],[24.09,4.91],[24.16,4.89],[24.24,4.96],[24.25,4.93],[24.28,4.94],[24.28,4.99],[24.41,5.03],[24.36,5.05],[24.39,5.11],[24.43,5.06],[24.44,5.1],[24.54,5.08],[24.68,4.96],[24.66,4.92],[24.8,4.91],[24.82,4.94],[24.94,4.96],[24.95,4.99],[25.01,4.99],[25.09,4.94],[25.15,5.03],[25.19,5.0],[25.33,5.04],[25.36,5.15],[25.32,5.2],[25.38,5.29],[25.37,5.32],[25.43,5.32],[25.49,5.37],[25.51,5.34],[25.55,5.35],[25.55,5.39],[25.63,5.34],[25.6,5.32],[25.63,5.3],[25.66,5.33],[25.75,5.24],[25.79,5.27],[25.79,5.24],[25.82,5.25],[25.83,5.19],[25.88,5.22],[25.91,5.16],[25.91,5.2],[25.97,5.19],[25.98,5.24],[26.07,5.19],[26.1,5.21],[26.09,5.24],[26.16,5.26],[26.16,5.23],[26.21,5.24],[26.3,5.14],[26.39,5.15],[26.51,5.04],[26.56,5.08],[26.58,5.06],[26.62,5.09],[26.63,5.07],[26.77,5.1],[26.79,5.06],[26.87,5.03],[26.93,5.13],[27.03,5.19],[27.16,5.2],[27.43,5.08],[27.44,5.02],[27.51,4.98],[27.57,4.89],[27.66,4.89],[27.71,4.79],[27.77,4.79],[27.79,4.59],[27.86,4.55],[27.93,4.54],[27.94,4.57],[28.04,4.55],[28.03,4.48],[28.07,4.41],[28.13,4.44],[28.13,4.39],[28.2,4.35],[28.35,4.35],[28.38,4.27],[28.45,4.28],[28.51,4.37],[28.58,4.37],[28.6,4.41],[28.66,4.42],[28.69,4.51],[28.78,4.56],[28.83,4.47],[29.02,4.49],[29.2,4.34],[29.25,4.34],[29.25,4.39],[29.32,4.38],[29.35,4.45],[29.44,4.52],[29.47,4.59],[29.46,4.67],[29.5,4.69],[29.52,4.65],[29.65,4.65],[29.71,4.62],[29.73,4.57],[29.82,4.56],[29.79,4.51],[29.8,4.37],[29.95,4.31],[29.94,4.24],[30.04,4.19],[30.08,4.11],[30.16,4.1],[30.2,4.0],[30.75,4.0],[31.0,1.75],[29.73,-0.01],[29.65,-0.47],[29.68,-0.5],[29.68,-0.57],[29.63,-0.69],[29.63,-0.91],[29.59,-0.9],[29.58,-0.98],[29.57,-1.19],[29.6,-1.22],[29.6,-1.39],[29.56,-1.39],[29.45,-1.5],[29.36,-1.51],[29.28,-1.62],[29.13,-1.86],[29.17,-2.15],[29.09,-2.28],[29.01,-2.29],[28.96,-2.38],[28.88,-2.39],[28.89,-2.51],[28.86,-2.52],[28.9,-2.57],[28.9,-2.66],[29.03,-2.74],[28.99,-2.81],[29.04,-2.82],[29.08,-2.93],[29.15,-2.96],[29.15,-3.0],[29.23,-3.02],[29.25,-3.07],[29.21,-3.18],[29.24,-3.27],[29.2,-3.3],[29.25,-3.64],[29.24,-3.88],[29.35,-4.04],[29.39,-4.29],[29.39,-4.54],[29.33,-4.69],[29.33,-4.81],[29.39,-5.07],[29.6,-5.65],[29.59,-6.25],[29.66,-6.43],[29.77,-6.59],[30.1,-6.87],[29.88,-8.12],[28.0,-12.0],[25.5,-12.0],[22.0,-9.0],[15.98,-5.88],[14.96,-5.87],[14.6,-5.91],[14.23,-5.89],[14.18,-5.86],[14.04,-5.88],[13.99,-5.84],[13.83,-5.88],[13.39,-5.87],[13.37,-5.9],[13.23,-5.86],[13.14,-5.9],[13.08,-5.87],[12.97,-5.91],[12.89,-5.9],[12.79,-5.97],[12.73,-5.97],[12.71,-6.0],[12.6,-5.99],[12.47,-6.06],[12.44,-6.04],[12.49,-5.99],[12.41,-5.99]],[[26.22,5.21],[26.21,5.21],[26.22,5.2],[26.22,5.21]]],[[[26.78,5.08],[26.79,5.09],[26.79,5.08],[26.78,5.08]]]]}},{"type":"Feature","properties":{"icao":"GCCC"},"geometry":{"type":"Polygon","coordinates":[[[-25.0,30.0],[-20.0,30.0],[-17.42,31.66],[-15.75,31.48],[-12.5,30.0],[-13.17,27.67],[-8.67,27.67],[-8.67,26.0],[-12.0,26.0],[-12.0,23.45],[-12.76,23.39],[-12.9,23.28],[-13.06,23.06],[-13.15,22.73],[-13.0,21.33],[-16.92,21.33],[-17.07,20.78],[-19.0,19.0],[-20.0,20.0],[-25.0,24.0],[-25.0,30.0]]]}},{"type":"Feature","properties":{"icao":"GCCC"},"geometry":{"type":"MultiPolygon","coordinates":[[[[-13.0,21.33],[-16.92,21.33],[-17.07,20.78],[-19.0,19.0],[-20.0,20.0],[-25.0,24.0],[-12.0,26.0],[-12.15,25.65],[-12.0,25.979],[-12.0,23.45],[-12.76,23.39],[-12.9,23.28],[-13.06,23.06],[-13.15,22.73],[-13.0,21.33]]],[[[-12.0,26.0],[-25.0,30.0],[-20.0,30.0],[-17.42,31.66],[-15.75,31.48],[-12.5,30.0],[-13.17,27.67],[-11.23,27.67],[-12.0,26.0]]],[[[-11.991,26.0],[-11.23,27.67],[-8.67,27.67],[-8.67,26.0],[-11.991,26.0]]]]}},{"type":"Feature","properties":{"icao":"GLRB"},"geometry":{"type":"MultiPolygon","coordinates":[[[[-16.92,9.0],[-14.95,11.01],[-14.77,11.38],[-14.67,11.51],[-14.49,11.51],[-14.32,11.6],[-14.27,11.68],[-14.09,11.63],[-13.94,11.68],[-13.88,11.67],[-13.86,11.75],[-13.8,11.69],[-13.71,11.71],[-13.71,12.01],[-13.78,12.02],[-13.89,12.13],[-13.95,12.14],[-13.97,12.19],[-13.92,12.24],[-13.86,12.24],[-13.87,12.28],[-13.82,12.26],[-13.8,12.29],[-13.81,12.25],[-13.77,12.25],[-13.76,12.28],[-13.71,12.25],[-13.66,12.32],[-13.64,12.47],[-13.71,12.68],[-13.07,12.64],[-13.05,12.58],[-13.08,12.53],[-13.05,12.47],[-12.97,12.46],[-12.92,12.54],[-12.89,12.54],[-12.74,12.43],[-12.62,12.43],[-12.56,12.37],[-12.47,12.4],[-12.4,12.37],[-12.36,12.31],[-12.17,12.36],[-12.1,12.42],[-11.98,12.4],[-11.89,12.43],[-11.86,12.4],[-11.71,12.39],[-11.65,12.43],[-11.46,12.44],[-11.37,12.39],[-11.44,12.38],[-11.43,12.29],[-11.5,12.19],[-11.46,12.13],[-11.37,12.1],[-11.36,12.05],[-11.26,11.99],[-11.19,12.01],[-11.07,12.14],[-11.05,12.22],[-10.93,12.22],[-10.85,12.13],[-10.79,12.11],[-10.8,12.04],[-10.74,11.92],[-10.69,11.89],[-10.56,12.0],[-10.57,12.03],[-10.52,12.04],[-10.51,12.12],[-10.41,12.14],[-10.4,12.18],[-10.33,12.19],[-10.34,12.22],[-10.3,12.19],[-10.25,12.22],[-10.15,12.17],[-10.08,12.18],[-10.07,12.14],[-9.91,12.1],[-9.89,12.06],[-9.7,12.02],[-9.68,12.12],[-9.63,12.18],[-9.54,12.19],[-9.48,12.25],[-9.34,12.24],[-9.3,12.36],[-9.41,12.45],[-9.36,12.5],[-9.31,12.5],[-8.0,11.21],[-8.0,10.17],[-8.42,7.5],[-7.45,6.25],[-7.33,0.0],[-16.92,9.0]]],[[[-13.81,11.71],[-13.81,11.72],[-13.8,11.72],[-13.81,11.71]]]]}},{"type":"Feature","properties":{"icao":"GMMM"},"geometry":{"type":"Polygon","coordinates":[[[-2.1,35.83],[-2.22,35.07],[-2.09,34.96],[-1.98,34.94],[-1.96,34.87],[-1.75,34.75],[-1.85,34.62],[-1.69,34.5],[-1.78,34.38],[-1.65,34.11],[-1.7,33.87],[-1.68,33.77],[-1.73,33.74],[-1.73,33.7],[-1.65,33.68],[-1.59,33.61],[-1.67,33.28],[-1.48,33.08],[-1.49,32.98],[-1.54,32.96],[-1.38,32.74],[-0.99,32.53],[-1.18,32.41],[-1.25,32.33],[-1.26,32.24],[-1.19,32.18],[-1.2,32.13],[-1.29,32.1],[-1.54,32.15],[-1.73,32.13],[-2.36,32.18],[-2.58,32.12],[-2.87,32.11],[-2.94,32.04],[-2.94,32.0],[-2.67,31.83],[-8.67,28.67],[-8.67,27.67],[-13.17,27.67],[-12.5,30.0],[-15.75,31.48],[-15.26,31.68],[-14.99,31.86],[-14.75,32.1],[-12.0,35.97],[-7.38,35.97],[-7.38,35.83],[-2.1,35.83]]]}},{"type":"Feature","properties":{"icao":"GMMM"},"geometry":{"type":"Polygon","coordinates":[[[-2.1,35.83],[-2.22,35.07],[-2.09,34.96],[-1.98,34.94],[-1.96,34.87],[-1.75,34.75],[-1.85,34.62],[-1.69,34.5],[-1.78,34.38],[-1.65,34.11],[-1.7,33.87],[-1.68,33.77],[-1.73,33.74],[-1.73,33.7],[-1.65,33.68],[-1.59,33.61],[-1.67,33.28],[-1.48,33.08],[-1.49,32.98],[-1.54,32.96],[-1.38,32.74],[-0.99,32.53],[-1.18,32.41],[-1.25,32.33],[-1.26,32.24],[-1.19,32.18],[-1.2,32.13],[-1.29,32.1],[-1.54,32.15],[-1.73,32.13],[-2.36,32.18],[-2.58,32.12],[-2.87,32.11],[-2.94,32.04],[-2.94,32.0],[-2.67,31.83],[-8.67,28.67],[-8.67,27.67],[-13.17,27.67],[-12.5,30.0],[-15.75,31.48],[-15.26,31.68],[-14.99,31.86],[-14.75,32.1],[-12.0,35.97],[-7.38,35.97],[-7.38,35.83],[-2.1,35.83]]]}},{"type":"Feature","properties":{"icao":"GOOO"},"geometry":{"type":"Polygon","coordinates":[[[-37.5,17.0],[-8.67,27.3],[-6.69,26.16],[-3.59,24.22],[-3.6,16.35],[-4.07,14.52],[-4.28,12.87],[-4.8,12.0],[-5.25,11.5],[-5.62,10.03],[-2.76,9.87],[-2.74,9.82],[-2.8,9.71],[-2.75,9.64],[-2.77,9.56],[-2.69,9.5],[-2.68,9.36],[-2.72,9.29],[-2.66,9.25],[-2.78,9.13],[-2.78,9.05],[-2.66,9.01],[-2.66,8.93],[-2.6,8.83],[-2.63,8.78],[-2.59,8.79],[-2.5,8.33],[-2.49,8.21],[-2.62,8.15],[-2.59,8.05],[-2.67,8.03],[-2.75,7.92],[-2.78,7.95],[-2.79,7.86],[-2.92,7.61],[-2.98,7.28],[-2.95,7.24],[-3.23,6.82],[-3.2,6.7],[-3.26,6.62],[-3.23,6.6],[-3.18,6.24],[-3.14,6.23],[-3.1,6.15],[-3.08,6.0],[-3.02,5.86],[-3.03,5.71],[-2.96,5.71],[-2.97,5.64],[-2.93,5.61],[-2.86,5.66],[-2.77,5.61],[-2.73,5.4],[-2.73,5.34],[-2.77,5.35],[-2.79,5.29],[-2.75,5.24],[-2.77,5.21],[-2.73,5.15],[-2.74,5.11],[-2.91,5.12],[-2.95,5.08],[-3.03,5.12],[-3.11,5.11],[-3.0,4.68],[-3.0,-9.53],[-10.0,-12.0],[-10.0,-6.37],[-16.0,-6.37],[-29.99,4.01],[-35.0,7.67],[-37.5,13.5],[-37.5,17.0]],[[-37.5,17.0],[-24.35,13.67],[-21.37,12.97],[-20.0,15.0],[-20.0,20.0],[-19.0,19.0],[-17.07,20.78],[-16.92,21.33],[-13.0,21.33],[-13.15,22.73],[-13.06,23.06],[-12.9,23.28],[-12.76,23.39],[-12.0,23.45],[-12.0,26.0],[-8.67,26.0],[-8.67,27.29],[-37.5,17.0]],[[-16.92,9.0],[-7.33,0.0],[-7.45,6.25],[-8.42,7.5],[-8.0,10.17],[-8.0,11.21],[-9.31,12.5],[-9.36,12.5],[-9.41,12.45],[-9.3,12.36],[-9.34,12.24],[-9.48,12.25],[-9.54,12.19],[-9.63,12.18],[-9.68,12.12],[-9.7,12.02],[-9.89,12.06],[-9.91,12.1],[-10.07,12.14],[-10.08,12.18],[-10.15,12.17],[-10.25,12.22],[-10.3,12.19],[-10.34,12.22],[-10.33,12.19],[-10.4,12.18],[-10.41,12.14],[-10.51,12.12],[-10.52,12.04],[-10.57,12.03],[-10.56,12.0],[-10.69,11.89],[-10.74,11.92],[-10.8,12.04],[-10.79,12.11],[-10.85,12.13],[-10.93,12.22],[-11.05,12.22],[-11.07,12.14],[-11.19,12.01],[-11.26,11.99],[-11.36,12.05],[-11.37,12.1],[-11.46,12.13],[-11.5,12.19],[-11.43,12.29],[-11.44,12.38],[-11.37,12.39],[-11.46,12.44],[-11.65,12.43],[-11.71,12.39],[-11.86,12.4],[-11.89,12.43],[-11.98,12.4],[-12.1,12.42],[-12.17,12.36],[-12.36,12.31],[-12.4,12.37],[-12.47,12.4],[-12.56,12.37],[-12.62,12.43],[-12.74,12.43],[-12.89,12.54],[-12.92,12.54],[-12.97,12.46],[-13.05,12.47],[-13.08,12.53],[-13.05,12.58],[-13.07,12.64],[-13.71,12.68],[-13.64,12.47],[-13.66,12.32],[-13.71,12.25],[-13.76,12.28],[-13.77,12.25],[-13.81,12.25],[-13.8,12.29],[-13.82,12.26],[-13.87,12.28],[-13.86,12.24],[-13.92,12.24],[-13.97,12.19],[-13.95,12.14],[-13.89,12.13],[-13.78,12.02],[-13.71,12.01],[-13.71,11.71],[-13.8,11.69],[-13.86,11.75],[-13.88,11.67],[-13.94,11.68],[-14.09,11.63],[-14.27,11.68],[-14.32,11.6],[-14.49,11.51],[-14.67,11.51],[-14.77,11.38],[-14.95,11.01],[-16.92,9.0]],[[-13.81,11.71],[-13.8,11.72],[-13.81,11.72],[-13.81,11.71]]]}},{"type":"Feature","properties":{"icao":"GOOO"},"geometry":{"type":"MultiPolygon","coordinates":[[[[-37.5,17.0],[-24.35,13.67],[-21.37,12.97],[-20.0,15.0],[-20.0,20.0],[-19.0,19.0],[-17.07,20.78],[-16.92,21.33],[-14.02,21.34],[-11.939,26.132],[-8.67,27.3],[-6.69,26.16],[-3.59,24.22],[-3.6,16.35],[-4.07,14.52],[-4.28,12.87],[-4.8,12.0],[-5.25,11.5],[-5.62,10.03],[-2.76,9.87],[-2.74,9.82],[-2.8,9.71],[-2.75,9.64],[-2.77,9.56],[-2.69,9.5],[-2.68,9.36],[-2.72,9.29],[-2.66,9.25],[-2.78,9.13],[-2.78,9.05],[-2.66,9.01],[-2.66,8.93],[-2.6,8.83],[-2.63,8.78],[-2.59,8.79],[-2.5,8.33],[-2.49,8.21],[-2.62,8.15],[-2.59,8.05],[-2.67,8.03],[-2.75,7.92],[-2.78,7.95],[-2.79,7.86],[-2.92,7.61],[-2.98,7.28],[-2.95,7.24],[-3.23,6.82],[-3.2,6.7],[-3.26,6.62],[-3.23,6.6],[-3.18,6.24],[-3.14,6.23],[-3.1,6.15],[-3.08,6.0],[-3.02,5.86],[-3.03,5.71],[-2.96,5.71],[-2.97,5.64],[-2.93,5.61],[-2.86,5.66],[-2.77,5.61],[-2.73,5.4],[-2.73,5.34],[-2.77,5.35],[-2.79,5.29],[-2.75,5.24],[-2.77,5.21],[-2.73,5.15],[-2.74,5.11],[-2.91,5.12],[-2.95,5.08],[-3.03,5.12],[-3.11,5.11],[-3.0,4.68],[-3.0,-9.53],[-10.0,-12.0],[-10.0,-6.37],[-16.0,-6.37],[-29.99,4.01],[-35.0,7.67],[-37.5,13.5],[-37.5,17.0]],[[-16.92,9.0],[-7.33,0.0],[-7.45,6.25],[-8.42,7.5],[-8.0,10.17],[-8.0,11.21],[-9.31,12.5],[-9.36,12.5],[-9.41,12.45],[-9.3,12.36],[-9.34,12.24],[-9.48,12.25],[-9.54,12.19],[-9.63,12.18],[-9.68,12.12],[-9.7,12.02],[-9.89,12.06],[-9.91,12.1],[-10.07,12.14],[-10.08,12.18],[-10.15,12.17],[-10.25,12.22],[-10.3,12.19],[-10.34,12.22],[-10.33,12.19],[-10.4,12.18],[-10.41,12.14],[-10.51,12.12],[-10.52,12.04],[-10.57,12.03],[-10.56,12.0],[-10.69,11.89],[-10.74,11.92],[-10.8,12.04],[-10.79,12.11],[-10.85,12.13],[-10.93,12.22],[-11.05,12.22],[-11.07,12.14],[-11.19,12.01],[-11.26,11.99],[-11.36,12.05],[-11.37,12.1],[-11.46,12.13],[-11.5,12.19],[-11.43,12.29],[-11.44,12.38],[-11.37,12.39],[-11.46,12.44],[-11.65,12.43],[-11.71,12.39],[-11.86,12.4],[-11.89,12.43],[-11.98,12.4],[-12.1,12.42],[-12.17,12.36],[-12.36,12.31],[-12.4,12.37],[-12.47,12.4],[-12.56,12.37],[-12.62,12.43],[-12.74,12.43],[-12.89,12.54],[-12.92,12.54],[-12.97,12.46],[-13.05,12.47],[-13.08,12.53],[-13.05,12.58],[-13.07,12.64],[-13.71,12.68],[-13.64,12.47],[-13.66,12.32],[-13.71,12.25],[-13.76,12.28],[-13.77,12.25],[-13.81,12.25],[-13.8,12.29],[-13.82,12.26],[-13.87,12.28],[-13.86,12.24],[-13.92,12.24],[-13.97,12.19],[-13.95,12.14],[-13.89,12.13],[-13.78,12.02],[-13.71,12.01],[-13.71,11.71],[-13.8,11.69],[-13.86,11.75],[-13.88,11.67],[-13.94,11.68],[-14.09,11.63],[-14.27,11.68],[-14.32,11.6],[-14.49,11.51],[-14.67,11.51],[-14.77,11.38],[-14.95,11.01],[-16.92,9.0]],[[-13.81,11.71],[-13.8,11.72],[-13.81,11.72],[-13.81,11.71]]],[[[-11.762,26.517],[-11.23,27.67],[-8.67,27.66],[-11.762,26.517]]]]}},{"type":"Feature","properties":{"icao":"GVSC"},"geometry":{"type":"Polygon","coordinates":[[[-25.0,24.0],[-20.0,20.0],[-20.0,15.0],[-21.37,12.97],[-24.35,13.67],[-37.5,17.0],[-25.0,24.0]]]}},{"type":"Feature","properties":{"icao":"HAAA"},"geometry":{"type":"Polygon","coordinates":[[[36.58,14.3],[36.0,13.0],[33.0,8.0],[36.0,4.0],[41.91,3.98],[41.98,4.1],[42.0,4.09],[42.08,4.18],[42.54,4.2],[42.69,4.26],[42.82,4.26],[42.94,4.36],[43.03,4.56],[43.12,4.63],[43.42,4.79],[43.66,4.87],[44.01,4.96],[44.98,4.92],[47.99,8.0],[46.99,8.0],[44.1,8.96],[43.99,9.01],[43.65,9.36],[43.49,9.4],[43.4,9.55],[43.3,9.61],[43.26,9.84],[43.09,9.9],[43.02,10.08],[42.85,10.24],[42.75,10.51],[42.7,10.54],[42.68,10.61],[42.99,11.02],[43.25,11.47],[43.33,11.67],[44.04,10.89],[44.19,11.15],[44.26,11.45],[44.25,11.73],[44.05,12.17],[43.33,12.6],[43.2,12.75],[42.87,12.61],[42.86,12.55],[42.8,12.5],[42.82,12.43],[42.69,12.36],[42.54,12.5],[42.45,12.51],[42.23,12.77],[42.04,12.8],[41.9,13.09],[41.58,13.42],[41.32,13.55],[40.88,14.14],[40.25,14.42],[40.22,14.39],[40.14,14.57],[39.98,14.45],[39.64,14.6],[39.53,14.58],[39.54,14.52],[39.51,14.55],[39.51,14.52],[39.38,14.53],[39.37,14.47],[39.27,14.5],[39.24,14.58],[39.25,14.42],[39.1,14.64],[39.02,14.63],[37.97,14.8],[37.92,14.9],[37.6,14.07],[37.37,14.42],[36.64,14.32],[36.58,14.3]]]}},{"type":"Feature","properties":{"icao":"HBBA"},"geometry":{"type":"Polygon","coordinates":[[[29.23,-3.02],[29.08,-2.93],[29.04,-2.82],[28.99,-2.81],[29.05,-2.72],[29.05,-2.6],[29.15,-2.59],[29.33,-2.65],[29.37,-2.84],[29.43,-2.8],[29.53,-2.84],[29.64,-2.79],[29.72,-2.82],[29.79,-2.76],[29.87,-2.77],[29.91,-2.71],[29.92,-2.56],[29.96,-2.49],[29.95,-2.33],[30.14,-2.44],[30.22,-2.35],[30.35,-2.36],[30.4,-2.31],[30.56,-2.41],[30.42,-2.65],[30.45,-2.69],[30.53,-2.66],[30.44,-2.75],[30.41,-2.87],[30.48,-2.95],[30.57,-2.9],[30.67,-2.99],[30.83,-2.97],[30.79,-3.05],[30.85,-3.16],[30.83,-3.26],[30.74,-3.28],[30.64,-3.35],[30.67,-3.42],[30.44,-3.56],[30.45,-3.6],[30.39,-3.71],[30.4,-3.79],[30.38,-3.77],[30.32,-3.79],[30.23,-3.95],[30.22,-4.03],[30.08,-4.16],[30.04,-4.27],[29.85,-4.38],[29.81,-4.36],[29.75,-4.47],[29.6,-4.44],[29.39,-4.45],[29.37,-4.1],[29.24,-3.88],[29.25,-3.64],[29.2,-3.3],[29.24,-3.27],[29.21,-3.18],[29.25,-3.07],[29.23,-3.02]]]}},{"type":"Feature","properties":{"icao":"HCSM"},"geometry":{"type":"Polygon","coordinates":[[[43.33,11.67],[44.04,10.89],[44.24,11.76],[47.5,12.0],[50.75,12.18],[51.5,12.0],[60.0,12.0],[60.0,10.7],[44.0,-2.0],[42.0,-2.0],[41.56,-1.67],[41.0,-0.83],[40.99,2.83],[41.33,3.16],[41.95,4.06],[42.08,4.18],[42.54,4.2],[42.69,4.26],[42.82,4.26],[42.94,4.36],[43.03,4.56],[43.12,4.63],[43.42,4.79],[43.81,4.91],[44.01,4.96],[44.98,4.92],[47.99,8.0],[46.99,8.0],[44.1,8.96],[43.99,9.01],[43.65,9.36],[43.49,9.4],[43.4,9.55],[43.3,9.61],[43.26,9.84],[43.09,9.9],[43.02,10.08],[42.85,10.24],[42.75,10.51],[42.68,10.59],[42.99,11.02],[43.25,11.47],[43.33,11.67]]]}},{"type":"Feature","properties":{"icao":"HECC"},"geometry":{"type":"Polygon","coordinates":[[[24.17,34.0],[27.17,34.0],[30.0,33.5],[33.99,31.85],[34.5,30.68],[34.52,30.53],[34.57,30.48],[34.55,30.4],[34.62,30.36],[34.86,29.74],[34.87,29.54],[34.9,29.47],[34.95,29.47],[34.89,29.37],[34.96,29.36],[34.58,28.1],[38.0,22.0],[25.0,22.0],[25.0,29.25],[24.86,29.53],[24.9,29.63],[24.82,29.79],[24.79,30.0],[24.7,30.15],[24.78,30.33],[24.93,30.48],[25.02,30.77],[24.88,31.13],[24.89,31.3],[24.86,31.41],[25.06,31.54],[25.13,31.68],[24.17,34.0]]]}},{"type":"Feature","properties":{"icao":"HHAA"},"geometry":{"type":"Polygon","coordinates":[[[38.5,20.0],[41.0,16.0],[41.5,15.63],[42.02,14.9],[42.42,14.0],[43.2,12.75],[42.87,12.61],[42.86,12.55],[42.8,12.5],[42.82,12.43],[42.7,12.36],[42.54,12.5],[42.45,12.51],[42.23,12.77],[42.04,12.8],[41.9,13.09],[41.58,13.42],[41.32,13.55],[40.88,14.14],[40.25,14.42],[40.22,14.39],[40.14,14.57],[39.98,14.45],[39.64,14.6],[39.53,14.58],[39.54,14.52],[39.51,14.55],[39.51,14.52],[39.38,14.53],[39.37,14.47],[39.27,14.5],[39.24,14.58],[39.25,14.42],[39.1,14.64],[39.02,14.63],[37.97,14.8],[37.92,14.9],[37.6,14.07],[37.37,14.42],[36.58,14.3],[38.5,20.0]]]}},{"type":"Feature","properties":{"icao":"HJJJ"},"geometry":{"type":"Polygon","coordinates":[[[23.5,10.16],[30.87,9.86],[31.84,10.38],[31.97,10.63],[32.19,10.78],[34.54,10.55],[33.0,8.0],[36.0,4.0],[30.2,4.0],[30.16,4.1],[30.08,4.11],[30.04,4.19],[29.94,4.24],[29.95,4.31],[29.8,4.37],[29.79,4.51],[29.82,4.56],[29.73,4.57],[29.71,4.62],[29.65,4.65],[29.52,4.65],[29.5,4.69],[29.46,4.67],[29.47,4.59],[29.44,4.52],[29.35,4.45],[29.32,4.38],[29.25,4.39],[29.25,4.34],[29.2,4.34],[29.02,4.49],[28.83,4.47],[28.79,4.56],[28.69,4.51],[28.66,4.42],[28.6,4.41],[28.58,4.37],[28.51,4.37],[28.46,4.29],[28.41,4.27],[28.37,4.28],[28.35,4.35],[28.2,4.35],[28.13,4.39],[28.13,4.44],[28.07,4.41],[28.03,4.48],[28.04,4.55],[27.95,4.57],[27.93,4.54],[27.86,4.55],[27.78,4.6],[27.77,4.79],[27.71,4.79],[27.66,4.89],[27.57,4.89],[27.46,5.02],[27.46,5.07],[27.4,5.15],[27.32,5.2],[27.23,5.41],[27.28,5.59],[27.24,5.59],[27.22,5.69],[27.14,5.75],[27.16,5.77],[27.11,5.8],[27.05,5.79],[27.0,5.86],[26.84,5.89],[26.81,5.99],[26.56,6.03],[26.52,6.12],[26.45,6.09],[26.54,6.22],[26.49,6.21],[26.48,6.28],[26.38,6.31],[26.29,6.39],[26.32,6.43],[26.29,6.49],[26.33,6.5],[26.35,6.58],[26.42,6.64],[26.36,6.69],[26.27,6.7],[26.17,6.79],[26.18,6.81],[26.1,6.82],[26.09,6.91],[26.04,6.93],[26.05,7.0],[25.93,7.04],[25.89,7.1],[25.81,7.11],[25.82,7.15],[25.57,7.23],[25.53,7.28],[25.45,7.28],[25.45,7.31],[25.36,7.34],[25.34,7.42],[25.31,7.42],[25.28,7.48],[25.2,7.49],[25.17,7.57],[25.31,7.67],[25.28,7.7],[25.29,7.8],[25.23,7.87],[25.19,7.9],[25.09,7.88],[24.97,7.98],[24.9,8.06],[24.86,8.18],[24.76,8.18],[24.65,8.23],[24.55,8.2],[24.48,8.28],[24.36,8.25],[24.2,8.3],[24.15,8.39],[24.17,8.48],[24.27,8.59],[24.23,8.63],[24.25,8.71],[24.13,8.69],[23.83,8.74],[23.52,8.73],[23.51,8.83],[23.59,8.92],[23.59,9.0],[23.5,8.96],[23.46,8.98],[23.45,9.03],[23.49,9.17],[23.54,9.17],[23.66,9.29],[23.64,9.34],[23.68,9.44],[23.63,9.47],[23.66,9.54],[23.63,9.56],[23.7,9.68],[23.67,9.89],[23.5,10.16]]]}},{"type":"Feature","properties":{"icao":"HKNA"},"geometry":{"type":"Polygon","coordinates":[[[34.08,4.0],[41.9,3.98],[41.33,3.16],[40.99,2.83],[41.0,-0.83],[41.56,-1.67],[42.0,-2.0],[44.0,-2.0],[44.0,-4.7],[39.23,-4.7],[39.11,-4.59],[37.81,-3.69],[37.75,-3.54],[37.68,-3.5],[37.6,-3.51],[37.63,-3.47],[37.59,-3.45],[37.61,-3.4],[37.72,-3.3],[37.68,-3.06],[37.6,-3.0],[34.11,-1.02],[34.04,-1.04],[34.02,-0.99],[33.92,-0.99],[33.92,-0.44],[33.97,-0.1],[33.91,0.1],[34.11,0.37],[34.09,0.46],[34.13,0.48],[34.14,0.58],[34.2,0.63],[34.27,0.64],[34.31,0.75],[34.42,0.82],[34.48,0.93],[34.51,1.09],[34.57,1.1],[34.58,1.15],[34.68,1.21],[34.8,1.23],[34.82,1.26],[34.83,1.31],[34.77,1.43],[34.85,1.44],[34.86,1.52],[34.95,1.58],[35.0,1.68],[35.04,1.92],[34.99,1.99],[34.92,2.34],[34.92,2.42],[34.95,2.45],[34.93,2.52],[34.9,2.52],[34.89,2.59],[34.86,2.57],[34.78,2.69],[34.75,2.84],[34.71,2.87],[34.66,2.86],[34.6,2.92],[34.55,3.13],[34.49,3.14],[34.45,3.19],[34.4,3.48],[34.45,3.52],[34.46,3.67],[34.35,3.74],[34.3,3.69],[34.25,3.78],[34.17,3.77],[34.19,3.79],[34.16,3.82],[34.22,3.83],[34.22,3.88],[34.09,3.87],[34.13,3.95],[34.08,4.0]]]}},{"type":"Feature","properties":{"icao":"HKNA"},"geometry":{"type":"Polygon","coordinates":[[[34.08,4.0],[41.9,3.98],[41.33,3.16],[40.99,2.83],[41.0,-0.83],[41.56,-1.67],[42.0,-2.0],[44.0,-2.0],[44.0,-8.5],[40.0,-4.7],[39.23,-4.7],[39.11,-4.59],[37.81,-3.69],[37.75,-3.54],[37.68,-3.5],[37.6,-3.51],[37.63,-3.47],[37.59,-3.45],[37.61,-3.4],[37.72,-3.3],[37.68,-3.06],[37.6,-3.0],[34.11,-1.02],[34.04,-1.04],[34.02,-0.99],[33.92,-0.99],[33.92,-0.44],[33.97,-0.1],[33.91,0.1],[34.11,0.37],[34.09,0.46],[34.13,0.48],[34.14,0.58],[34.2,0.63],[34.27,0.64],[34.31,0.75],[34.42,0.82],[34.48,0.93],[34.51,1.09],[34.57,1.1],[34.58,1.15],[34.68,1.21],[34.8,1.23],[34.82,1.26],[34.83,1.31],[34.77,1.43],[34.85,1.44],[34.86,1.52],[34.95,1.58],[35.0,1.68],[35.04,1.92],[34.99,1.99],[34.92,2.34],[34.92,2.42],[34.95,2.45],[34.93,2.52],[34.9,2.52],[34.89,2.59],[34.86,2.57],[34.78,2.69],[34.75,2.84],[34.71,2.87],[34.66,2.86],[34.6,2.92],[34.55,3.13],[34.49,3.14],[34.45,3.19],[34.4,3.48],[34.45,3.52],[34.46,3.67],[34.35,3.74],[34.3,3.69],[34.25,3.78],[34.17,3.77],[34.19,3.79],[34.16,3.82],[34.22,3.83],[34.22,3.88],[34.09,3.87],[34.13,3.95],[34.08,4.0]]]}},{"type":"Feature","properties":{"icao":"HLLL"},"geometry":{"type":"Polygon","coordinates":[[[11.5,34.33],[23.58,34.33],[24.17,34.0],[25.13,31.68],[25.06,31.54],[24.86,31.41],[24.89,31.3],[24.88,31.13],[25.02,30.77],[24.93,30.48],[24.78,30.33],[24.7,30.15],[24.79,30.0],[24.82,29.79],[24.9,29.63],[24.86,29.53],[25.0,29.25],[25.0,20.0],[24.0,20.0],[24.0,19.5],[19.0,22.0],[11.42,22.0],[11.5,23.25],[11.98,23.53],[11.75,23.92],[11.61,24.25],[11.43,24.19],[11.02,24.46],[10.69,24.57],[10.43,24.49],[10.24,24.61],[10.21,24.77],[10.04,24.88],[10.04,25.33],[9.39,26.18],[9.51,26.37],[9.88,26.52],[9.91,26.58],[9.93,26.85],[9.83,27.01],[9.83,27.16],[9.77,27.26],[9.77,27.35],[9.8,27.46],[9.87,27.55],[9.82,27.58],[9.9,27.62],[9.96,27.86],[9.84,28.25],[9.89,28.84],[9.88,29.04],[9.8,29.39],[9.58,29.86],[9.42,30.06],[9.4,30.18],[9.74,30.32],[9.89,30.35],[10.23,30.73],[10.31,30.9],[10.29,31.08],[10.15,31.39],[10.14,31.49],[10.28,31.68],[10.37,31.74],[10.54,31.75],[10.64,31.87],[10.62,31.93],[10.65,31.98],[10.79,32.0],[10.85,32.1],[10.98,32.19],[11.5,32.39],[11.5,34.33]]]}},{"type":"Feature","properties":{"icao":"HRYR"},"geometry":{"type":"Polygon","coordinates":[[[28.9,-2.66],[28.9,-2.57],[28.86,-2.53],[28.89,-2.51],[28.88,-2.39],[28.96,-2.38],[29.01,-2.29],[29.09,-2.28],[29.17,-2.15],[29.13,-1.86],[29.36,-1.51],[29.45,-1.5],[29.56,-1.39],[29.67,-1.39],[29.7,-1.35],[29.79,-1.37],[29.82,-1.31],[29.88,-1.37],[29.91,-1.48],[30.02,-1.42],[30.05,-1.44],[30.05,-1.4],[30.15,-1.36],[30.17,-1.28],[30.2,-1.29],[30.27,-1.22],[30.34,-1.13],[30.35,-1.06],[30.48,-1.06],[30.45,-1.1],[30.46,-1.15],[30.5,-1.17],[30.56,-1.34],[30.72,-1.43],[30.74,-1.53],[30.83,-1.65],[30.83,-1.87],[30.78,-1.94],[30.81,-1.93],[30.9,-2.09],[30.85,-2.18],[30.85,-2.33],[30.82,-2.37],[30.77,-2.39],[30.69,-2.36],[30.66,-2.41],[30.56,-2.42],[30.46,-2.36],[30.45,-2.32],[30.39,-2.31],[30.35,-2.36],[30.22,-2.35],[30.17,-2.43],[30.12,-2.44],[30.04,-2.36],[29.95,-2.33],[29.96,-2.49],[29.92,-2.56],[29.91,-2.71],[29.87,-2.77],[29.79,-2.76],[29.72,-2.82],[29.64,-2.79],[29.53,-2.84],[29.43,-2.8],[29.37,-2.84],[29.33,-2.65],[29.15,-2.59],[29.05,-2.6],[29.03,-2.75],[28.9,-2.66]]]}},{"type":"Feature","properties":{"icao":"HSSS"},"geometry":{"type":"Polygon","coordinates":[[[25.0,22.0],[38.0,22.0],[38.5,20.0],[36.57,14.26],[36.0,13.0],[34.54,10.55],[32.19,10.78],[31.97,10.63],[31.84,10.38],[30.87,9.86],[23.5,10.16],[23.33,10.44],[23.13,10.64],[22.99,10.73],[22.88,10.92],[22.99,11.2],[22.95,11.42],[22.79,11.4],[22.75,11.48],[22.59,11.59],[22.55,11.69],[22.64,12.06],[22.49,12.02],[22.46,12.03],[22.49,12.18],[22.42,12.39],[22.37,12.43],[22.46,12.62],[22.2,12.75],[22.2,12.71],[22.14,12.67],[21.93,12.64],[21.84,12.79],[21.85,12.88],[21.93,13.05],[22.01,13.14],[22.13,13.16],[22.28,13.35],[22.28,13.39],[22.22,13.45],[22.22,13.55],[22.12,13.66],[22.13,13.72],[22.09,13.78],[22.23,13.95],[22.54,14.12],[22.58,14.18],[22.56,14.23],[22.48,14.23],[22.43,14.28],[22.46,14.32],[22.45,14.48],[22.38,14.51],[22.41,14.6],[22.72,14.69],[22.67,14.86],[22.76,14.9],[22.75,14.97],[22.94,15.11],[22.93,15.17],[23.0,15.23],[23.0,15.4],[22.92,15.49],[22.95,15.58],[23.0,15.58],[23.12,15.71],[23.42,15.69],[23.54,15.75],[23.67,15.76],[24.0,15.7],[24.0,20.0],[25.0,20.0],[25.0,22.0]]]}},{"type":"Feature","properties":{"icao":"HSSS"},"geometry":{"type":"Polygon","coordinates":[[[23.45,9.01],[23.49,9.17],[23.54,9.17],[23.66,9.29],[23.64,9.34],[23.68,9.44],[23.63,9.47],[23.66,9.54],[23.63,9.56],[23.7,9.67],[23.67,9.89],[23.38,10.34],[23.33,10.44],[23.13,10.64],[22.99,10.73],[22.89,10.89],[22.88,10.93],[22.99,11.2],[22.98,11.3],[22.95,11.31],[22.95,11.42],[22.79,11.4],[22.77,11.46],[22.66,11.52],[22.57,11.62],[22.55,11.69],[22.64,12.06],[22.49,12.02],[22.46,12.03],[22.49,12.18],[22.42,12.39],[22.37,12.43],[22.46,12.62],[22.2,12.75],[22.2,12.71],[22.14,12.67],[21.93,12.64],[21.84,12.81],[21.93,13.05],[22.01,13.14],[22.13,13.16],[22.28,13.35],[22.28,13.39],[22.22,13.45],[22.22,13.55],[22.12,13.66],[22.13,13.72],[22.09,13.78],[22.23,13.95],[22.54,14.12],[22.58,14.18],[22.56,14.23],[22.48,14.23],[22.43,14.28],[22.46,14.32],[22.45,14.48],[22.38,14.51],[22.41,14.6],[22.72,14.69],[22.67,14.86],[22.76,14.9],[22.75,14.97],[22.94,15.11],[22.93,15.17],[23.0,15.23],[23.0,15.4],[22.92,15.49],[22.95,15.58],[23.0,15.58],[23.12,15.71],[23.42,15.69],[23.54,15.75],[23.67,15.76],[24.0,15.7],[24.0,20.0],[24.759,20.0],[25.0,22.0],[38.0,22.0],[38.5,20.0],[36.57,14.26],[36.0,13.0],[33.0,8.0],[36.0,4.0],[30.2,4.0],[30.16,4.1],[30.08,4.11],[30.04,4.19],[29.94,4.24],[29.95,4.31],[29.8,4.37],[29.79,4.51],[29.82,4.56],[29.73,4.57],[29.71,4.62],[29.65,4.65],[29.52,4.65],[29.5,4.69],[29.46,4.67],[29.47,4.59],[29.44,4.52],[29.35,4.45],[29.32,4.38],[29.25,4.39],[29.25,4.34],[29.2,4.34],[29.02,4.49],[28.83,4.47],[28.78,4.56],[28.69,4.51],[28.66,4.42],[28.6,4.41],[28.58,4.37],[28.51,4.37],[28.45,4.28],[28.38,4.27],[28.35,4.35],[28.2,4.35],[28.13,4.39],[28.13,4.44],[28.07,4.41],[28.03,4.48],[28.04,4.55],[27.95,4.57],[27.93,4.54],[27.86,4.55],[27.78,4.6],[27.77,4.79],[27.71,4.79],[27.66,4.89],[27.57,4.89],[27.46,5.02],[27.46,5.07],[27.4,5.15],[27.3,5.23],[27.23,5.41],[27.28,5.59],[27.24,5.59],[27.22,5.69],[27.14,5.75],[27.16,5.77],[27.11,5.8],[27.05,5.79],[27.0,5.86],[26.84,5.89],[26.81,5.99],[26.56,6.03],[26.52,6.12],[26.45,6.09],[26.54,6.22],[26.49,6.21],[26.48,6.28],[26.38,6.31],[26.29,6.39],[26.32,6.43],[26.29,6.49],[26.33,6.5],[26.35,6.58],[26.42,6.64],[26.36,6.69],[26.27,6.7],[26.17,6.79],[26.18,6.81],[26.1,6.82],[26.09,6.91],[26.04,6.93],[26.05,7.0],[25.93,7.04],[25.89,7.1],[25.81,7.11],[25.82,7.15],[25.57,7.23],[25.53,7.28],[25.45,7.28],[25.45,7.31],[25.36,7.34],[25.34,7.42],[25.31,7.42],[25.28,7.48],[25.2,7.49],[25.17,7.57],[25.31,7.67],[25.28,7.7],[25.29,7.8],[25.23,7.87],[25.19,7.9],[25.09,7.88],[24.97,7.98],[24.9,8.06],[24.86,8.18],[24.76,8.18],[24.65,8.23],[24.55,8.2],[24.48,8.28],[24.36,8.25],[24.2,8.3],[24.15,8.39],[24.17,8.48],[24.27,8.59],[24.23,8.63],[24.25,8.71],[24.13,8.69],[23.83,8.74],[23.52,8.73],[23.51,8.83],[23.59,8.92],[23.59,9.0],[23.5,8.96],[23.45,9.01]],[[23.5,10.16],[23.572,10.157],[23.845,12.423],[23.5,10.16]]]}},{"type":"Feature","properties":{"icao":"HTDC"},"geometry":{"type":"Polygon","coordinates":[[[30.41,-2.86],[30.44,-2.75],[30.53,-2.66],[30.46,-2.69],[30.42,-2.67],[30.54,-2.43],[30.59,-2.4],[30.66,-2.41],[30.69,-2.36],[30.77,-2.39],[30.82,-2.37],[30.85,-2.33],[30.85,-2.18],[30.9,-2.09],[30.81,-1.93],[30.78,-1.94],[30.83,-1.87],[30.83,-1.65],[30.74,-1.53],[30.72,-1.43],[30.56,-1.34],[30.5,-1.17],[30.46,-1.15],[30.45,-1.1],[30.48,-1.06],[30.65,-1.07],[30.76,-0.99],[34.02,-0.99],[34.04,-1.04],[34.11,-1.02],[37.6,-3.0],[37.68,-3.06],[37.72,-3.3],[37.61,-3.4],[37.59,-3.45],[37.63,-3.47],[37.6,-3.51],[37.68,-3.5],[37.75,-3.54],[37.81,-3.69],[39.11,-4.59],[39.23,-4.7],[44.0,-4.7],[44.0,-10.28],[41.5,-11.0],[40.5,-10.42],[40.36,-10.57],[40.23,-10.61],[40.01,-10.81],[39.72,-10.94],[39.52,-10.99],[39.25,-11.18],[39.14,-11.15],[38.91,-11.17],[38.74,-11.28],[38.63,-11.29],[38.48,-11.42],[38.2,-11.27],[37.94,-11.28],[37.86,-11.33],[37.83,-11.53],[37.79,-11.57],[37.65,-11.65],[37.53,-11.66],[37.46,-11.73],[37.35,-11.69],[37.28,-11.71],[37.13,-11.69],[37.03,-11.57],[37.01,-11.6],[36.9,-11.61],[36.82,-11.58],[36.73,-11.69],[36.56,-11.75],[36.5,-11.69],[36.39,-11.68],[36.19,-11.72],[36.18,-11.6],[36.15,-11.57],[35.95,-11.48],[35.94,-11.42],[35.85,-11.41],[35.78,-11.47],[35.71,-11.48],[35.65,-11.59],[35.61,-11.6],[35.53,-11.61],[35.51,-11.58],[35.35,-11.56],[34.96,-11.57],[34.91,-11.38],[34.78,-11.33],[34.78,-11.26],[34.69,-11.14],[34.63,-11.12],[34.64,-11.07],[34.6,-11.03],[34.65,-10.92],[34.65,-10.75],[34.6,-10.59],[34.55,-10.53],[34.58,-10.47],[34.54,-10.42],[34.57,-10.27],[34.51,-9.98],[34.39,-9.87],[34.31,-9.74],[34.04,-9.49],[33.95,-9.55],[33.97,-9.63],[33.94,-9.71],[33.76,-9.58],[33.7,-9.62],[33.58,-9.58],[33.49,-9.63],[33.42,-9.6],[33.33,-9.49],[33.2,-9.51],[33.12,-9.48],[33.0,-9.37],[32.93,-9.4],[32.77,-9.32],[32.75,-9.28],[32.54,-9.25],[32.46,-9.13],[32.25,-9.13],[32.16,-9.06],[32.09,-9.05],[32.0,-9.08],[31.94,-9.03],[31.95,-8.94],[31.83,-8.89],[31.68,-8.91],[31.58,-8.84],[31.57,-8.71],[31.46,-8.64],[31.41,-8.64],[31.38,-8.59],[31.29,-8.63],[31.23,-8.59],[31.16,-8.63],[31.05,-8.61],[30.82,-8.33],[30.74,-8.11],[29.88,-8.12],[30.1,-6.87],[29.77,-6.59],[29.62,-6.34],[29.58,-6.15],[29.6,-5.65],[29.35,-4.94],[29.33,-4.69],[29.39,-4.54],[29.39,-4.45],[29.6,-4.44],[29.75,-4.47],[29.81,-4.36],[29.85,-4.38],[30.04,-4.27],[30.08,-4.16],[30.22,-4.03],[30.23,-3.95],[30.32,-3.79],[30.35,-3.77],[30.4,-3.79],[30.39,-3.71],[30.45,-3.6],[30.44,-3.56],[30.67,-3.42],[30.64,-3.37],[30.66,-3.33],[30.84,-3.25],[30.85,-3.15],[30.79,-3.05],[30.83,-2.97],[30.67,-2.99],[30.57,-2.9],[30.48,-2.95],[30.41,-2.86]]]}},{"type":"Feature","properties":{"icao":"HUEC"},"geometry":{"type":"Polygon","coordinates":[[[30.65,-1.07],[30.35,-1.06],[30.34,-1.13],[30.27,-1.22],[30.2,-1.29],[30.17,-1.28],[30.15,-1.36],[30.05,-1.4],[30.05,-1.44],[30.02,-1.42],[29.91,-1.48],[29.83,-1.31],[29.79,-1.37],[29.7,-1.35],[29.67,-1.39],[29.6,-1.39],[29.6,-1.22],[29.57,-1.19],[29.58,-0.98],[29.59,-0.9],[29.63,-0.91],[29.63,-0.69],[29.68,-0.57],[29.68,-0.5],[29.65,-0.47],[29.73,-0.01],[31.0,1.75],[30.75,4.0],[34.08,4.0],[34.13,3.95],[34.09,3.87],[34.22,3.88],[34.22,3.83],[34.16,3.82],[34.19,3.79],[34.17,3.77],[34.25,3.78],[34.3,3.69],[34.35,3.74],[34.46,3.67],[34.45,3.52],[34.4,3.48],[34.45,3.19],[34.49,3.14],[34.55,3.13],[34.6,2.92],[34.66,2.86],[34.71,2.87],[34.75,2.84],[34.78,2.69],[34.86,2.57],[34.89,2.59],[34.9,2.52],[34.93,2.52],[34.95,2.45],[34.92,2.42],[34.92,2.34],[34.99,1.99],[35.04,1.92],[35.0,1.68],[34.95,1.58],[34.86,1.52],[34.85,1.44],[34.77,1.43],[34.83,1.31],[34.82,1.26],[34.8,1.23],[34.68,1.21],[34.58,1.15],[34.57,1.1],[34.51,1.09],[34.48,0.93],[34.42,0.82],[34.31,0.75],[34.27,0.64],[34.2,0.63],[34.14,0.58],[34.13,0.48],[34.09,0.46],[34.11,0.37],[33.91,0.1],[33.97,-0.1],[33.92,-0.44],[33.92,-0.99],[30.76,-0.99],[30.65,-1.07]]]}},{"type":"Feature","properties":{"icao":"KZAB"},"geometry":{"type":"MultiPolygon","coordinates":[[[[-111.84,35.77],[-110.23,35.7],[-108.22,36.03],[-107.47,36.2],[-106.08,36.72],[-105.0,36.72],[-102.55,37.5],[-101.75,36.5],[-100.0,35.83],[-100.0,35.33],[-100.32,34.87],[-100.75,34.47],[-102.0,34.6],[-102.32,34.55],[-102.8,34.32],[-103.37,33.78],[-103.69,33.4],[-103.8,33.38],[-103.8,33.0],[-103.93,32.47],[-103.8,32.03],[-103.33,31.65],[-102.15,31.28],[-102.56,29.77],[-102.63,29.73],[-102.67,29.74],[-102.74,29.59],[-102.76,29.6],[-102.83,29.44],[-102.83,29.37],[-102.88,29.35],[-102.9,29.28],[-102.86,29.22],[-102.91,29.22],[-102.95,29.17],[-102.99,29.18],[-103.03,29.09],[-103.1,29.06],[-103.11,28.99],[-103.28,28.98],[-103.32,29.01],[-103.3,29.02],[-103.34,29.02],[-103.33,29.04],[-103.43,29.04],[-103.55,29.15],[-103.72,29.18],[-103.74,29.22],[-103.78,29.22],[-103.78,29.26],[-103.98,29.29],[-104.08,29.34],[-104.16,29.39],[-104.23,29.5],[-104.34,29.52],[-104.5,29.63],[-104.54,29.67],[-104.56,29.77],[-104.68,29.93],[-104.7,30.23],[-104.86,30.39],[-104.86,30.49],[-104.92,30.6],[-104.97,30.61],[-105.0,30.68],[-105.06,30.68],[-105.2,30.8],[-105.39,30.85],[-105.41,30.9],[-105.57,31.01],[-105.62,31.1],[-105.77,31.17],[-105.85,31.27],[-105.94,31.32],[-105.95,31.36],[-106.21,31.47],[-106.41,31.75],[-106.5,31.75],[-106.53,31.78],[-108.2,31.78],[-108.2,31.33],[-111.08,31.33],[-113.51,32.1],[-113.68,32.74],[-114.0,32.68],[-114.0,34.67],[-113.62,34.87],[-113.62,34.92],[-112.67,35.38],[-112.0,35.4],[-111.84,35.77]]],[[[-103.09,29.06],[-103.08,29.05],[-103.09,29.05],[-103.09,29.06]]]]}},{"type":"Feature","properties":{"icao":"KZAK"},"geometry":{"type":"Polygon","coordinates":[[[160.0,3.5],[160.0,0.0],[141.0,0.0],[141.0,3.5],[133.0,3.5],[132.53,4.0],[130.0,7.0],[130.0,21.0],[155.0,21.0],[155.0,27.0],[165.0,27.0],[165.0,43.0],[162.92,45.7],[180.0,49.68],[183.43,50.13],[192.18,51.4],[200.0,53.5],[207.0,56.0],[208.25,56.76],[223.0,53.37],[225.0,52.72],[226.25,51.0],[232.0,48.33],[233.5,45.0],[233.1,40.98],[233.0,40.83],[233.0,37.51],[233.07,36.46],[234.17,35.5],[235.8,36.0],[239.17,30.75],[240.0,30.0],[240.0,3.5],[215.0,3.5],[205.0,-5.0],[180.0,-5.0],[180.0,3.5],[160.0,3.5]]]}},{"type":"Feature","properties":{"icao":"KZAU"},"geometry":{"type":"Polygon","coordinates":[[[-93.47,41.67],[-93.0,42.78],[-91.72,42.72],[-90.29,44.15],[-89.59,44.15],[-89.08,44.22],[-88.47,44.1],[-87.54,43.97],[-87.17,43.69],[-84.96,43.59],[-85.0,43.5],[-85.0,41.85],[-85.11,41.38],[-84.72,41.28],[-84.68,40.75],[-84.99,40.61],[-85.41,40.66],[-86.1,40.0],[-89.75,40.0],[-91.65,40.78],[-93.49,40.53],[-93.6,41.17],[-93.51,41.43],[-93.47,41.67]]]}},{"type":"Feature","properties":{"icao":"KZAU"},"geometry":{"type":"Polygon","coordinates":[[[-93.47,41.67],[-93.0,42.78],[-91.72,42.72],[-90.29,44.15],[-89.59,44.15],[-89.08,44.22],[-88.47,44.1],[-87.54,43.97],[-87.17,43.69],[-84.96,43.59],[-85.0,43.5],[-85.0,42.0],[-84.77,41.86],[-84.68,40.67],[-85.53,40.35],[-86.1,40.0],[-89.75,40.0],[-91.65,40.78],[-93.49,40.53],[-93.6,41.17],[-93.51,41.43],[-93.47,41.67]]]}},{"type":"Feature","properties":{"icao":"KZBW"},"geometry":{"type":"Polygon","coordinates":[[[-76.8,43.63],[-76.42,44.1],[-76.28,44.2],[-76.18,44.23],[-76.13,44.29],[-75.95,44.35],[-75.5,44.72],[-75.7,44.67],[-75.75,44.82],[-74.88,44.97],[-74.97,45.07],[-74.78,45.14],[-74.57,45.18],[-74.25,45.0],[-71.54,45.0],[-71.34,45.28],[-71.0,45.32],[-70.25,45.91],[-70.21,46.31],[-70.06,46.42],[-69.98,46.7],[-69.23,47.46],[-68.58,47.29],[-68.43,47.4],[-68.17,47.5],[-67.95,47.53],[-67.66,47.51],[-67.33,47.39],[-67.18,47.28],[-67.06,47.09],[-67.04,46.94],[-67.07,46.79],[-67.2,46.61],[-67.3,46.54],[-67.22,46.14],[-67.58,45.83],[-67.81,45.78],[-67.78,45.62],[-67.0,44.93],[-67.0,41.62],[-69.0,41.0],[-70.88,40.58],[-72.5,40.07],[-73.25,40.41],[-73.64,40.33],[-73.29,40.8],[-73.38,40.86],[-73.86,40.86],[-73.87,41.25],[-74.08,41.32],[-74.07,41.34],[-74.35,41.48],[-74.96,41.74],[-75.06,41.87],[-76.05,42.31],[-75.97,42.7],[-76.01,42.86],[-76.09,42.94],[-76.48,42.94],[-76.67,42.88],[-76.76,43.07],[-76.8,43.63]]]}},{"type":"Feature","properties":{"icao":"KZBW"},"geometry":{"type":"Polygon","coordinates":[[[-76.8,43.63],[-76.42,44.1],[-76.28,44.2],[-76.18,44.23],[-76.13,44.29],[-75.95,44.35],[-75.5,44.72],[-75.7,44.67],[-75.75,44.82],[-74.88,44.97],[-74.97,45.07],[-74.78,45.14],[-74.57,45.18],[-74.25,45.0],[-71.54,45.0],[-71.34,45.28],[-71.0,45.32],[-70.25,45.91],[-70.21,46.31],[-70.06,46.42],[-69.98,46.7],[-69.23,47.46],[-68.58,47.29],[-68.43,47.4],[-68.17,47.5],[-67.95,47.53],[-67.66,47.51],[-67.33,47.39],[-67.18,47.28],[-67.06,47.09],[-67.04,46.94],[-67.07,46.79],[-67.2,46.61],[-67.3,46.54],[-67.22,46.14],[-67.58,45.83],[-67.81,45.78],[-67.78,45.62],[-67.0,44.93],[-67.0,41.62],[-69.0,41.0],[-70.88,40.58],[-72.5,40.07],[-72.78,40.2],[-73.01,39.99],[-73.15,39.73],[-73.28,39.73],[-73.73,39.93],[-73.7,40.24],[-73.29,40.8],[-73.38,40.86],[-73.86,40.86],[-73.87,41.25],[-74.44,41.44],[-74.81,41.76],[-76.8,42.61],[-76.7,42.73],[-76.67,42.88],[-76.76,43.07],[-76.8,43.63]]]}},{"type":"Feature","properties":{"icao":"KZDC"},"geometry":{"type":"Polygon","coordinates":[[[-80.4,39.17],[-79.89,39.17],[-79.54,39.37],[-77.84,39.86],[-77.36,39.88],[-77.36,39.51],[-76.86,39.38],[-76.35,39.39],[-75.06,40.24],[-74.96,40.34],[-74.68,40.26],[-74.52,40.31],[-74.33,40.25],[-74.8,39.9],[-74.94,39.75],[-74.8,39.65],[-74.46,39.66],[-74.5,39.59],[-74.19,39.58],[-73.66,39.03],[-73.98,38.54],[-74.6,37.08],[-74.6,36.79],[-74.94,35.5],[-75.19,35.31],[-76.78,32.97],[-78.75,34.44],[-79.73,34.71],[-79.92,34.85],[-80.15,34.86],[-79.8,35.38],[-79.74,36.09],[-79.95,36.15],[-80.63,37.33],[-80.75,37.3],[-80.84,37.47],[-80.57,38.77],[-80.4,39.17]]]}},{"type":"Feature","properties":{"icao":"KZDC"},"geometry":{"type":"Polygon","coordinates":[[[-80.4,39.17],[-79.89,39.17],[-79.54,39.37],[-77.84,39.86],[-77.62,39.77],[-77.36,39.78],[-77.36,39.51],[-76.86,39.38],[-76.35,39.39],[-75.33,40.07],[-74.78,40.11],[-74.68,39.98],[-73.7,40.24],[-73.73,39.93],[-73.17,39.68],[-73.98,38.54],[-74.6,37.08],[-74.6,36.79],[-74.94,35.5],[-75.19,35.31],[-76.78,32.97],[-78.75,34.44],[-79.33,34.42],[-79.92,34.85],[-80.15,34.86],[-79.8,35.38],[-79.74,36.09],[-79.95,36.15],[-80.63,37.33],[-80.75,37.3],[-80.84,37.47],[-80.57,38.77],[-80.4,39.17]]]}},{"type":"Feature","properties":{"icao":"KZDV"},"geometry":{"type":"Polygon","coordinates":[[[-104.25,45.12],[-101.48,44.7],[-101.41,43.71],[-100.1,43.29],[-99.02,42.0],[-99.06,39.98],[-98.8,39.47],[-102.55,37.5],[-105.0,36.72],[-106.08,36.72],[-107.47,36.2],[-108.22,36.03],[-110.23,35.7],[-111.84,35.77],[-111.5,36.42],[-111.88,37.41],[-109.98,38.2],[-109.98,39.22],[-110.3,39.58],[-109.17,40.0],[-109.1,40.85],[-108.28,41.37],[-107.05,42.42],[-107.28,43.88],[-106.27,44.32],[-106.0,45.24],[-104.25,45.12]]]}},{"type":"Feature","properties":{"icao":"KZFW"},"geometry":{"type":"Polygon","coordinates":[[[-100.0,35.83],[-98.5,35.82],[-97.88,35.92],[-97.58,35.49],[-97.08,35.46],[-96.4,35.65],[-96.05,35.87],[-95.61,36.02],[-95.0,35.65],[-95.0,35.07],[-94.78,34.69],[-94.53,34.53],[-93.54,34.03],[-93.16,33.95],[-91.9,33.0],[-91.69,32.28],[-92.26,32.28],[-93.32,31.56],[-94.2,31.57],[-95.98,31.47],[-96.68,31.2],[-97.51,31.21],[-97.71,31.38],[-97.79,31.39],[-99.47,31.38],[-100.55,30.98],[-102.15,31.28],[-103.33,31.65],[-103.8,32.03],[-103.93,32.47],[-103.8,33.0],[-103.8,33.38],[-103.69,33.4],[-103.37,33.78],[-102.8,34.32],[-102.32,34.55],[-102.0,34.6],[-100.75,34.47],[-100.32,34.87],[-100.0,35.33],[-100.0,35.83]]]}},{"type":"Feature","properties":{"icao":"KZHU"},"geometry":{"type":"MultiPolygon","coordinates":[[[[-102.4,29.77],[-102.56,29.77],[-102.15,31.28],[-100.55,30.98],[-99.47,31.38],[-97.79,31.39],[-97.71,31.38],[-97.51,31.21],[-96.68,31.2],[-95.98,31.47],[-94.2,31.57],[-93.32,31.56],[-92.26,32.28],[-91.69,32.28],[-91.31,31.91],[-90.35,31.65],[-88.32,31.52],[-87.82,31.52],[-87.4,31.28],[-87.66,30.96],[-87.72,30.69],[-87.92,30.63],[-87.92,30.52],[-88.03,30.22],[-88.0,28.14],[-87.68,27.5],[-86.0,27.0],[-85.41,26.6],[-85.09,26.2],[-85.0,25.03],[-85.0,24.0],[-86.0,24.0],[-88.0,24.5],[-93.0,24.5],[-100.447,28.605],[-100.52,28.67],[-100.58,28.86],[-100.65,28.94],[-100.78,29.22],[-101.18,29.52],[-101.25,29.52],[-101.33,29.66],[-101.47,29.78],[-101.53,29.76],[-102.07,29.79],[-102.33,29.87],[-102.4,29.77]]],[[[-95.92,26.0],[-97.0,26.0],[-97.27,25.95],[-97.4,25.84],[-97.67,26.02],[-97.93,26.06],[-98.2,26.05],[-98.47,26.22],[-98.67,26.24],[-98.8,26.37],[-99.07,26.4],[-99.33,26.92],[-99.4,27.0],[-99.47,27.27],[-99.53,27.31],[-99.49,27.42],[-99.57,27.6],[-99.7,27.66],[-99.83,27.77],[-100.03,28.07],[-100.23,28.23],[-100.411,28.548],[-95.92,26.0]]]]}},{"type":"Feature","properties":{"icao":"KZHU"},"geometry":{"type":"Polygon","coordinates":[[[-102.56,29.77],[-102.15,31.28],[-100.55,30.98],[-99.47,31.38],[-97.79,31.39],[-97.71,31.38],[-97.51,31.21],[-96.68,31.2],[-95.98,31.47],[-94.2,31.57],[-93.32,31.56],[-92.26,32.28],[-91.69,32.28],[-91.31,31.91],[-90.35,31.65],[-88.32,31.52],[-87.82,31.52],[-87.4,31.28],[-87.66,30.96],[-87.72,30.69],[-87.92,30.63],[-87.92,30.52],[-88.03,30.22],[-88.0,28.14],[-89.0,28.25],[-94.0,28.25],[-95.15,27.53],[-95.92,26.0],[-97.0,26.0],[-97.27,25.95],[-97.4,25.84],[-97.67,26.02],[-97.93,26.06],[-98.2,26.05],[-98.47,26.22],[-98.67,26.24],[-98.8,26.37],[-99.07,26.4],[-99.33,26.92],[-99.4,27.0],[-99.47,27.27],[-99.53,27.31],[-99.49,27.42],[-99.57,27.6],[-99.7,27.66],[-99.83,27.77],[-100.03,28.07],[-100.23,28.23],[-100.34,28.45],[-100.52,28.67],[-100.58,28.86],[-100.65,28.94],[-100.78,29.22],[-101.18,29.52],[-101.25,29.52],[-101.4,29.74],[-101.47,29.78],[-101.53,29.76],[-102.07,29.79],[-102.27,29.87],[-102.33,29.87],[-102.4,29.77],[-102.56,29.77]]]}},{"type":"Feature","properties":{"icao":"KZID"},"geometry":{"type":"Polygon","coordinates":[[[-88.15,39.87],[-88.25,40.0],[-86.1,40.0],[-85.41,40.66],[-84.99,40.61],[-84.68,40.75],[-84.7,40.91],[-83.75,40.78],[-83.65,40.74],[-83.5,40.56],[-83.33,40.51],[-81.78,40.6],[-81.63,40.22],[-81.55,39.75],[-80.5,39.17],[-80.4,39.17],[-80.57,38.77],[-80.84,37.47],[-80.75,37.3],[-85.4,36.18],[-85.58,36.9],[-86.15,37.3],[-87.4,37.28],[-88.32,37.72],[-88.23,38.15],[-88.09,38.49],[-88.15,39.87]]]}},{"type":"Feature","properties":{"icao":"KZID"},"geometry":{"type":"Polygon","coordinates":[[[-88.15,39.87],[-88.25,40.0],[-86.1,40.0],[-85.53,40.35],[-84.68,40.67],[-84.7,40.91],[-83.75,40.78],[-83.65,40.74],[-83.5,40.56],[-83.33,40.51],[-81.78,40.6],[-81.63,40.22],[-81.55,39.75],[-80.5,39.17],[-80.4,39.17],[-80.57,38.77],[-80.84,37.47],[-80.75,37.3],[-85.4,36.18],[-85.58,36.9],[-86.15,37.3],[-87.4,37.28],[-88.32,37.72],[-88.23,38.15],[-88.09,38.49],[-88.15,39.87]]]}},{"type":"Feature","properties":{"icao":"KZJX"},"geometry":{"type":"Polygon","coordinates":[[[-87.4,31.28],[-86.95,31.49],[-83.8,32.09],[-83.5,32.12],[-82.65,32.45],[-82.2,32.29],[-81.93,32.56],[-81.84,32.9],[-81.85,33.89],[-81.57,34.29],[-80.15,34.86],[-79.92,34.85],[-79.73,34.71],[-78.75,34.44],[-76.78,32.97],[-77.0,32.26],[-77.0,30.0],[-79.29,30.2],[-79.9,29.82],[-80.12,29.02],[-80.73,28.9],[-80.99,28.73],[-80.9,28.5],[-81.41,28.39],[-82.38,27.95],[-82.94,27.95],[-83.52,28.4],[-84.01,28.55],[-84.62,28.06],[-84.94,28.04],[-85.25,27.5],[-86.0,27.0],[-87.68,27.5],[-88.0,28.14],[-88.03,30.22],[-87.92,30.52],[-87.92,30.63],[-87.72,30.69],[-87.66,30.96],[-87.4,31.28]]]}},{"type":"Feature","properties":{"icao":"KZJX"},"geometry":{"type":"Polygon","coordinates":[[[-87.4,31.28],[-86.95,31.49],[-85.58,31.76],[-85.31,31.53],[-84.1,31.68],[-83.11,31.68],[-82.33,32.17],[-81.93,32.56],[-81.84,32.9],[-81.85,33.89],[-81.57,34.29],[-80.15,34.86],[-79.92,34.85],[-79.33,34.42],[-78.75,34.44],[-76.78,32.97],[-77.0,32.26],[-77.0,30.0],[-79.29,30.2],[-79.9,29.82],[-80.12,29.02],[-80.73,28.9],[-81.5,28.35],[-82.38,27.95],[-82.94,27.95],[-83.52,28.4],[-84.01,28.55],[-84.62,28.06],[-84.94,28.04],[-85.25,27.5],[-86.0,27.0],[-87.68,27.5],[-88.0,28.14],[-88.03,30.22],[-87.92,30.52],[-87.92,30.63],[-87.72,30.69],[-87.66,30.96],[-87.4,31.28]]]}},{"type":"Feature","properties":{"icao":"KZKC"},"geometry":{"type":"Polygon","coordinates":[[[-98.8,39.47],[-93.49,40.53],[-91.65,40.78],[-89.75,40.0],[-88.25,40.0],[-88.15,39.87],[-88.09,38.49],[-88.23,38.15],[-88.32,37.72],[-88.83,37.53],[-90.57,37.15],[-93.25,36.72],[-94.68,36.43],[-95.2,36.29],[-95.4,36.2],[-95.61,36.02],[-96.05,35.87],[-96.4,35.65],[-97.08,35.46],[-97.58,35.49],[-97.88,35.92],[-98.5,35.82],[-100.0,35.83],[-101.75,36.5],[-102.55,37.5],[-98.8,39.47]]]}},{"type":"Feature","properties":{"icao":"KZKC"},"geometry":{"type":"Polygon","coordinates":[[[-98.8,39.47],[-93.49,40.53],[-91.65,40.78],[-89.75,40.0],[-88.25,40.0],[-88.15,39.87],[-88.09,38.49],[-88.23,38.15],[-88.32,37.72],[-88.83,37.53],[-90.57,37.15],[-93.25,36.72],[-94.68,36.43],[-95.37,35.87],[-95.61,36.02],[-96.05,35.87],[-96.4,35.65],[-97.08,35.46],[-97.58,35.49],[-97.88,35.92],[-98.5,35.82],[-100.0,35.83],[-101.75,36.5],[-102.55,37.5],[-98.8,39.47]]]}},{"type":"Feature","properties":{"icao":"KZLA"},"geometry":{"type":"Polygon","coordinates":[[[-123.25,34.5],[-120.85,35.53],[-120.12,35.75],[-119.5,35.63],[-119.17,36.13],[-118.58,36.13],[-118.58,37.2],[-117.33,37.2],[-117.01,37.37],[-117.08,37.44],[-117.09,37.88],[-116.18,37.88],[-114.5,38.02],[-114.2,38.02],[-114.0,37.97],[-113.78,37.72],[-113.0,37.5],[-111.88,37.41],[-111.5,36.42],[-112.0,35.4],[-112.67,35.38],[-113.62,34.92],[-113.62,34.87],[-114.0,34.67],[-114.0,32.68],[-113.68,32.74],[-113.51,32.1],[-114.81,32.49],[-114.81,32.61],[-114.72,32.72],[-117.12,32.53],[-120.83,30.75],[-123.25,34.5]]]}},{"type":"Feature","properties":{"icao":"KZLC"},"geometry":{"type":"Polygon","coordinates":[[[-114.67,49.0],[-103.17,49.0],[-103.17,44.96],[-104.25,45.12],[-106.0,45.24],[-106.27,44.32],[-107.28,43.88],[-107.05,42.42],[-108.28,41.37],[-109.1,40.85],[-109.17,40.0],[-110.3,39.58],[-109.98,39.22],[-109.98,38.2],[-111.88,37.41],[-113.0,37.5],[-113.78,37.72],[-114.0,37.97],[-114.2,38.02],[-114.5,38.02],[-116.18,37.88],[-117.09,37.88],[-117.27,38.08],[-117.37,39.93],[-119.5,41.0],[-119.0,42.67],[-119.28,43.63],[-118.45,44.85],[-117.75,45.33],[-115.0,45.33],[-115.0,48.42],[-114.67,49.0]]]}},{"type":"Feature","properties":{"icao":"KZMA"},"geometry":{"type":"Polygon","coordinates":[[[-85.25,27.5],[-84.94,28.04],[-84.62,28.06],[-81.704,27.521],[-80.394,27.529],[-84.5,28.17],[-84.01,28.55],[-83.52,28.4],[-82.94,27.95],[-82.38,27.95],[-81.41,28.39],[-80.97,28.47],[-80.9,28.5],[-80.99,28.73],[-80.73,28.9],[-80.12,29.02],[-79.9,29.82],[-79.29,30.2],[-77.0,30.0],[-76.26,27.83],[-74.83,27.83],[-73.2,25.0],[-68.49,25.0],[-67.65,21.24],[-69.15,19.65],[-70.5,20.42],[-73.0,20.42],[-73.33,20.0],[-75.17,22.0],[-78.0,24.0],[-85.0,24.0],[-85.0,25.03],[-85.09,26.2],[-85.41,26.6],[-86.0,27.0],[-85.25,27.5]]]}},{"type":"Feature","properties":{"icao":"KZMA"},"geometry":{"type":"Polygon","coordinates":[[[-84.62,28.06],[-84.01,28.55],[-83.52,28.4],[-82.94,27.95],[-82.38,27.95],[-81.5,28.35],[-80.73,28.9],[-80.12,29.02],[-79.9,29.82],[-79.29,30.2],[-77.0,30.0],[-76.26,27.83],[-77.0,27.55],[-77.0,27.0],[-78.88,27.0],[-79.0,26.45],[-79.0,24.67],[-78.0,24.0],[-83.17,24.0],[-83.24,24.64],[-84.5,27.5],[-85.25,27.5],[-84.94,28.04],[-84.62,28.06]]]}},{"type":"Feature","properties":{"icao":"KZME"},"geometry":{"type":"Polygon","coordinates":[[[-95.61,36.02],[-95.4,36.2],[-95.2,36.29],[-94.68,36.43],[-93.25,36.72],[-90.57,37.15],[-88.83,37.53],[-88.32,37.72],[-87.4,37.28],[-86.15,37.3],[-85.58,36.9],[-85.23,35.42],[-85.48,34.85],[-85.93,34.81],[-86.07,34.64],[-86.18,34.39],[-86.71,34.1],[-87.25,34.1],[-87.55,34.02],[-87.63,33.32],[-87.99,33.04],[-87.85,32.7],[-88.35,32.33],[-88.32,31.52],[-88.9,31.55],[-90.35,31.65],[-91.31,31.91],[-91.69,32.28],[-91.9,33.0],[-93.16,33.95],[-93.54,34.03],[-94.53,34.53],[-94.78,34.69],[-95.0,35.07],[-95.0,35.65],[-95.61,36.02]]]}},{"type":"Feature","properties":{"icao":"KZME"},"geometry":{"type":"Polygon","coordinates":[[[-95.37,35.87],[-94.68,36.43],[-93.25,36.72],[-90.57,37.15],[-88.83,37.53],[-88.32,37.72],[-87.4,37.28],[-86.15,37.3],[-85.58,36.9],[-85.28,35.65],[-87.0,35.33],[-87.0,34.37],[-87.25,34.1],[-87.55,34.02],[-87.63,33.32],[-87.99,33.04],[-87.85,32.7],[-88.35,32.33],[-88.32,31.52],[-90.35,31.65],[-91.31,31.91],[-91.69,32.28],[-91.9,33.0],[-93.16,33.95],[-93.54,34.03],[-94.53,34.53],[-94.78,34.69],[-95.0,35.07],[-95.0,35.65],[-95.37,35.87]]]}},{"type":"Feature","properties":{"icao":"KZMP"},"geometry":{"type":"Polygon","coordinates":[[[-103.17,49.0],[-93.5,49.0],[-90.1,48.11],[-89.92,47.95],[-89.67,47.83],[-89.38,47.78],[-89.23,47.79],[-88.94,47.84],[-88.78,47.91],[-87.0,47.08],[-85.63,46.75],[-84.53,46.38],[-84.36,46.25],[-83.58,45.82],[-82.5,45.33],[-82.17,43.86],[-84.96,43.59],[-87.17,43.69],[-87.54,43.97],[-88.47,44.1],[-89.08,44.22],[-89.59,44.15],[-90.29,44.15],[-91.72,42.72],[-93.0,42.78],[-93.47,41.67],[-93.51,41.43],[-93.6,41.17],[-93.49,40.53],[-98.8,39.47],[-99.06,39.98],[-99.02,42.0],[-100.1,43.29],[-101.41,43.71],[-101.48,44.7],[-103.17,44.96],[-103.17,49.0]]]}},{"type":"Feature","properties":{"icao":"KZNY"},"geometry":{"type":"Polygon","coordinates":[[[-76.7,42.73],[-76.67,42.88],[-76.48,42.94],[-76.09,42.94],[-76.01,42.86],[-75.97,42.7],[-76.05,42.31],[-75.06,41.87],[-74.96,41.74],[-74.35,41.48],[-74.07,41.34],[-74.08,41.32],[-73.87,41.25],[-73.861,40.898],[-73.803,40.86],[-73.38,40.86],[-73.29,40.8],[-73.426,40.617],[-72.78,40.2],[-72.5,40.07],[-70.88,40.58],[-69.0,41.0],[-67.0,41.62],[-67.0,39.0],[-69.95,38.33],[-71.68,37.52],[-72.67,37.23],[-72.67,35.09],[-73.95,34.23],[-76.82,32.2],[-77.0,32.26],[-76.78,32.97],[-75.19,35.31],[-74.94,35.5],[-74.6,36.79],[-74.6,37.08],[-73.98,38.54],[-73.66,39.03],[-74.19,39.58],[-74.5,39.59],[-74.46,39.66],[-74.8,39.65],[-74.94,39.75],[-74.8,39.9],[-74.33,40.25],[-74.52,40.31],[-74.68,40.26],[-74.96,40.34],[-75.06,40.24],[-76.35,39.39],[-76.86,39.38],[-77.36,39.51],[-77.36,39.88],[-77.84,39.86],[-77.88,40.55],[-78.13,40.86],[-77.54,41.68],[-77.24,42.17],[-76.7,42.73]],[[-73.511,40.362],[-73.579,40.412],[-73.64,40.33],[-73.511,40.362]]]}},{"type":"Feature","properties":{"icao":"KZNY"},"geometry":{"type":"Polygon","coordinates":[[[-76.8,42.61],[-74.81,41.76],[-74.44,41.44],[-73.87,41.25],[-73.86,40.86],[-73.38,40.86],[-73.29,40.8],[-73.7,40.24],[-73.772,40.221],[-73.15,39.73],[-73.01,39.99],[-72.78,40.2],[-72.5,40.07],[-70.88,40.58],[-69.0,41.0],[-67.0,41.62],[-67.0,39.0],[-69.95,38.33],[-71.68,37.52],[-72.67,37.23],[-72.67,35.09],[-73.95,34.23],[-76.82,32.2],[-77.0,32.26],[-76.78,32.97],[-75.19,35.31],[-74.94,35.5],[-74.6,36.79],[-74.6,37.08],[-73.98,38.54],[-73.66,39.03],[-73.17,39.68],[-73.28,39.73],[-73.854,40.199],[-74.68,39.98],[-74.78,40.11],[-75.33,40.07],[-76.35,39.39],[-76.86,39.38],[-77.36,39.51],[-77.36,39.78],[-77.62,39.77],[-77.84,39.86],[-77.88,40.55],[-78.13,40.86],[-77.54,41.68],[-77.24,42.17],[-76.8,42.61]]]}},{"type":"Feature","properties":{"icao":"KZOA"},"geometry":{"type":"Polygon","coordinates":[[[-126.9,40.98],[-125.33,40.22],[-123.83,40.22],[-123.53,40.39],[-123.53,41.33],[-122.42,41.33],[-121.25,41.0],[-119.5,41.0],[-117.37,39.93],[-117.27,38.08],[-117.09,37.88],[-117.08,37.44],[-117.01,37.37],[-117.33,37.2],[-118.58,37.2],[-118.58,36.13],[-119.17,36.13],[-119.5,35.63],[-120.12,35.75],[-120.85,35.53],[-123.25,34.5],[-124.2,36.0],[-125.83,35.5],[-126.93,36.46],[-127.0,37.51],[-127.0,40.83],[-126.9,40.98]]]}},{"type":"Feature","properties":{"icao":"KZOB"},"geometry":{"type":"Polygon","coordinates":[[[-85.0,43.5],[-84.96,43.59],[-82.17,43.86],[-82.12,43.6],[-82.42,43.01],[-82.4,42.95],[-82.47,42.87],[-81.22,42.74],[-79.84,42.84],[-79.06,42.95],[-79.02,43.19],[-78.75,43.43],[-78.68,43.63],[-76.8,43.63],[-76.76,43.07],[-76.67,42.88],[-76.7,42.73],[-77.24,42.17],[-77.54,41.68],[-78.13,40.86],[-77.88,40.55],[-77.84,39.86],[-79.54,39.37],[-79.89,39.17],[-80.5,39.17],[-81.55,39.75],[-81.63,40.22],[-81.78,40.6],[-83.33,40.51],[-83.5,40.56],[-83.65,40.74],[-83.75,40.78],[-84.7,40.91],[-84.72,41.28],[-85.11,41.38],[-85.0,41.85],[-85.0,43.5]]]}},{"type":"Feature","properties":{"icao":"KZSE"},"geometry":{"type":"Polygon","coordinates":[[[-128.0,48.33],[-124.75,48.5],[-123.55,48.23],[-123.26,48.28],[-123.12,48.42],[-123.17,48.46],[-123.27,48.69],[-123.01,48.77],[-123.01,48.83],[-123.33,49.0],[-114.67,49.0],[-115.0,48.42],[-115.0,45.33],[-117.75,45.33],[-118.45,44.85],[-119.28,43.63],[-119.0,42.67],[-119.5,41.0],[-121.25,41.0],[-122.42,41.33],[-123.53,41.33],[-123.53,40.39],[-123.83,40.22],[-125.33,40.22],[-126.9,40.98],[-126.5,45.0],[-128.0,48.33]]]}},{"type":"Feature","properties":{"icao":"KZTL"},"geometry":{"type":"Polygon","coordinates":[[[-85.4,36.18],[-80.63,37.33],[-79.95,36.15],[-79.74,36.09],[-79.8,35.38],[-80.15,34.86],[-81.57,34.29],[-81.8,33.99],[-81.85,33.89],[-81.84,32.9],[-81.93,32.56],[-82.2,32.29],[-82.65,32.45],[-83.5,32.12],[-83.8,32.09],[-86.95,31.49],[-87.4,31.28],[-87.82,31.52],[-88.32,31.52],[-88.35,32.33],[-87.85,32.7],[-87.99,33.04],[-87.63,33.32],[-87.55,34.02],[-87.25,34.1],[-86.71,34.1],[-86.18,34.39],[-86.07,34.64],[-85.93,34.81],[-85.48,34.85],[-85.23,35.42],[-85.4,36.18]]]}},{"type":"Feature","properties":{"icao":"KZTL"},"geometry":{"type":"Polygon","coordinates":[[[-85.4,36.18],[-80.63,37.33],[-79.95,36.15],[-79.74,36.09],[-79.8,35.38],[-80.15,34.86],[-81.57,34.29],[-81.85,33.89],[-81.84,32.9],[-81.93,32.56],[-82.33,32.17],[-83.11,31.68],[-84.1,31.68],[-85.31,31.53],[-85.58,31.76],[-86.95,31.49],[-87.4,31.28],[-87.82,31.52],[-88.32,31.52],[-88.35,32.33],[-87.85,32.7],[-87.99,33.04],[-87.63,33.32],[-87.55,34.02],[-87.25,34.1],[-87.0,34.37],[-87.0,35.33],[-85.28,35.65],[-85.4,36.18]]]}},{"type":"Feature","properties":{"icao":"KZWY"},"geometry":{"type":"Polygon","coordinates":[[[-69.95,38.33],[-67.0,39.0],[-67.0,41.87],[-60.0,43.6],[-56.05,44.45],[-53.0,45.0],[-40.0,45.0],[-40.0,22.3],[-45.0,18.0],[-61.5,18.0],[-61.9,20.0],[-64.0,22.0],[-65.13,22.1],[-66.75,22.0],[-67.65,21.24],[-68.49,25.0],[-73.2,25.0],[-74.83,27.83],[-76.26,27.83],[-77.0,30.0],[-77.0,32.26],[-76.82,32.2],[-73.95,34.23],[-72.67,35.09],[-72.67,37.23],[-71.68,37.52],[-69.95,38.33]]]}},{"type":"Feature","properties":{"icao":"LAAA"},"geometry":{"type":"Polygon","coordinates":[[[20.11,39.66],[19.98,39.69],[20.0,39.75],[19.97,39.75],[19.97,39.85],[19.77,39.98],[19.65,39.98],[19.0,40.42],[19.0,40.75],[18.87,41.13],[19.38,41.85],[19.39,41.89],[19.35,41.91],[19.38,41.92],[19.36,41.96],[19.39,41.96],[19.38,42.04],[19.41,42.11],[19.29,42.18],[19.43,42.33],[19.43,42.37],[19.63,42.55],[19.65,42.62],[19.73,42.67],[19.78,42.6],[19.76,42.53],[19.81,42.48],[20.01,42.52],[20.08,42.57],[20.21,42.47],[20.25,42.33],[20.35,42.33],[20.53,42.22],[20.57,42.07],[20.64,41.97],[20.57,41.87],[20.58,41.79],[20.53,41.76],[20.53,41.67],[20.57,41.59],[20.46,41.53],[20.52,41.5],[20.52,41.45],[20.57,41.42],[20.55,41.37],[20.5,41.35],[20.52,41.26],[20.6,41.16],[20.6,41.11],[20.68,41.09],[20.76,40.91],[20.96,40.93],[21.0,40.9],[20.98,40.77],[21.07,40.68],[21.06,40.58],[21.01,40.56],[20.95,40.47],[20.85,40.49],[20.8,40.43],[20.8,40.37],[20.72,40.28],[20.74,40.23],[20.69,40.2],[20.68,40.1],[20.6,40.07],[20.46,40.08],[20.39,40.0],[20.31,39.99],[20.41,39.82],[20.38,39.79],[20.29,39.81],[20.31,39.72],[20.26,39.7],[20.26,39.67],[20.22,39.69],[20.22,39.65],[20.11,39.66]]]}},{"type":"Feature","properties":{"icao":"LBSR"},"geometry":{"type":"Polygon","coordinates":[[[22.54,42.43],[22.56,42.52],[22.45,42.58],[22.47,42.7],[22.51,42.75],[22.45,42.83],[22.54,42.89],[22.76,42.9],[22.81,43.0],[22.91,43.03],[22.99,43.12],[23.01,43.19],[22.9,43.23],[22.77,43.39],[22.68,43.4],[22.66,43.44],[22.55,43.47],[22.51,43.53],[22.5,43.65],[22.42,43.7],[22.37,43.81],[22.42,44.0],[22.63,44.07],[22.62,44.16],[22.68,44.22],[23.04,44.09],[23.04,44.04],[22.89,43.99],[22.85,43.91],[22.89,43.84],[23.13,43.81],[23.29,43.86],[23.46,43.86],[23.61,43.79],[23.72,43.81],[24.17,43.69],[24.35,43.7],[24.56,43.77],[24.69,43.72],[25.0,43.74],[25.1,43.69],[25.18,43.71],[25.27,43.69],[25.35,43.63],[25.58,43.65],[25.66,43.7],[25.79,43.72],[26.17,44.0],[26.36,44.05],[26.74,44.08],[26.89,44.14],[27.15,44.15],[27.27,44.14],[27.31,44.08],[27.41,44.03],[27.62,44.02],[27.66,44.05],[27.73,43.96],[27.93,44.01],[28.01,43.85],[28.42,43.74],[28.6,43.75],[29.0,43.67],[29.03,43.73],[30.53,43.68],[30.75,42.8],[29.0,42.12],[28.32,41.98],[27.91,41.98],[27.85,42.01],[27.84,41.95],[27.74,41.99],[27.58,41.95],[27.56,41.91],[27.28,42.11],[27.21,42.07],[27.04,42.09],[26.97,42.0],[26.84,41.97],[26.63,41.98],[26.57,41.93],[26.59,41.91],[26.55,41.84],[26.38,41.84],[26.34,41.77],[26.36,41.72],[26.29,41.72],[26.23,41.76],[26.07,41.72],[26.07,41.67],[26.14,41.63],[26.16,41.56],[26.19,41.55],[26.16,41.49],[26.2,41.45],[26.13,41.36],[26.04,41.36],[25.92,41.31],[25.84,41.35],[25.72,41.3],[25.56,41.32],[25.54,41.28],[25.45,41.29],[25.33,41.24],[25.24,41.25],[25.19,41.32],[24.94,41.41],[24.83,41.4],[24.83,41.36],[24.8,41.36],[24.73,41.43],[24.62,41.43],[24.55,41.57],[24.48,41.56],[24.47,41.53],[24.4,41.55],[24.32,41.52],[24.29,41.58],[24.19,41.52],[24.1,41.56],[24.07,41.54],[24.06,41.46],[24.03,41.48],[23.98,41.44],[23.92,41.49],[23.91,41.46],[23.81,41.45],[23.79,41.41],[23.67,41.41],[23.66,41.38],[23.42,41.41],[23.35,41.37],[23.3,41.41],[23.24,41.38],[23.22,41.33],[22.96,41.34],[22.96,41.65],[22.99,41.65],[23.04,41.74],[22.97,41.78],[22.88,41.94],[22.88,42.03],[22.74,42.05],[22.58,42.12],[22.37,42.32],[22.47,42.34],[22.49,42.4],[22.54,42.43]]]}},{"type":"Feature","properties":{"icao":"LCCC"},"geometry":{"type":"Polygon","coordinates":[[[30.0,36.08],[33.55,35.92],[35.67,35.92],[35.6,35.88],[35.48,35.57],[35.67,35.07],[35.63,34.92],[35.71,34.64],[35.6,34.55],[35.0,33.18],[34.95,33.1],[34.61,33.09],[34.55,32.73],[33.99,31.85],[30.0,33.5],[30.0,36.08]]]}},{"type":"Feature","properties":{"icao":"LDZO"},"geometry":{"type":"MultiPolygon","coordinates":[[[[13.39,45.56],[13.67,45.44],[13.75,45.47],[13.9,45.44],[14.01,45.46],[14.03,45.5],[14.18,45.47],[14.44,45.51],[14.49,45.53],[14.5,45.59],[14.58,45.66],[14.62,45.66],[14.69,45.58],[14.69,45.53],[14.8,45.5],[14.82,45.46],[14.9,45.48],[14.93,45.53],[15.16,45.42],[15.27,45.47],[15.33,45.45],[15.39,45.49],[15.31,45.52],[15.28,45.6],[15.4,45.66],[15.35,45.71],[15.3,45.68],[15.25,45.73],[15.46,45.79],[15.48,45.84],[15.5,45.82],[15.54,45.85],[15.64,45.83],[15.68,45.85],[15.73,46.04],[15.61,46.11],[15.62,46.22],[15.78,46.22],[15.79,46.26],[15.99,46.3],[16.05,46.38],[16.15,46.4],[16.27,46.37],[16.39,46.53],[16.67,46.46],[16.72,46.39],[16.86,46.36],[16.94,46.24],[17.16,46.17],[17.18,46.11],[17.26,46.06],[17.25,46.03],[17.29,46.03],[17.26,46.01],[17.32,45.99],[17.31,45.97],[17.37,45.99],[17.35,45.94],[17.58,45.94],[17.67,45.84],[17.83,45.81],[17.86,45.77],[18.15,45.79],[18.4,45.74],[18.57,45.8],[18.66,45.91],[18.81,45.88],[18.82,45.91],[18.9,45.92],[18.87,45.89],[18.9,45.87],[18.86,45.86],[18.85,45.81],[18.91,45.83],[18.93,45.8],[18.85,45.77],[18.98,45.75],[18.9,45.72],[18.98,45.72],[18.91,45.71],[18.97,45.66],[18.95,45.62],[18.91,45.62],[18.9,45.57],[19.1,45.51],[19.0,45.49],[18.99,45.45],[19.03,45.41],[18.98,45.4],[18.98,45.37],[19.08,45.34],[19.16,45.27],[19.26,45.28],[19.27,45.24],[19.41,45.23],[19.44,45.18],[19.17,45.2],[19.19,45.18],[19.14,45.13],[19.08,45.14],[19.11,45.09],[19.08,44.98],[19.14,44.98],[19.15,44.95],[18.99,44.9],[18.98,44.85],[18.84,44.86],[18.76,44.91],[18.76,44.95],[18.8,44.94],[18.79,45.0],[18.73,45.0],[18.67,45.06],[18.67,45.1],[18.66,45.06],[18.61,45.07],[18.63,45.1],[18.6,45.08],[18.57,45.1],[18.57,45.07],[18.53,45.1],[18.53,45.05],[18.43,45.11],[18.32,45.1],[18.26,45.14],[18.21,45.13],[18.2,45.08],[18.11,45.08],[18.07,45.14],[18.01,45.15],[17.94,45.11],[17.94,45.08],[17.85,45.05],[17.67,45.14],[17.49,45.11],[17.45,45.16],[17.36,45.14],[17.28,45.19],[17.25,45.15],[17.18,45.15],[17.04,45.23],[17.01,45.22],[17.02,45.24],[16.94,45.23],[16.93,45.28],[16.83,45.19],[16.53,45.23],[16.4,45.11],[16.34,45.0],[16.11,45.08],[16.02,45.22],[15.93,45.21],[15.93,45.24],[15.76,45.18],[15.78,45.11],[15.74,45.07],[15.78,44.98],[15.74,44.95],[15.8,44.84],[15.75,44.81],[15.77,44.75],[15.84,44.71],[15.92,44.72],[16.0,44.61],[16.11,44.54],[16.17,44.43],[16.14,44.4],[16.22,44.36],[16.2,44.31],[16.23,44.22],[16.32,44.1],[16.53,44.0],[16.75,43.77],[16.93,43.68],[17.18,43.48],[17.31,43.46],[17.29,43.38],[17.35,43.25],[17.43,43.23],[17.45,43.17],[17.65,43.08],[17.72,42.96],[17.58,42.94],[17.65,42.89],[17.83,42.91],[17.89,42.81],[18.05,42.75],[18.25,42.6],[18.37,42.61],[18.44,42.55],[18.42,42.49],[18.54,42.43],[18.6,42.2],[18.31,41.41],[16.35,42.35],[16.32,42.32],[16.18,42.34],[16.16,42.43],[14.5,43.5],[13.33,44.53],[13.0,45.17],[13.0,45.3],[13.39,45.56]]],[[[17.37,45.95],[17.36,45.96],[17.38,45.96],[17.37,45.95]]]]}},{"type":"Feature","properties":{"icao":"LECB"},"geometry":{"type":"Polygon","coordinates":[[[-0.07,42.7],[0.13,42.71],[0.19,42.74],[0.28,42.68],[0.35,42.72],[0.68,42.69],[0.65,42.79],[0.7,42.87],[0.94,42.79],[0.96,42.81],[1.1,42.78],[1.16,42.71],[1.36,42.72],[1.44,42.61],[1.42,42.54],[1.46,42.52],[1.43,42.49],[1.46,42.44],[1.73,42.5],[1.94,42.45],[1.96,42.39],[2.01,42.36],[2.09,42.37],[2.15,42.43],[2.26,42.44],[2.52,42.34],[2.67,42.34],[2.65,42.38],[2.7,42.42],[2.8,42.42],[2.86,42.47],[3.04,42.48],[3.07,42.44],[3.18,42.44],[4.67,42.0],[4.67,39.0],[3.75,38.33],[-1.5,36.25],[-2.1,35.83],[-1.1,39.73],[-0.07,42.7]]]}},{"type":"Feature","properties":{"icao":"LECM"},"geometry":{"type":"Polygon","coordinates":[[[-13.0,45.0],[-8.0,45.0],[-4.0,44.33],[-1.78,43.58],[-1.79,43.36],[-1.74,43.34],[-1.73,43.3],[-1.63,43.31],[-1.62,43.26],[-1.55,43.29],[-1.39,43.26],[-1.41,43.16],[-1.47,43.1],[-1.44,43.05],[-1.35,43.04],[-1.33,43.11],[-1.29,43.12],[-1.3,43.07],[-1.21,43.06],[-1.14,43.01],[-1.11,43.03],[-0.93,42.96],[-0.76,42.97],[-0.72,42.89],[-0.57,42.79],[-0.51,42.83],[-0.39,42.81],[-0.29,42.85],[-0.18,42.79],[-0.15,42.81],[-0.06,42.7],[-1.1,39.73],[-2.1,35.83],[-7.38,35.83],[-7.38,37.13],[-7.44,37.25],[-7.42,37.27],[-7.46,37.49],[-7.52,37.56],[-7.45,37.65],[-7.42,37.76],[-7.27,37.88],[-7.25,37.99],[-7.13,38.0],[-7.11,38.04],[-6.99,38.03],[-6.93,38.21],[-7.1,38.19],[-7.2,38.34],[-7.33,38.44],[-7.24,38.62],[-7.27,38.64],[-7.25,38.73],[-7.03,38.87],[-7.05,38.91],[-6.95,39.03],[-7.04,39.12],[-7.13,39.1],[-7.15,39.12],[-7.13,39.17],[-7.24,39.21],[-7.23,39.28],[-7.33,39.39],[-7.29,39.46],[-7.38,39.49],[-7.39,39.53],[-7.48,39.58],[-7.53,39.65],[-7.01,39.67],[-6.99,39.8],[-6.9,39.87],[-6.86,40.01],[-6.94,40.11],[-7.0,40.12],[-7.02,40.2],[-6.94,40.26],[-6.86,40.27],[-6.78,40.36],[-6.84,40.45],[-6.79,40.52],[-6.84,40.57],[-6.79,40.64],[-6.83,40.75],[-6.8,40.88],[-6.84,40.89],[-6.84,40.93],[-6.93,41.03],[-6.81,41.04],[-6.75,41.11],[-6.77,41.13],[-6.65,41.24],[-6.56,41.24],[-6.38,41.36],[-6.38,41.4],[-6.33,41.39],[-6.29,41.48],[-6.18,41.58],[-6.33,41.68],[-6.44,41.69],[-6.5,41.66],[-6.55,41.69],[-6.57,41.75],[-6.52,41.87],[-6.56,41.88],[-6.54,41.93],[-6.57,41.97],[-6.61,41.94],[-6.73,41.94],[-6.8,41.99],[-6.81,41.95],[-6.93,41.94],[-6.96,41.97],[-7.06,41.95],[-7.16,41.99],[-7.2,41.88],[-7.37,41.85],[-7.4,41.81],[-7.49,41.87],[-7.59,41.83],[-7.61,41.84],[-7.57,41.88],[-7.69,41.91],[-7.87,41.85],[-7.89,41.93],[-7.91,41.88],[-8.1,41.8],[-8.15,41.82],[-8.21,41.92],[-8.08,42.02],[-8.08,42.06],[-8.18,42.07],[-8.19,42.15],[-8.32,42.09],[-8.63,42.05],[-8.84,41.87],[-10.07,42.02],[-13.0,43.0],[-13.0,45.0]]]}},{"type":"Feature","properties":{"icao":"LFBB"},"geometry":{"type":"Polygon","coordinates":[[[-1.29,43.12],[-1.33,43.11],[-1.35,43.04],[-1.44,43.05],[-1.47,43.1],[-1.43,43.12],[-1.39,43.26],[-1.5,43.29],[-1.62,43.26],[-1.63,43.31],[-1.73,43.3],[-1.74,43.34],[-1.79,43.36],[-1.63,46.5],[-0.25,46.5],[-0.25,47.17],[2.0,47.17],[2.83,46.75],[2.92,46.33],[3.0,45.71],[3.04,44.62],[2.71,43.71],[2.71,43.21],[2.57,43.26],[2.28,43.0],[2.74,42.59],[2.72,42.42],[2.65,42.38],[2.67,42.34],[2.52,42.34],[2.26,42.44],[2.15,42.43],[2.09,42.37],[2.01,42.36],[1.96,42.39],[1.94,42.45],[1.73,42.5],[1.46,42.44],[1.43,42.48],[1.46,42.52],[1.42,42.54],[1.44,42.61],[1.36,42.72],[1.16,42.71],[1.1,42.78],[0.96,42.81],[0.94,42.79],[0.7,42.87],[0.65,42.79],[0.68,42.69],[0.35,42.72],[0.28,42.68],[0.19,42.74],[-0.01,42.69],[-0.1,42.73],[-0.15,42.81],[-0.18,42.79],[-0.29,42.85],[-0.39,42.81],[-0.51,42.83],[-0.57,42.79],[-0.72,42.89],[-0.76,42.97],[-0.93,42.96],[-1.11,43.03],[-1.14,43.01],[-1.21,43.06],[-1.3,43.07],[-1.29,43.12]]]}},{"type":"Feature","properties":{"icao":"LFEE"},"geometry":{"type":"Polygon","coordinates":[[[4.8,48.95],[6.18,49.51],[6.48,49.46],[6.59,49.39],[6.6,49.36],[6.57,49.34],[6.67,49.28],[6.69,49.22],[6.73,49.22],[6.73,49.17],[6.77,49.16],[6.84,49.15],[6.85,49.22],[6.94,49.22],[7.04,49.19],[7.06,49.11],[7.11,49.16],[7.16,49.12],[7.3,49.12],[7.37,49.17],[7.45,49.18],[7.44,49.16],[7.49,49.17],[7.53,49.1],[7.65,49.05],[7.94,49.06],[8.07,49.0],[8.24,48.97],[8.15,48.91],[8.09,48.8],[7.97,48.76],[7.93,48.69],[7.84,48.65],[7.81,48.6],[7.81,48.52],[7.73,48.39],[7.75,48.33],[7.7,48.31],[7.67,48.22],[7.58,48.12],[7.57,48.04],[7.62,47.97],[7.56,47.89],[7.54,47.73],[7.51,47.7],[7.58,47.58],[7.55,47.59],[7.5,47.54],[7.5,47.49],[7.43,47.5],[7.45,47.47],[7.4,47.44],[7.25,47.42],[7.17,47.45],[7.19,47.49],[7.13,47.51],[6.98,47.5],[7.0,47.46],[6.94,47.44],[6.87,47.36],[7.03,47.38],[7.06,47.35],[7.0,47.3],[6.94,47.3],[6.93,47.23],[6.7,47.09],[6.62,47.0],[6.45,46.95],[6.43,46.92],[6.46,46.86],[6.42,46.82],[6.45,46.79],[6.11,46.59],[6.14,46.53],[6.1,46.5],[4.83,46.5],[4.33,47.42],[5.17,48.17],[5.73,48.25],[4.8,48.95]]]}},{"type":"Feature","properties":{"icao":"LFFF"},"geometry":{"type":"Polygon","coordinates":[[[-0.25,50.0],[1.47,50.67],[1.47,51.0],[2.0,51.12],[2.55,51.09],[2.57,51.01],[2.63,50.95],[2.59,50.92],[2.62,50.88],[2.6,50.85],[2.72,50.82],[2.82,50.72],[2.92,50.7],[2.95,50.75],[3.15,50.79],[3.21,50.71],[3.26,50.7],[3.24,50.65],[3.29,50.52],[3.38,50.49],[3.49,50.53],[3.52,50.52],[3.49,50.49],[3.63,50.48],[3.67,50.43],[3.66,50.36],[3.69,50.31],[3.73,50.31],[3.74,50.35],[3.93,50.33],[4.03,50.36],[4.14,50.26],[4.17,50.26],[4.16,50.29],[4.2,50.28],[4.22,50.25],[4.15,50.21],[4.16,50.16],[4.13,50.13],[4.19,50.14],[4.23,50.08],[4.14,50.03],[4.15,49.98],[4.19,49.96],[4.51,49.95],[4.68,50.0],[4.69,50.09],[4.76,50.14],[4.88,50.16],[4.9,50.14],[4.87,50.13],[4.87,50.09],[4.84,50.1],[4.84,50.04],[4.79,49.96],[4.88,49.93],[4.86,49.79],[5.0,49.8],[5.1,49.76],[5.17,49.69],[5.26,49.7],[5.33,49.65],[5.32,49.61],[5.39,49.62],[5.46,49.57],[5.44,49.55],[5.47,49.53],[5.44,49.52],[5.48,49.49],[5.55,49.53],[5.62,49.51],[5.65,49.55],[5.79,49.56],[5.86,49.5],[5.97,49.49],[6.0,49.45],[4.8,48.95],[5.73,48.25],[5.17,48.17],[4.33,47.42],[4.83,46.5],[3.27,46.5],[2.92,46.33],[2.83,46.75],[2.0,47.17],[-0.25,47.17],[-0.25,50.0]]]}},{"type":"Feature","properties":{"icao":"LFMM"},"geometry":{"type":"Polygon","coordinates":[[[2.92,46.33],[3.27,46.5],[6.1,46.5],[6.06,46.42],[6.15,46.35],[6.1,46.3],[6.11,46.26],[5.97,46.22],[5.96,46.15],[6.12,46.15],[6.3,46.25],[6.21,46.31],[6.3,46.4],[6.5,46.46],[6.81,46.43],[6.76,46.36],[6.85,46.29],[6.78,46.15],[6.89,46.13],[6.87,46.07],[6.93,46.08],[7.04,45.93],[7.0,45.88],[6.8,45.83],[6.8,45.73],[6.91,45.65],[7.0,45.65],[6.97,45.63],[6.98,45.54],[7.18,45.42],[7.11,45.34],[7.13,45.27],[7.07,45.22],[6.95,45.21],[6.88,45.14],[6.75,45.16],[6.61,45.11],[6.67,45.03],[6.73,45.03],[6.75,44.91],[6.89,44.85],[7.0,44.85],[7.02,44.75],[7.06,44.72],[7.07,44.69],[6.96,44.68],[6.93,44.58],[6.85,44.53],[6.94,44.44],[6.89,44.43],[6.88,44.37],[6.92,44.36],[7.01,44.23],[7.07,44.24],[7.28,44.14],[7.34,44.15],[7.36,44.12],[7.68,44.18],[7.7,44.05],[7.49,43.89],[7.53,43.78],[9.75,43.17],[9.75,41.33],[8.33,41.33],[8.0,41.0],[8.0,39.0],[4.67,39.0],[4.67,42.0],[3.18,42.44],[3.07,42.44],[3.04,42.48],[2.86,42.47],[2.8,42.42],[2.72,42.42],[2.74,42.59],[2.28,43.0],[2.57,43.26],[2.71,43.21],[2.71,43.71],[3.04,44.62],[3.0,45.71],[2.92,46.33]]]}},{"type":"Feature","properties":{"icao":"LFRR"},"geometry":{"type":"Polygon","coordinates":[[[-0.25,50.0],[-0.25,46.5],[-1.63,46.5],[-1.78,43.58],[-4.0,44.33],[-8.0,45.0],[-8.0,48.83],[-2.0,50.0],[-0.25,50.0]]]}},{"type":"Feature","properties":{"icao":"LGGG"},"geometry":{"type":"Polygon","coordinates":[[[20.98,40.78],[21.0,40.86],[21.17,40.86],[21.22,40.89],[21.33,40.87],[21.42,40.92],[21.53,40.92],[21.6,40.87],[21.71,40.95],[21.81,40.94],[21.82,40.99],[21.92,41.05],[21.92,41.1],[22.08,41.17],[22.13,41.13],[22.2,41.17],[22.28,41.17],[22.45,41.12],[22.62,41.13],[22.66,41.19],[22.74,41.15],[22.77,41.33],[22.82,41.35],[23.22,41.33],[23.24,41.38],[23.3,41.41],[23.35,41.37],[23.42,41.41],[23.66,41.38],[23.67,41.41],[23.79,41.41],[23.81,41.45],[23.91,41.46],[23.92,41.49],[23.98,41.44],[24.03,41.48],[24.06,41.46],[24.07,41.54],[24.1,41.56],[24.19,41.52],[24.29,41.58],[24.32,41.52],[24.4,41.55],[24.47,41.53],[24.48,41.56],[24.55,41.57],[24.62,41.43],[24.73,41.43],[24.8,41.36],[24.83,41.36],[24.83,41.4],[24.94,41.41],[25.19,41.32],[25.24,41.25],[25.33,41.24],[25.45,41.29],[25.54,41.28],[25.56,41.32],[25.72,41.3],[25.84,41.35],[25.92,41.31],[26.04,41.36],[26.13,41.36],[26.2,41.45],[26.16,41.49],[26.19,41.53],[26.16,41.61],[26.07,41.67],[26.07,41.72],[26.13,41.75],[26.34,41.73],[26.6,41.62],[26.64,41.36],[26.6,41.33],[26.53,41.35],[26.42,41.26],[26.33,41.26],[26.31,41.18],[26.34,41.15],[26.31,41.12],[26.34,41.11],[26.33,41.05],[26.37,41.03],[26.33,41.0],[26.36,40.95],[26.29,40.94],[26.3,40.9],[26.27,40.92],[26.23,40.9],[26.22,40.84],[26.15,40.81],[26.13,40.75],[26.04,40.75],[25.88,40.62],[25.9,40.38],[25.67,40.25],[25.6,40.1],[25.7,39.95],[25.7,39.76],[25.98,39.39],[26.42,39.47],[26.5,39.33],[26.78,39.02],[26.43,38.83],[26.32,38.67],[26.35,38.48],[26.2,38.35],[26.2,38.22],[26.3,38.11],[26.52,37.98],[26.93,38.0],[27.15,37.83],[27.1,37.72],[26.98,37.67],[26.98,37.57],[27.05,37.55],[27.18,37.27],[27.1,37.15],[27.25,36.97],[27.43,36.9],[27.43,36.82],[27.23,36.73],[27.45,36.57],[27.85,36.72],[27.93,36.7],[28.0,36.49],[28.05,36.48],[28.3,36.57],[28.48,36.55],[28.88,36.22],[29.25,36.1],[29.32,36.18],[29.58,36.18],[29.73,36.07],[30.0,36.08],[30.0,33.5],[27.17,34.0],[24.17,34.0],[23.58,34.33],[19.0,36.5],[19.0,40.42],[19.65,39.98],[19.77,39.98],[19.97,39.85],[19.97,39.75],[20.0,39.75],[19.98,39.69],[20.22,39.65],[20.22,39.69],[20.26,39.67],[20.26,39.7],[20.31,39.72],[20.29,39.81],[20.38,39.79],[20.41,39.82],[20.31,39.99],[20.39,40.0],[20.46,40.08],[20.6,40.07],[20.68,40.1],[20.69,40.2],[20.74,40.23],[20.72,40.28],[20.8,40.37],[20.8,40.43],[20.85,40.49],[20.95,40.47],[20.98,40.53],[21.06,40.58],[21.07,40.68],[20.98,40.78]]]}},{"type":"Feature","properties":{"icao":"LHCC"},"geometry":{"type":"MultiPolygon","coordinates":[[[[16.11,46.87],[16.27,46.97],[16.29,47.02],[16.31,47.0],[16.52,47.01],[16.45,47.03],[16.52,47.06],[16.47,47.1],[16.53,47.13],[16.45,47.15],[16.47,47.17],[16.42,47.2],[16.49,47.28],[16.44,47.35],[16.45,47.41],[16.58,47.41],[16.67,47.47],[16.65,47.49],[16.71,47.54],[16.64,47.63],[16.57,47.62],[16.43,47.67],[16.59,47.76],[16.71,47.74],[16.75,47.68],[16.83,47.68],[16.87,47.72],[16.87,47.69],[17.09,47.71],[17.06,47.79],[17.08,47.81],[17.02,47.86],[17.11,47.89],[17.1,47.97],[17.19,48.02],[17.37,47.98],[17.58,47.81],[17.77,47.74],[18.32,47.73],[18.57,47.77],[18.68,47.75],[18.74,47.78],[18.74,47.81],[18.87,47.81],[18.79,47.88],[18.79,47.98],[18.83,48.0],[18.84,48.05],[18.93,48.08],[19.25,48.06],[19.31,48.09],[19.48,48.09],[19.53,48.2],[19.62,48.24],[19.76,48.22],[19.8,48.2],[19.79,48.16],[19.89,48.17],[19.93,48.13],[20.08,48.18],[20.15,48.27],[20.19,48.25],[20.25,48.29],[20.32,48.27],[20.5,48.49],[20.5,48.54],[20.84,48.59],[20.97,48.52],[21.06,48.53],[21.12,48.49],[21.22,48.54],[21.43,48.56],[21.44,48.59],[21.52,48.56],[21.55,48.51],[21.63,48.51],[21.68,48.4],[21.79,48.34],[21.99,48.39],[22.13,48.38],[22.2,48.42],[22.28,48.41],[22.25,48.39],[22.27,48.36],[22.33,48.36],[22.32,48.33],[22.38,48.24],[22.5,48.26],[22.59,48.19],[22.62,48.09],[22.83,48.12],[22.89,48.04],[22.89,48.0],[22.85,47.99],[22.91,47.96],[22.86,47.91],[22.77,47.89],[22.78,47.84],[22.71,47.83],[22.67,47.78],[22.56,47.77],[22.48,47.81],[22.44,47.79],[22.43,47.74],[22.33,47.76],[22.24,47.69],[22.18,47.59],[22.06,47.55],[22.02,47.51],[22.03,47.39],[21.94,47.37],[21.86,47.25],[21.87,47.2],[21.79,47.11],[21.66,47.04],[21.69,46.96],[21.61,46.93],[21.61,46.86],[21.53,46.83],[21.5,46.75],[21.54,46.73],[21.51,46.69],[21.44,46.69],[21.46,46.66],[21.42,46.62],[21.33,46.63],[21.33,46.57],[21.27,46.51],[21.32,46.46],[21.3,46.41],[21.22,46.41],[21.19,46.31],[21.12,46.3],[21.08,46.25],[20.82,46.28],[20.76,46.25],[20.72,46.17],[20.65,46.14],[20.52,46.19],[20.48,46.15],[20.35,46.17],[20.27,46.13],[20.11,46.18],[20.08,46.15],[19.95,46.18],[19.83,46.13],[19.71,46.19],[19.58,46.18],[19.51,46.15],[19.53,46.12],[19.43,46.05],[19.35,46.05],[19.29,46.02],[19.3,46.0],[19.18,45.99],[19.12,46.04],[19.08,45.97],[18.99,45.95],[19.0,45.93],[18.82,45.91],[18.81,45.88],[18.66,45.91],[18.57,45.8],[18.4,45.74],[18.15,45.79],[17.86,45.77],[17.83,45.81],[17.67,45.84],[17.58,45.94],[17.38,45.93],[17.37,45.95],[17.38,45.96],[17.36,45.96],[17.37,45.99],[17.31,45.97],[17.32,45.99],[17.26,46.01],[17.29,46.03],[17.25,46.03],[17.26,46.06],[17.18,46.11],[17.16,46.17],[16.94,46.24],[16.86,46.36],[16.72,46.39],[16.67,46.46],[16.53,46.5],[16.51,46.56],[16.38,46.64],[16.42,46.69],[16.32,46.75],[16.34,46.85],[16.26,46.88],[16.11,46.87]]],[[[17.34,45.96],[17.37,45.95],[17.35,45.94],[17.34,45.96]]]]}},{"type":"Feature","properties":{"icao":"LIBB"},"geometry":{"type":"Polygon","coordinates":[[[13.33,43.52],[14.5,43.5],[16.16,42.43],[18.0,41.57],[18.87,41.13],[19.0,40.75],[19.0,38.88],[17.17,38.88],[16.52,38.98],[16.25,39.23],[15.12,41.2],[14.38,41.45],[13.08,42.92],[13.33,43.52]]]}},{"type":"Feature","properties":{"icao":"LIMM"},"geometry":{"type":"Polygon","coordinates":[[[9.75,43.17],[7.53,43.78],[7.49,43.89],[7.7,44.05],[7.68,44.18],[7.36,44.12],[7.34,44.15],[7.28,44.14],[7.07,44.24],[7.01,44.23],[6.92,44.36],[6.88,44.37],[6.89,44.43],[6.94,44.44],[6.85,44.53],[6.93,44.58],[6.96,44.68],[7.07,44.69],[7.0,44.8],[7.02,44.82],[7.0,44.85],[6.89,44.85],[6.75,44.91],[6.73,45.03],[6.67,45.03],[6.61,45.11],[6.75,45.16],[6.88,45.14],[6.95,45.21],[7.07,45.22],[7.13,45.27],[7.11,45.34],[7.18,45.42],[6.98,45.54],[6.97,45.63],[7.0,45.65],[6.91,45.65],[6.8,45.73],[6.8,45.83],[7.0,45.88],[7.04,45.94],[7.1,45.87],[7.14,45.89],[7.2,45.87],[7.29,45.93],[7.42,45.92],[7.55,46.0],[7.65,45.99],[7.71,45.94],[7.86,45.93],[7.89,46.0],[7.99,46.0],[8.05,46.11],[8.15,46.15],[8.15,46.21],[8.09,46.27],[8.13,46.31],[8.19,46.3],[8.32,46.39],[8.3,46.43],[8.39,46.46],[8.46,46.45],[8.47,46.36],[8.43,46.3],[8.47,46.24],[8.52,46.23],[8.62,46.13],[8.86,46.08],[8.79,46.01],[8.89,45.97],[8.94,45.88],[8.91,45.84],[9.03,45.83],[9.08,45.91],[9.02,45.93],[8.99,45.98],[9.02,46.0],[9.01,46.05],[9.08,46.07],[9.08,46.12],[9.24,46.24],[9.29,46.33],[9.28,46.41],[9.25,46.43],[9.28,46.5],[9.36,46.51],[9.4,46.47],[9.47,46.5],[9.45,46.46],[9.47,46.38],[9.57,46.3],[9.71,46.3],[9.73,46.35],[9.96,46.38],[9.99,46.3],[10.05,46.27],[10.04,46.23],[10.13,46.23],[10.17,46.26],[10.11,46.35],[10.16,46.41],[10.04,46.45],[10.05,46.54],[10.11,46.61],[10.23,46.64],[10.24,46.59],[10.3,46.55],[10.46,46.54],[10.49,46.61],[10.4,46.64],[10.38,46.69],[10.44,46.75],[10.42,46.79],[10.47,46.86],[10.56,46.84],[10.67,46.87],[10.76,46.83],[10.73,46.79],[11.01,46.77],[11.16,46.97],[11.32,47.0],[11.41,46.97],[11.47,47.02],[11.54,46.99],[11.62,47.02],[11.75,46.98],[12.18,47.1],[12.23,47.07],[12.2,47.03],[12.12,47.01],[12.15,46.92],[12.22,46.88],[12.27,46.89],[12.31,46.84],[12.28,46.79],[12.35,46.78],[12.38,46.72],[12.44,46.69],[12.8,46.65],[12.84,46.61],[13.1,46.6],[13.24,46.56],[13.51,46.57],[13.72,46.52],[13.7,46.44],[13.6,46.44],[13.57,46.4],[13.45,46.37],[13.44,46.33],[13.38,46.3],[13.42,46.21],[13.49,46.23],[13.67,46.18],[13.62,46.12],[13.5,46.07],[13.51,46.03],[13.48,46.0],[13.53,45.97],[13.64,45.99],[13.65,45.94],[13.59,45.9],[13.59,45.82],[13.78,45.75],[13.91,45.63],[13.84,45.58],[13.72,45.6],[13.73,45.62],[13.5,45.63],[13.0,45.3],[13.0,45.17],[13.33,44.53],[14.5,43.5],[13.33,43.52],[11.17,43.72],[10.3,43.58],[9.75,43.17]]]}},{"type":"Feature","properties":{"icao":"LIRR"},"geometry":{"type":"Polygon","coordinates":[[[9.75,43.17],[10.3,43.58],[11.17,43.72],[13.33,43.52],[13.08,42.92],[14.38,41.45],[15.12,41.2],[16.25,39.23],[16.52,38.98],[17.17,38.88],[19.0,38.88],[19.0,36.5],[11.5,36.5],[11.5,37.5],[8.0,39.0],[8.0,41.0],[8.33,41.33],[9.75,41.33],[9.75,43.17]]]}},{"type":"Feature","properties":{"icao":"LJLA"},"geometry":{"type":"Polygon","coordinates":[[[13.67,45.44],[13.39,45.56],[13.5,45.63],[13.73,45.62],[13.72,45.6],[13.84,45.58],[13.91,45.64],[13.78,45.75],[13.59,45.82],[13.59,45.9],[13.65,45.94],[13.64,45.99],[13.53,45.97],[13.48,46.0],[13.51,46.03],[13.5,46.07],[13.62,46.12],[13.67,46.18],[13.49,46.23],[13.42,46.21],[13.38,46.3],[13.44,46.33],[13.45,46.37],[13.57,46.4],[13.6,46.44],[13.7,46.44],[13.72,46.52],[14.1,46.49],[14.16,46.44],[14.43,46.45],[14.58,46.38],[14.58,46.43],[14.67,46.45],[14.71,46.5],[14.82,46.51],[14.87,46.61],[14.94,46.63],[14.98,46.61],[15.07,46.66],[15.42,46.66],[15.47,46.61],[15.55,46.64],[15.57,46.68],[15.83,46.72],[16.03,46.66],[16.04,46.69],[15.98,46.78],[15.99,46.84],[16.26,46.88],[16.34,46.85],[16.32,46.75],[16.42,46.69],[16.38,46.64],[16.59,46.47],[16.39,46.53],[16.27,46.37],[16.15,46.4],[16.05,46.38],[15.99,46.3],[15.79,46.26],[15.78,46.22],[15.62,46.22],[15.61,46.11],[15.73,46.04],[15.68,45.85],[15.64,45.83],[15.54,45.85],[15.5,45.82],[15.48,45.84],[15.46,45.79],[15.25,45.73],[15.3,45.68],[15.35,45.71],[15.4,45.66],[15.28,45.6],[15.31,45.52],[15.39,45.49],[15.33,45.45],[15.27,45.47],[15.16,45.42],[14.93,45.53],[14.9,45.48],[14.82,45.46],[14.8,45.5],[14.69,45.53],[14.69,45.58],[14.62,45.66],[14.58,45.66],[14.5,45.59],[14.49,45.53],[14.44,45.51],[14.18,45.47],[14.03,45.5],[14.01,45.46],[13.9,45.44],[13.75,45.47],[13.67,45.44]]]}},{"type":"Feature","properties":{"icao":"LKAA"},"geometry":{"type":"MultiPolygon","coordinates":[[[[12.11,50.26],[12.14,50.28],[12.12,50.32],[12.19,50.32],[12.33,50.17],[12.33,50.23],[12.37,50.28],[12.51,50.39],[12.68,50.42],[12.71,50.4],[12.82,50.46],[12.94,50.41],[12.99,50.42],[13.03,50.45],[13.04,50.51],[13.18,50.5],[13.24,50.58],[13.32,50.58],[13.38,50.65],[13.47,50.6],[13.53,50.64],[13.54,50.71],[13.86,50.73],[13.9,50.74],[13.9,50.79],[13.99,50.82],[14.07,50.81],[14.26,50.9],[14.39,50.9],[14.4,50.94],[14.32,50.95],[14.32,50.99],[14.26,50.99],[14.3,51.06],[14.41,51.02],[14.5,51.05],[14.5,51.02],[14.59,50.99],[14.57,50.92],[14.65,50.93],[14.62,50.86],[14.77,50.82],[14.87,50.88],[15.0,50.87],[14.98,50.93],[15.02,50.97],[14.97,50.99],[15.01,51.03],[15.13,50.99],[15.17,51.02],[15.18,50.98],[15.24,51.0],[15.28,50.98],[15.28,50.89],[15.36,50.84],[15.38,50.78],[15.45,50.82],[15.7,50.74],[15.81,50.76],[15.86,50.67],[15.99,50.69],[15.99,50.61],[16.05,50.61],[16.1,50.66],[16.19,50.63],[16.23,50.67],[16.35,50.66],[16.45,50.57],[16.4,50.57],[16.36,50.5],[16.31,50.51],[16.22,50.46],[16.23,50.44],[16.2,50.45],[16.21,50.41],[16.28,50.37],[16.36,50.38],[16.39,50.32],[16.44,50.32],[16.54,50.24],[16.56,50.16],[16.63,50.11],[16.71,50.1],[16.84,50.21],[16.88,50.2],[16.95,50.24],[17.02,50.22],[17.01,50.29],[16.94,50.31],[16.91,50.38],[16.86,50.41],[16.91,50.45],[17.04,50.4],[17.19,50.39],[17.18,50.37],[17.27,50.32],[17.35,50.31],[17.35,50.26],[17.4,50.29],[17.43,50.25],[17.61,50.26],[17.68,50.29],[17.69,50.33],[17.75,50.3],[17.73,50.25],[17.76,50.2],[17.59,50.15],[17.74,50.1],[17.83,49.98],[17.93,49.98],[18.0,50.02],[18.05,50.0],[18.05,50.04],[18.01,50.03],[18.04,50.06],[18.15,49.98],[18.21,50.0],[18.3,49.92],[18.36,49.94],[18.53,49.9],[18.55,49.93],[18.58,49.91],[18.57,49.87],[18.6,49.87],[18.57,49.83],[18.62,49.78],[18.64,49.7],[18.81,49.68],[18.86,49.54],[18.75,49.48],[18.67,49.52],[18.6,49.5],[18.58,49.52],[18.37,49.33],[18.2,49.3],[18.07,49.05],[17.93,49.02],[17.88,48.93],[17.78,48.92],[17.53,48.82],[17.47,48.85],[17.41,48.83],[17.18,48.87],[17.06,48.78],[16.95,48.62],[16.92,48.62],[16.91,48.71],[16.68,48.72],[16.66,48.78],[16.61,48.77],[16.54,48.81],[16.45,48.79],[16.37,48.72],[16.09,48.74],[15.85,48.87],[15.68,48.86],[15.29,48.99],[15.26,48.95],[15.18,48.94],[15.16,48.99],[15.03,49.02],[14.97,48.93],[14.99,48.89],[14.95,48.79],[14.99,48.77],[14.82,48.79],[14.8,48.73],[14.72,48.69],[14.71,48.59],[14.44,48.65],[14.44,48.6],[14.39,48.6],[14.32,48.54],[14.19,48.6],[14.06,48.6],[14.01,48.64],[14.06,48.66],[14.05,48.68],[13.8,48.78],[13.8,48.82],[13.74,48.88],[13.67,48.88],[13.63,48.95],[13.51,48.97],[13.49,48.94],[13.4,48.99],[13.4,49.05],[13.18,49.14],[13.18,49.17],[13.03,49.26],[13.03,49.3],[12.97,49.34],[12.81,49.34],[12.76,49.4],[12.66,49.43],[12.64,49.52],[12.52,49.63],[12.52,49.69],[12.4,49.75],[12.47,49.79],[12.47,49.84],[12.5,49.84],[12.55,49.92],[12.48,49.94],[12.47,50.0],[12.43,49.99],[12.32,50.06],[12.26,50.06],[12.28,50.08],[12.2,50.13],[12.22,50.16],[12.2,50.2],[12.11,50.26]]],[[[17.35,50.32],[17.34,50.33],[17.35,50.33],[17.35,50.32]]]]}},{"type":"Feature","properties":{"icao":"LLLL"},"geometry":{"type":"Polygon","coordinates":[[[33.99,31.85],[34.55,32.73],[34.61,33.09],[35.33,33.1],[35.38,33.05],[35.54,33.13],[35.55,33.23],[35.59,33.28],[35.64,33.24],[35.69,33.25],[35.66,33.06],[35.62,33.02],[35.62,32.9],[35.66,32.86],[35.62,32.71],[35.65,32.69],[35.58,32.63],[35.6,32.55],[35.57,32.55],[35.58,32.21],[35.53,32.09],[35.55,31.97],[35.52,31.92],[35.56,31.76],[35.48,31.57],[35.46,31.36],[35.39,31.26],[35.46,31.12],[35.4,31.01],[35.42,30.97],[35.33,30.86],[35.34,30.83],[35.29,30.77],[35.15,30.42],[35.19,30.36],[35.14,30.24],[35.18,30.12],[35.09,30.0],[35.08,29.87],[34.95,29.47],[34.9,29.47],[34.87,29.54],[34.86,29.74],[34.62,30.36],[34.55,30.4],[34.57,30.48],[34.52,30.53],[34.5,30.68],[33.99,31.85]]]}},{"type":"Feature","properties":{"icao":"LMMM"},"geometry":{"type":"Polygon","coordinates":[[[11.5,36.5],[19.0,36.5],[23.58,34.33],[11.5,34.33],[11.5,36.5]]]}},{"type":"Feature","properties":{"icao":"LOVV"},"geometry":{"type":"Polygon","coordinates":[[[9.54,47.54],[9.73,47.53],[9.77,47.59],[9.87,47.53],[9.98,47.55],[10.0,47.49],[10.1,47.45],[10.07,47.42],[10.1,47.36],[10.23,47.39],[10.21,47.31],[10.17,47.29],[10.23,47.28],[10.33,47.31],[10.47,47.43],[10.43,47.59],[10.47,47.59],[10.46,47.56],[10.49,47.54],[10.57,47.54],[10.6,47.57],[10.77,47.52],[10.89,47.54],[10.91,47.52],[10.87,47.49],[10.92,47.49],[10.98,47.44],[10.98,47.4],[11.11,47.4],[11.2,47.44],[11.24,47.44],[11.22,47.41],[11.26,47.4],[11.34,47.46],[11.43,47.45],[11.38,47.48],[11.44,47.52],[11.59,47.53],[11.64,47.6],[11.85,47.59],[12.0,47.63],[12.09,47.61],[12.21,47.63],[12.17,47.7],[12.27,47.74],[12.26,47.68],[12.44,47.7],[12.49,47.63],[12.67,47.69],[12.78,47.67],[12.82,47.61],[12.78,47.57],[13.01,47.47],[13.05,47.5],[13.04,47.58],[13.1,47.65],[13.02,47.72],[12.91,47.73],[13.01,47.85],[12.94,47.95],[12.88,47.96],[12.86,48.02],[12.75,48.08],[12.76,48.13],[12.79,48.12],[12.86,48.2],[12.96,48.21],[13.02,48.26],[13.31,48.31],[13.44,48.43],[13.44,48.56],[13.52,48.6],[13.57,48.56],[13.75,48.53],[13.75,48.57],[13.81,48.58],[13.83,48.64],[13.8,48.72],[13.84,48.77],[14.05,48.68],[14.06,48.66],[14.01,48.64],[14.06,48.6],[14.19,48.6],[14.32,48.54],[14.39,48.6],[14.44,48.6],[14.44,48.65],[14.71,48.59],[14.72,48.69],[14.8,48.73],[14.82,48.79],[14.99,48.77],[14.95,48.79],[14.99,48.89],[14.97,48.93],[15.03,49.02],[15.16,48.99],[15.18,48.94],[15.26,48.95],[15.29,48.99],[15.68,48.86],[15.85,48.87],[16.09,48.74],[16.37,48.72],[16.45,48.79],[16.54,48.81],[16.61,48.77],[16.66,48.78],[16.68,48.72],[16.91,48.71],[16.95,48.54],[16.86,48.46],[16.85,48.37],[16.96,48.27],[16.99,48.17],[17.1,48.1],[17.08,48.03],[17.16,48.01],[17.1,47.97],[17.11,47.89],[17.02,47.86],[17.08,47.81],[17.06,47.79],[17.09,47.71],[16.87,47.69],[16.87,47.72],[16.83,47.68],[16.75,47.68],[16.71,47.74],[16.59,47.76],[16.43,47.67],[16.57,47.62],[16.64,47.63],[16.71,47.54],[16.65,47.49],[16.67,47.47],[16.58,47.41],[16.45,47.41],[16.44,47.35],[16.49,47.28],[16.42,47.2],[16.47,47.17],[16.45,47.15],[16.53,47.13],[16.47,47.1],[16.52,47.06],[16.45,47.03],[16.52,47.01],[16.29,47.02],[16.27,46.97],[16.1,46.86],[15.99,46.84],[15.98,46.78],[16.04,46.69],[16.03,46.66],[15.88,46.72],[15.76,46.69],[15.67,46.71],[15.47,46.61],[15.42,46.66],[15.07,46.66],[14.98,46.61],[14.97,46.63],[14.87,46.61],[14.82,46.51],[14.71,46.5],[14.67,46.45],[14.58,46.43],[14.58,46.38],[14.43,46.45],[14.16,46.44],[14.1,46.49],[14.01,46.48],[13.93,46.52],[13.8,46.51],[13.38,46.58],[13.24,46.56],[12.44,46.69],[12.38,46.72],[12.35,46.78],[12.28,46.79],[12.31,46.84],[12.27,46.89],[12.22,46.88],[12.15,46.92],[12.12,47.01],[12.2,47.03],[12.23,47.07],[12.18,47.1],[11.75,46.98],[11.62,47.02],[11.55,46.99],[11.47,47.02],[11.41,46.97],[11.35,47.0],[11.16,46.97],[11.01,46.77],[10.73,46.79],[10.76,46.83],[10.67,46.87],[10.49,46.85],[10.49,46.94],[10.39,47.0],[10.34,46.99],[10.31,46.93],[10.25,46.93],[10.23,46.87],[10.1,46.85],[9.88,46.93],[9.87,47.03],[9.6,47.06],[9.63,47.13],[9.57,47.17],[9.58,47.21],[9.54,47.27],[9.67,47.39],[9.66,47.45],[9.59,47.47],[9.54,47.54]]]}},{"type":"Feature","properties":{"icao":"LPPC"},"geometry":{"type":"Polygon","coordinates":[[[-13.0,43.0],[-10.07,42.02],[-8.84,41.87],[-8.63,42.05],[-8.32,42.09],[-8.19,42.15],[-8.18,42.07],[-8.08,42.06],[-8.08,42.02],[-8.21,41.92],[-8.15,41.82],[-8.1,41.8],[-7.91,41.88],[-7.89,41.93],[-7.87,41.85],[-7.69,41.91],[-7.57,41.88],[-7.61,41.84],[-7.59,41.83],[-7.49,41.87],[-7.4,41.81],[-7.37,41.85],[-7.2,41.88],[-7.16,41.99],[-7.06,41.95],[-6.96,41.97],[-6.93,41.94],[-6.81,41.95],[-6.8,41.99],[-6.73,41.94],[-6.61,41.94],[-6.57,41.97],[-6.54,41.93],[-6.56,41.88],[-6.52,41.87],[-6.57,41.75],[-6.55,41.69],[-6.5,41.66],[-6.44,41.69],[-6.33,41.68],[-6.18,41.58],[-6.29,41.48],[-6.33,41.39],[-6.38,41.4],[-6.38,41.36],[-6.56,41.24],[-6.65,41.24],[-6.77,41.13],[-6.75,41.11],[-6.81,41.04],[-6.93,41.03],[-6.84,40.93],[-6.84,40.89],[-6.8,40.88],[-6.83,40.75],[-6.79,40.64],[-6.84,40.57],[-6.79,40.52],[-6.84,40.45],[-6.78,40.36],[-6.86,40.27],[-6.94,40.26],[-7.02,40.2],[-7.0,40.12],[-6.94,40.11],[-6.86,40.01],[-6.9,39.87],[-6.99,39.8],[-7.01,39.67],[-7.53,39.65],[-7.48,39.58],[-7.39,39.53],[-7.38,39.49],[-7.29,39.46],[-7.33,39.39],[-7.23,39.28],[-7.24,39.21],[-7.13,39.17],[-7.15,39.12],[-7.13,39.1],[-7.04,39.12],[-6.95,39.03],[-7.05,38.91],[-7.03,38.87],[-7.25,38.73],[-7.27,38.64],[-7.24,38.62],[-7.33,38.44],[-7.2,38.34],[-7.1,38.19],[-6.93,38.21],[-6.99,38.03],[-7.11,38.04],[-7.13,38.0],[-7.25,37.99],[-7.27,37.88],[-7.42,37.76],[-7.45,37.65],[-7.52,37.56],[-7.46,37.49],[-7.42,37.27],[-7.44,37.25],[-7.38,37.13],[-7.38,35.97],[-12.0,35.97],[-14.67,32.2],[-15.75,31.48],[-17.42,31.66],[-17.77,34.25],[-15.0,36.5],[-15.0,42.0],[-13.0,43.0]]]}},{"type":"Feature","properties":{"icao":"LPPO"},"geometry":{"type":"Polygon","coordinates":[[[-40.0,45.0],[-13.0,45.0],[-13.0,43.0],[-15.0,42.0],[-15.0,36.5],[-17.77,34.25],[-17.42,31.66],[-20.0,30.0],[-25.0,30.0],[-25.0,24.0],[-37.5,17.0],[-40.0,22.3],[-40.0,45.0]]]}},{"type":"Feature","properties":{"icao":"LQSB"},"geometry":{"type":"Polygon","coordinates":[[[17.58,42.94],[17.72,42.96],[17.65,43.08],[17.45,43.17],[17.43,43.23],[17.35,43.25],[17.29,43.38],[17.31,43.46],[17.18,43.48],[16.93,43.68],[16.75,43.77],[16.53,44.0],[16.32,44.1],[16.23,44.22],[16.2,44.31],[16.22,44.36],[16.14,44.4],[16.17,44.43],[16.11,44.54],[16.0,44.61],[15.92,44.72],[15.84,44.71],[15.77,44.75],[15.75,44.81],[15.8,44.84],[15.74,44.95],[15.78,44.98],[15.74,45.07],[15.78,45.11],[15.76,45.18],[15.93,45.24],[15.93,45.21],[16.02,45.22],[16.11,45.08],[16.34,45.0],[16.4,45.11],[16.53,45.23],[16.83,45.19],[16.93,45.28],[16.94,45.23],[17.02,45.24],[17.01,45.22],[17.04,45.23],[17.18,45.15],[17.25,45.15],[17.28,45.19],[17.36,45.14],[17.45,45.16],[17.49,45.11],[17.67,45.14],[17.85,45.05],[17.94,45.08],[17.94,45.11],[18.01,45.15],[18.07,45.14],[18.11,45.08],[18.2,45.08],[18.21,45.13],[18.26,45.14],[18.32,45.1],[18.43,45.11],[18.53,45.05],[18.53,45.1],[18.57,45.07],[18.57,45.1],[18.6,45.08],[18.63,45.1],[18.61,45.07],[18.66,45.06],[18.67,45.1],[18.67,45.06],[18.73,45.0],[18.79,45.0],[18.8,44.94],[18.76,44.95],[18.76,44.91],[18.84,44.86],[18.98,44.85],[19.18,44.92],[19.37,44.89],[19.34,44.74],[19.17,44.53],[19.12,44.52],[19.14,44.42],[19.1,44.37],[19.17,44.28],[19.32,44.27],[19.36,44.18],[19.48,44.15],[19.47,44.12],[19.58,44.05],[19.6,44.07],[19.62,44.02],[19.53,43.96],[19.38,43.96],[19.23,44.01],[19.25,43.95],[19.51,43.72],[19.53,43.66],[19.49,43.63],[19.51,43.59],[19.43,43.58],[19.4,43.54],[19.36,43.62],[19.24,43.59],[19.21,43.53],[19.04,43.52],[19.0,43.55],[18.92,43.51],[19.01,43.44],[19.09,43.31],[19.04,43.3],[19.02,43.26],[18.91,43.36],[18.84,43.35],[18.85,43.32],[18.69,43.25],[18.71,43.22],[18.65,43.14],[18.67,43.03],[18.54,43.03],[18.48,42.96],[18.47,42.76],[18.55,42.72],[18.52,42.62],[18.56,42.58],[18.44,42.55],[18.37,42.61],[18.25,42.6],[18.05,42.75],[17.89,42.81],[17.83,42.91],[17.65,42.89],[17.58,42.94]]]}},{"type":"Feature","properties":{"icao":"LRBB"},"geometry":{"type":"MultiPolygon","coordinates":[[[[20.54,45.91],[20.27,46.11],[20.28,46.15],[20.35,46.17],[20.48,46.15],[20.52,46.19],[20.65,46.14],[20.72,46.17],[20.76,46.25],[20.82,46.28],[21.08,46.25],[21.12,46.3],[21.18,46.3],[21.21,46.4],[21.3,46.41],[21.32,46.45],[21.27,46.51],[21.33,46.57],[21.33,46.63],[21.42,46.62],[21.46,46.66],[21.44,46.69],[21.51,46.69],[21.54,46.73],[21.5,46.75],[21.53,46.83],[21.61,46.86],[21.61,46.93],[21.69,46.96],[21.66,47.04],[21.79,47.11],[21.87,47.2],[21.86,47.25],[21.94,47.37],[22.03,47.39],[22.02,47.51],[22.06,47.55],[22.18,47.59],[22.24,47.69],[22.33,47.76],[22.43,47.74],[22.44,47.79],[22.48,47.81],[22.56,47.77],[22.67,47.78],[22.71,47.83],[22.78,47.84],[22.77,47.89],[22.95,47.96],[22.94,48.02],[23.01,47.99],[23.1,48.0],[23.13,48.09],[23.18,48.12],[23.28,48.1],[23.3,48.05],[23.4,48.0],[23.48,47.98],[23.77,48.0],[23.89,47.93],[24.01,47.97],[24.13,47.91],[24.27,47.91],[24.43,47.97],[24.58,47.97],[24.71,47.85],[24.82,47.82],[24.91,47.72],[25.12,47.76],[25.24,47.89],[25.33,47.92],[25.63,47.95],[25.73,47.93],[25.92,47.98],[26.17,47.99],[26.28,48.09],[26.32,48.19],[26.58,48.22],[26.59,48.25],[26.7,48.27],[26.81,48.26],[26.92,48.18],[26.95,48.2],[26.96,48.14],[27.05,48.13],[27.04,48.09],[27.11,48.03],[27.09,48.02],[27.17,48.0],[27.13,48.0],[27.17,47.99],[27.15,47.97],[27.18,47.95],[27.17,47.92],[27.22,47.9],[27.22,47.84],[27.25,47.84],[27.22,47.82],[27.29,47.76],[27.3,47.73],[27.26,47.73],[27.28,47.69],[27.43,47.59],[27.48,47.49],[27.58,47.47],[27.58,47.38],[27.64,47.31],[27.72,47.31],[27.76,47.27],[27.8,47.15],[28.1,46.99],[28.13,46.82],[28.24,46.69],[28.26,46.62],[28.22,46.55],[28.26,46.43],[28.19,46.36],[28.21,46.32],[28.12,46.25],[28.15,46.2],[28.09,46.08],[28.09,46.01],[28.12,45.96],[28.12,45.79],[28.16,45.78],[28.17,45.63],[28.07,45.6],[28.17,45.54],[28.2,45.47],[28.28,45.46],[28.29,45.39],[28.35,45.32],[28.59,45.25],[28.75,45.23],[28.8,45.25],[28.77,45.29],[28.81,45.34],[28.93,45.28],[29.0,45.36],[29.09,45.39],[29.44,45.44],[29.57,45.41],[29.64,45.36],[29.67,45.33],[29.68,45.22],[29.97,45.15],[30.4,44.25],[30.53,43.68],[29.03,43.73],[29.0,43.67],[28.6,43.75],[28.42,43.74],[28.01,43.85],[27.93,44.01],[27.73,43.96],[27.66,44.05],[27.62,44.02],[27.41,44.03],[27.31,44.08],[27.27,44.14],[27.15,44.15],[26.89,44.14],[26.74,44.08],[26.3,44.04],[26.1,43.97],[26.06,43.91],[25.96,43.87],[25.77,43.71],[25.45,43.63],[25.35,43.63],[25.27,43.69],[25.18,43.71],[25.1,43.69],[25.0,43.74],[24.69,43.72],[24.56,43.77],[24.35,43.7],[24.17,43.69],[23.72,43.81],[23.61,43.79],[23.46,43.86],[23.01,43.81],[22.87,43.85],[22.85,43.91],[22.89,43.99],[23.04,44.04],[23.04,44.09],[22.69,44.21],[22.69,44.28],[22.55,44.32],[22.46,44.46],[22.55,44.48],[22.57,44.54],[22.62,44.56],[22.7,44.52],[22.75,44.53],[22.73,44.6],[22.62,44.62],[22.44,44.72],[22.31,44.67],[22.18,44.48],[22.12,44.48],[21.98,44.64],[21.63,44.67],[21.58,44.77],[21.4,44.79],[21.37,44.86],[21.56,44.89],[21.55,44.94],[21.38,45.01],[21.45,45.04],[21.53,45.16],[21.44,45.22],[21.23,45.25],[21.19,45.32],[21.11,45.3],[21.02,45.33],[20.86,45.47],[20.79,45.48],[20.78,45.5],[20.83,45.53],[20.82,45.58],[20.78,45.6],[20.82,45.78],[20.7,45.76],[20.59,45.91],[20.54,45.91]]],[[[26.97,48.16],[27.0,48.16],[27.0,48.15],[26.99,48.15],[26.97,48.16]]]]}},{"type":"Feature","properties":{"icao":"LSAS"},"geometry":{"type":"Polygon","coordinates":[[[7.67,47.58],[8.85,47.88],[8.87,47.78],[9.23,47.79],[9.23,47.66],[9.53,47.55],[9.59,47.47],[9.66,47.45],[9.67,47.38],[9.62,47.37],[9.54,47.27],[9.58,47.21],[9.57,47.17],[9.63,47.13],[9.6,47.06],[9.87,47.03],[9.88,46.93],[10.1,46.85],[10.23,46.87],[10.25,46.93],[10.31,46.93],[10.34,46.99],[10.39,47.0],[10.49,46.92],[10.47,46.84],[10.42,46.79],[10.44,46.75],[10.38,46.68],[10.4,46.64],[10.49,46.61],[10.46,46.54],[10.3,46.55],[10.24,46.59],[10.23,46.64],[10.11,46.61],[10.05,46.54],[10.04,46.45],[10.16,46.41],[10.11,46.33],[10.17,46.26],[10.07,46.22],[10.04,46.23],[10.05,46.27],[9.99,46.3],[9.96,46.38],[9.73,46.35],[9.71,46.3],[9.57,46.3],[9.47,46.38],[9.45,46.43],[9.47,46.5],[9.42,46.47],[9.36,46.51],[9.28,46.5],[9.25,46.43],[9.28,46.41],[9.29,46.33],[9.24,46.24],[9.08,46.12],[9.08,46.07],[9.01,46.05],[9.02,46.0],[8.99,45.98],[9.02,45.93],[9.08,45.91],[9.03,45.83],[8.91,45.84],[8.94,45.88],[8.89,45.97],[8.79,46.01],[8.86,46.08],[8.62,46.13],[8.45,46.26],[8.43,46.31],[8.47,46.36],[8.45,46.46],[8.3,46.43],[8.3,46.37],[8.19,46.3],[8.13,46.31],[8.09,46.26],[8.14,46.23],[8.15,46.15],[8.05,46.11],[7.99,46.0],[7.89,46.0],[7.86,45.93],[7.71,45.94],[7.65,45.99],[7.55,46.0],[7.42,45.92],[7.29,45.93],[7.2,45.87],[7.16,45.89],[7.1,45.87],[6.93,46.08],[6.87,46.07],[6.89,46.13],[6.78,46.15],[6.85,46.29],[6.76,46.36],[6.81,46.43],[6.67,46.46],[6.5,46.46],[6.3,46.4],[6.21,46.32],[6.22,46.28],[6.28,46.27],[6.29,46.24],[6.12,46.15],[5.96,46.15],[5.97,46.22],[6.11,46.26],[6.1,46.3],[6.15,46.35],[6.06,46.42],[6.07,46.47],[6.14,46.53],[6.1,46.58],[6.45,46.79],[6.42,46.81],[6.46,46.86],[6.43,46.92],[6.45,46.95],[6.62,47.0],[6.7,47.09],[6.93,47.23],[6.94,47.3],[7.0,47.3],[7.06,47.35],[7.03,47.38],[6.87,47.36],[6.94,47.44],[7.0,47.46],[6.98,47.5],[7.13,47.51],[7.19,47.49],[7.17,47.45],[7.25,47.42],[7.4,47.44],[7.45,47.47],[7.43,47.5],[7.5,47.49],[7.5,47.54],[7.55,47.59],[7.67,47.61],[7.67,47.58]]]}},{"type":"Feature","properties":{"icao":"LTAA"},"geometry":{"type":"Polygon","coordinates":[[[30.0,36.08],[30.0,39.0],[31.0,39.5],[31.0,42.8],[34.0,42.78],[37.72,42.68],[41.65,41.48],[41.71,41.5],[41.82,41.43],[41.98,41.53],[42.05,41.49],[42.2,41.51],[42.52,41.44],[42.51,41.47],[42.57,41.51],[42.61,41.59],[42.83,41.59],[42.79,41.52],[42.82,41.48],[42.9,41.5],[43.02,41.38],[43.19,41.31],[43.2,41.29],[43.12,41.25],[43.2,41.25],[43.23,41.18],[43.36,41.2],[43.44,41.18],[43.47,41.03],[43.68,40.93],[43.68,40.84],[43.75,40.74],[43.75,40.68],[43.64,40.56],[43.65,40.53],[43.55,40.48],[43.62,40.42],[43.59,40.34],[43.68,40.26],[43.66,40.22],[43.71,40.18],[43.66,40.16],[43.67,40.1],[43.89,40.02],[44.28,40.05],[44.43,40.0],[44.82,39.66],[44.82,39.63],[44.61,39.78],[44.48,39.68],[44.49,39.63],[44.44,39.56],[44.42,39.41],[44.31,39.37],[44.23,39.41],[44.15,39.38],[44.07,39.41],[44.05,39.38],[44.11,39.29],[44.11,39.2],[44.23,39.12],[44.15,39.1],[44.22,39.03],[44.18,39.0],[44.2,38.93],[44.26,38.85],[44.32,38.83],[44.28,38.72],[44.29,38.64],[44.34,38.62],[44.32,38.38],[44.4,38.36],[44.46,38.39],[44.51,38.35],[44.51,38.32],[44.42,38.27],[44.41,38.15],[44.32,38.07],[44.24,37.89],[44.42,37.85],[44.41,37.82],[44.47,37.8],[44.46,37.77],[44.61,37.76],[44.64,37.72],[44.58,37.65],[44.64,37.58],[44.6,37.44],[44.66,37.43],[44.69,37.38],[44.83,37.3],[44.78,37.23],[44.81,37.15],[44.64,37.19],[44.51,37.09],[44.35,37.05],[44.37,37.03],[44.32,36.97],[44.27,36.98],[44.2,37.1],[44.24,37.16],[44.29,37.17],[44.28,37.24],[44.14,37.32],[44.03,37.33],[43.93,37.22],[43.86,37.22],[43.85,37.19],[43.81,37.23],[43.64,37.22],[43.58,37.26],[43.49,37.25],[43.37,37.33],[43.32,37.3],[43.17,37.37],[43.04,37.36],[42.96,37.32],[42.8,37.38],[42.73,37.35],[42.75,37.32],[42.7,37.31],[42.59,37.15],[42.51,37.13],[42.36,37.11],[42.36,37.23],[42.29,37.28],[42.22,37.28],[42.22,37.32],[42.11,37.21],[41.98,37.16],[41.54,37.08],[41.22,37.06],[40.92,37.13],[40.78,37.12],[40.44,37.01],[40.24,36.9],[39.83,36.75],[39.23,36.66],[39.09,36.7],[38.72,36.71],[38.57,36.84],[38.41,36.9],[38.19,36.91],[37.93,36.79],[37.67,36.74],[37.48,36.64],[37.12,36.66],[37.09,36.62],[37.03,36.66],[37.06,36.72],[37.0,36.76],[36.68,36.85],[36.68,36.81],[36.62,36.75],[36.64,36.71],[36.59,36.65],[36.6,36.56],[36.55,36.49],[36.59,36.39],[36.62,36.39],[36.61,36.33],[36.67,36.33],[36.71,36.26],[36.63,36.22],[36.52,36.24],[36.48,36.2],[36.4,36.23],[36.38,36.0],[36.3,36.0],[36.31,35.96],[36.21,35.95],[36.17,35.82],[36.12,35.87],[36.02,35.88],[36.01,35.94],[33.55,35.92],[30.0,36.08]]]}},{"type":"Feature","properties":{"icao":"LTBB"},"geometry":{"type":"Polygon","coordinates":[[[27.7,41.98],[27.84,41.95],[27.85,42.01],[27.91,41.98],[28.32,41.98],[29.0,42.12],[30.75,42.8],[31.0,42.8],[31.0,39.5],[30.0,39.0],[30.0,36.08],[29.73,36.07],[29.58,36.18],[29.32,36.18],[29.25,36.1],[28.88,36.22],[28.48,36.55],[28.3,36.57],[28.05,36.48],[28.0,36.49],[27.93,36.7],[27.85,36.72],[27.45,36.57],[27.23,36.73],[27.43,36.82],[27.43,36.9],[27.25,36.97],[27.1,37.15],[27.18,37.27],[27.05,37.55],[26.98,37.57],[26.98,37.67],[27.1,37.72],[27.15,37.83],[26.93,38.0],[26.52,37.98],[26.3,38.11],[26.2,38.22],[26.2,38.35],[26.35,38.48],[26.32,38.67],[26.43,38.83],[26.78,39.02],[26.5,39.33],[26.42,39.47],[25.98,39.39],[25.7,39.76],[25.7,39.95],[25.6,40.1],[25.67,40.25],[25.9,40.38],[25.88,40.62],[26.04,40.75],[26.13,40.75],[26.15,40.81],[26.22,40.84],[26.23,40.9],[26.26,40.92],[26.3,40.9],[26.29,40.94],[26.36,40.95],[26.33,41.0],[26.37,41.03],[26.33,41.05],[26.34,41.11],[26.31,41.12],[26.34,41.15],[26.31,41.18],[26.33,41.26],[26.42,41.26],[26.53,41.35],[26.6,41.33],[26.64,41.36],[26.6,41.62],[26.36,41.72],[26.34,41.77],[26.38,41.84],[26.55,41.84],[26.59,41.91],[26.57,41.93],[26.63,41.98],[26.76,41.96],[26.79,41.99],[26.84,41.97],[26.97,42.0],[27.08,42.1],[27.15,42.07],[27.21,42.07],[27.25,42.11],[27.31,42.1],[27.56,41.91],[27.58,41.95],[27.7,41.98]]]}},{"type":"Feature","properties":{"icao":"LUUU"},"geometry":{"type":"MultiPolygon","coordinates":[[[[26.62,48.25],[26.66,48.32],[26.69,48.31],[26.69,48.35],[26.78,48.27],[26.82,48.29],[26.83,48.34],[26.72,48.41],[26.88,48.43],[26.91,48.38],[26.98,48.36],[27.05,48.39],[27.04,48.43],[27.08,48.44],[27.13,48.38],[27.21,48.4],[27.24,48.37],[27.3,48.39],[27.33,48.45],[27.4,48.41],[27.6,48.49],[27.61,48.46],[27.68,48.44],[27.77,48.46],[27.95,48.33],[28.08,48.32],[28.1,48.23],[28.19,48.26],[28.19,48.22],[28.22,48.21],[28.35,48.25],[28.37,48.2],[28.31,48.14],[28.35,48.13],[28.38,48.18],[28.43,48.18],[28.43,48.11],[28.5,48.06],[28.5,48.11],[28.55,48.17],[28.62,48.17],[28.7,48.13],[28.84,48.13],[28.86,48.03],[28.93,47.96],[28.99,47.98],[29.09,47.94],[29.11,47.96],[29.1,47.98],[29.18,48.0],[29.21,47.89],[29.28,47.9],[29.22,47.81],[29.29,47.8],[29.22,47.72],[29.23,47.6],[29.13,47.56],[29.16,47.51],[29.19,47.52],[29.17,47.46],[29.19,47.44],[29.25,47.46],[29.26,47.42],[29.32,47.45],[29.34,47.38],[29.41,47.38],[29.39,47.32],[29.43,47.3],[29.48,47.31],[29.51,47.37],[29.59,47.37],[29.61,47.27],[29.56,47.25],[29.59,47.14],[29.51,47.13],[29.55,47.08],[29.61,47.11],[29.64,47.06],[29.58,46.95],[29.72,46.93],[29.75,46.86],[29.89,46.88],[29.9,46.83],[29.97,46.83],[29.94,46.81],[29.98,46.77],[29.95,46.65],[29.97,46.59],[29.89,46.54],[29.97,46.51],[29.96,46.49],[29.99,46.51],[30.03,46.47],[30.0,46.46],[30.06,46.43],[30.16,46.42],[30.01,46.38],[29.95,46.4],[29.89,46.36],[29.83,46.38],[29.8,46.46],[29.75,46.48],[29.74,46.43],[29.67,46.44],[29.7,46.37],[29.59,46.36],[29.5,46.44],[29.51,46.47],[29.45,46.5],[29.4,46.46],[29.41,46.43],[29.34,46.51],[29.32,46.41],[29.27,46.42],[29.25,46.38],[29.22,46.4],[29.26,46.49],[29.24,46.56],[29.17,46.55],[29.18,46.52],[29.05,46.52],[28.94,46.46],[28.99,46.35],[28.95,46.28],[29.06,46.21],[28.96,46.12],[29.01,46.07],[28.98,46.01],[28.79,45.98],[28.79,45.84],[28.52,45.72],[28.5,45.67],[28.53,45.66],[28.55,45.58],[28.5,45.57],[28.51,45.5],[28.42,45.49],[28.41,45.52],[28.31,45.55],[28.2,45.47],[28.17,45.54],[28.07,45.6],[28.17,45.63],[28.16,45.78],[28.12,45.79],[28.11,45.83],[28.13,45.88],[28.09,46.08],[28.15,46.2],[28.12,46.25],[28.21,46.32],[28.19,46.36],[28.26,46.43],[28.22,46.51],[28.26,46.62],[28.24,46.69],[28.13,46.82],[28.1,46.99],[27.8,47.15],[27.76,47.27],[27.72,47.31],[27.64,47.31],[27.58,47.38],[27.58,47.47],[27.48,47.49],[27.43,47.59],[27.28,47.69],[27.26,47.73],[27.3,47.73],[27.29,47.76],[27.22,47.82],[27.25,47.84],[27.22,47.84],[27.22,47.9],[27.17,47.92],[27.18,47.95],[27.15,47.97],[27.17,47.99],[27.13,48.0],[27.17,48.0],[27.09,48.02],[27.11,48.03],[27.04,48.09],[27.05,48.13],[26.96,48.14],[26.95,48.2],[26.92,48.18],[26.81,48.26],[26.62,48.25]],[[30.01,46.48],[30.0,46.48],[30.01,46.47],[30.01,46.48]],[[26.97,48.16],[26.99,48.15],[27.0,48.15],[27.0,48.16],[26.97,48.16]]],[[[29.1,47.96],[29.09,47.96],[29.1,47.97],[29.1,47.96]]]]}},{"type":"Feature","properties":{"icao":"LWSS"},"geometry":{"type":"Polygon","coordinates":[[[22.98,41.36],[22.77,41.33],[22.74,41.15],[22.66,41.19],[22.62,41.13],[22.45,41.12],[22.28,41.17],[22.2,41.17],[22.13,41.13],[22.08,41.17],[21.92,41.1],[21.92,41.05],[21.82,40.99],[21.81,40.94],[21.71,40.95],[21.6,40.87],[21.53,40.92],[21.42,40.92],[21.33,40.87],[21.22,40.89],[21.17,40.86],[21.0,40.86],[20.96,40.93],[20.84,40.91],[20.74,40.93],[20.68,41.09],[20.6,41.11],[20.6,41.16],[20.52,41.26],[20.5,41.35],[20.55,41.37],[20.57,41.42],[20.52,41.45],[20.52,41.5],[20.46,41.53],[20.57,41.59],[20.53,41.67],[20.53,41.76],[20.58,41.79],[20.57,41.87],[20.9,42.1],[21.33,42.14],[21.78,42.28],[22.38,42.32],[22.58,42.12],[22.74,42.05],[22.88,42.03],[22.88,41.94],[22.97,41.78],[23.04,41.74],[22.99,41.65],[22.96,41.65],[22.98,41.36]]]}},{"type":"Feature","properties":{"icao":"LYBA"},"geometry":{"type":"Polygon","coordinates":[[[18.91,45.93],[18.96,45.92],[19.08,45.97],[19.12,46.04],[19.18,45.99],[19.3,46.0],[19.29,46.02],[19.35,46.05],[19.43,46.05],[19.53,46.12],[19.51,46.15],[19.58,46.18],[19.71,46.19],[19.83,46.13],[19.95,46.18],[20.04,46.15],[20.1,46.18],[20.14,46.15],[20.2,46.16],[20.28,46.13],[20.36,46.0],[20.59,45.91],[20.7,45.76],[20.82,45.78],[20.78,45.6],[20.82,45.58],[20.83,45.53],[20.78,45.5],[20.79,45.48],[20.86,45.47],[21.02,45.33],[21.11,45.3],[21.19,45.32],[21.23,45.25],[21.44,45.22],[21.53,45.16],[21.45,45.04],[21.38,45.01],[21.55,44.94],[21.56,44.89],[21.37,44.86],[21.4,44.79],[21.58,44.77],[21.63,44.67],[21.98,44.64],[22.12,44.48],[22.18,44.48],[22.31,44.67],[22.44,44.72],[22.75,44.58],[22.73,44.52],[22.62,44.56],[22.57,44.54],[22.55,44.48],[22.46,44.47],[22.55,44.32],[22.68,44.29],[22.69,44.25],[22.62,44.16],[22.63,44.07],[22.42,44.0],[22.37,43.81],[22.42,43.7],[22.5,43.65],[22.51,43.53],[22.55,43.47],[22.66,43.44],[22.68,43.4],[22.77,43.39],[22.9,43.23],[23.01,43.19],[22.99,43.12],[22.91,43.03],[22.81,43.0],[22.76,42.9],[22.54,42.89],[22.45,42.83],[22.51,42.76],[22.45,42.58],[22.57,42.49],[22.47,42.34],[21.78,42.28],[21.33,42.14],[20.9,42.1],[20.6,41.89],[20.59,41.92],[20.64,41.98],[20.57,42.07],[20.57,42.14],[20.5,42.25],[20.35,42.33],[20.25,42.33],[20.21,42.47],[20.08,42.57],[20.01,42.52],[19.81,42.48],[19.76,42.53],[19.78,42.6],[19.73,42.67],[19.65,42.62],[19.63,42.55],[19.43,42.37],[19.43,42.33],[19.29,42.18],[19.41,42.11],[19.38,42.04],[19.39,41.96],[19.36,41.96],[19.38,41.92],[19.35,41.91],[19.39,41.89],[19.38,41.85],[18.87,41.13],[18.31,41.41],[18.6,42.2],[18.54,42.43],[18.42,42.49],[18.44,42.55],[18.56,42.58],[18.52,42.62],[18.55,42.72],[18.47,42.76],[18.48,42.96],[18.54,43.03],[18.67,43.03],[18.65,43.14],[18.71,43.22],[18.69,43.25],[18.85,43.32],[18.84,43.35],[18.91,43.36],[19.02,43.26],[19.04,43.3],[19.09,43.31],[19.01,43.44],[18.92,43.51],[19.0,43.55],[19.04,43.52],[19.21,43.53],[19.24,43.59],[19.36,43.62],[19.4,43.54],[19.43,43.58],[19.51,43.59],[19.49,43.63],[19.53,43.66],[19.51,43.72],[19.25,43.95],[19.23,44.01],[19.38,43.96],[19.53,43.96],[19.62,44.02],[19.6,44.07],[19.58,44.05],[19.47,44.12],[19.48,44.15],[19.36,44.18],[19.32,44.27],[19.17,44.28],[19.1,44.37],[19.14,44.42],[19.12,44.52],[19.17,44.53],[19.34,44.74],[19.37,44.89],[19.18,44.92],[18.98,44.85],[18.99,44.9],[19.15,44.95],[19.14,44.98],[19.08,44.98],[19.11,45.09],[19.08,45.14],[19.14,45.13],[19.19,45.18],[19.17,45.2],[19.44,45.18],[19.41,45.23],[19.27,45.24],[19.26,45.28],[19.16,45.27],[19.08,45.34],[18.98,45.37],[18.98,45.4],[19.03,45.41],[18.99,45.45],[19.0,45.49],[19.1,45.51],[18.9,45.57],[18.91,45.62],[18.95,45.62],[18.97,45.66],[18.91,45.71],[18.98,45.72],[18.9,45.72],[18.98,45.75],[18.85,45.77],[18.93,45.8],[18.91,45.83],[18.85,45.81],[18.91,45.93]]]}},{"type":"Feature","properties":{"icao":"LYBA"},"geometry":{"type":"Polygon","coordinates":[[[18.91,45.93],[18.96,45.92],[19.08,45.97],[19.12,46.04],[19.18,45.99],[19.3,46.0],[19.29,46.02],[19.35,46.05],[19.43,46.05],[19.53,46.12],[19.51,46.15],[19.58,46.18],[19.71,46.19],[19.83,46.13],[19.95,46.18],[20.04,46.15],[20.1,46.18],[20.14,46.15],[20.2,46.16],[20.28,46.13],[20.36,46.0],[20.59,45.91],[20.7,45.76],[20.82,45.78],[20.78,45.6],[20.82,45.58],[20.83,45.53],[20.78,45.5],[20.79,45.48],[20.86,45.47],[21.02,45.33],[21.11,45.3],[21.19,45.32],[21.23,45.25],[21.44,45.22],[21.53,45.16],[21.45,45.04],[21.38,45.01],[21.55,44.94],[21.56,44.89],[21.37,44.86],[21.4,44.79],[21.58,44.77],[21.63,44.67],[21.98,44.64],[22.12,44.48],[22.18,44.48],[22.31,44.67],[22.44,44.72],[22.75,44.58],[22.73,44.52],[22.62,44.56],[22.57,44.54],[22.55,44.48],[22.46,44.47],[22.55,44.32],[22.68,44.29],[22.69,44.25],[22.62,44.16],[22.63,44.07],[22.42,44.0],[22.37,43.81],[22.42,43.7],[22.5,43.65],[22.51,43.53],[22.55,43.47],[22.66,43.44],[22.68,43.4],[22.77,43.39],[22.9,43.23],[23.01,43.19],[22.99,43.12],[22.91,43.03],[22.81,43.0],[22.76,42.9],[22.54,42.89],[22.45,42.83],[22.51,42.76],[22.45,42.58],[22.57,42.49],[22.47,42.34],[21.78,42.28],[21.33,42.14],[20.9,42.1],[20.6,41.89],[20.59,41.92],[20.64,41.98],[20.57,42.07],[20.57,42.14],[20.5,42.25],[20.35,42.33],[20.25,42.33],[20.21,42.47],[20.08,42.57],[20.01,42.52],[19.81,42.48],[19.76,42.53],[19.78,42.6],[19.73,42.67],[19.65,42.62],[19.63,42.55],[19.43,42.37],[19.43,42.33],[19.29,42.18],[19.41,42.11],[19.38,42.04],[19.39,41.96],[19.36,41.96],[19.38,41.92],[19.35,41.91],[19.39,41.89],[19.38,41.85],[18.87,41.13],[18.31,41.41],[18.6,42.2],[18.54,42.43],[18.42,42.49],[18.44,42.55],[18.56,42.58],[18.52,42.62],[18.55,42.72],[18.47,42.76],[18.48,42.96],[18.54,43.03],[18.67,43.03],[18.65,43.14],[18.71,43.22],[18.69,43.25],[18.85,43.32],[18.84,43.35],[18.91,43.36],[19.02,43.26],[19.04,43.3],[19.09,43.31],[19.01,43.44],[18.92,43.51],[19.0,43.55],[19.04,43.52],[19.21,43.53],[19.24,43.59],[19.36,43.62],[19.4,43.54],[19.43,43.58],[19.51,43.59],[19.49,43.63],[19.53,43.66],[19.51,43.72],[19.25,43.95],[19.23,44.01],[19.38,43.96],[19.53,43.96],[19.62,44.02],[19.6,44.07],[19.58,44.05],[19.47,44.12],[19.48,44.15],[19.36,44.18],[19.32,44.27],[19.17,44.28],[19.1,44.37],[19.14,44.42],[19.12,44.52],[19.17,44.53],[19.34,44.74],[19.37,44.89],[19.18,44.92],[18.98,44.85],[18.99,44.9],[19.15,44.95],[19.14,44.98],[19.08,44.98],[19.11,45.09],[19.08,45.14],[19.14,45.13],[19.19,45.18],[19.17,45.2],[19.44,45.18],[19.41,45.23],[19.27,45.24],[19.26,45.28],[19.16,45.27],[19.08,45.34],[18.98,45.37],[18.98,45.4],[19.03,45.41],[18.99,45.45],[19.0,45.49],[19.1,45.51],[18.9,45.57],[18.91,45.62],[18.95,45.62],[18.97,45.66],[18.91,45.71],[18.98,45.72],[18.9,45.72],[18.98,45.75],[18.85,45.77],[18.93,45.8],[18.91,45.83],[18.85,45.81],[18.91,45.93]]]}},{"type":"Feature","properties":{"icao":"LZBB"},"geometry":{"type":"Polygon","coordinates":[[[16.95,48.62],[17.06,48.78],[17.18,48.87],[17.41,48.83],[17.47,48.85],[17.53,48.82],[17.78,48.92],[17.88,48.93],[17.93,49.02],[18.07,49.05],[18.2,49.3],[18.37,49.33],[18.58,49.52],[18.6,49.5],[18.67,49.52],[18.75,49.48],[18.8,49.53],[18.96,49.52],[18.98,49.4],[19.08,49.42],[19.13,49.4],[19.2,49.41],[19.24,49.52],[19.37,49.54],[19.42,49.6],[19.52,49.58],[19.56,49.49],[19.61,49.44],[19.64,49.45],[19.63,49.4],[19.79,49.4],[19.82,49.28],[19.77,49.24],[19.79,49.19],[19.99,49.23],[20.09,49.18],[20.15,49.32],[20.16,49.3],[20.22,49.35],[20.32,49.35],[20.33,49.4],[20.42,49.39],[20.45,49.42],[20.6,49.38],[20.62,49.42],[20.67,49.4],[20.73,49.43],[20.72,49.41],[20.8,49.34],[20.9,49.35],[20.96,49.3],[21.1,49.37],[21.06,49.4],[21.1,49.43],[21.22,49.4],[21.27,49.46],[21.44,49.41],[21.64,49.45],[21.77,49.36],[21.85,49.39],[21.97,49.35],[22.07,49.21],[22.24,49.18],[22.24,49.15],[22.29,49.14],[22.38,49.15],[22.43,49.1],[22.57,49.09],[22.55,49.01],[22.5,49.0],[22.39,48.86],[22.36,48.7],[22.18,48.59],[22.16,48.41],[22.13,48.38],[21.99,48.39],[21.79,48.34],[21.68,48.4],[21.63,48.51],[21.55,48.51],[21.52,48.56],[21.44,48.59],[21.43,48.56],[21.22,48.54],[21.12,48.49],[21.06,48.53],[20.97,48.52],[20.84,48.59],[20.65,48.57],[20.5,48.54],[20.5,48.49],[20.32,48.27],[20.25,48.29],[20.19,48.25],[20.15,48.27],[20.08,48.18],[19.93,48.13],[19.89,48.17],[19.79,48.16],[19.8,48.2],[19.76,48.22],[19.62,48.24],[19.53,48.2],[19.48,48.09],[19.31,48.09],[19.25,48.06],[18.93,48.08],[18.84,48.05],[18.78,47.91],[18.87,47.81],[18.74,47.81],[18.74,47.78],[18.68,47.75],[18.57,47.77],[18.32,47.73],[17.77,47.74],[17.58,47.81],[17.37,47.98],[17.25,48.02],[17.09,48.02],[17.1,48.1],[16.99,48.17],[16.96,48.27],[16.85,48.37],[16.86,48.46],[16.95,48.54],[16.95,48.62]]]}},{"type":"Feature","properties":{"icao":"MDCS"},"geometry":{"type":"Polygon","coordinates":[[[-72.0,18.62],[-71.97,18.66],[-71.93,18.63],[-71.81,18.63],[-71.8,18.69],[-71.74,18.72],[-71.72,18.88],[-71.8,18.96],[-71.84,18.97],[-71.86,18.94],[-71.88,18.96],[-71.84,19.0],[-71.79,18.99],[-71.72,19.05],[-71.71,19.1],[-71.66,19.1],[-71.61,19.2],[-71.7,19.24],[-71.79,19.33],[-71.69,19.37],[-71.68,19.44],[-71.76,19.7],[-71.67,20.42],[-70.5,20.42],[-68.0,19.0],[-68.0,16.0],[-71.67,16.0],[-71.67,17.0],[-71.76,18.03],[-71.74,18.1],[-71.75,18.15],[-71.79,18.17],[-71.7,18.34],[-71.9,18.46],[-71.91,18.49],[-71.88,18.5],[-72.0,18.62]]]}},{"type":"Feature","properties":{"icao":"MDCS"},"geometry":{"type":"Polygon","coordinates":[[[-72.0,18.62],[-71.97,18.66],[-71.93,18.63],[-71.81,18.63],[-71.8,18.69],[-71.74,18.72],[-71.72,18.88],[-71.8,18.96],[-71.84,18.97],[-71.86,18.94],[-71.88,18.96],[-71.84,19.0],[-71.79,18.99],[-71.72,19.05],[-71.71,19.1],[-71.66,19.1],[-71.61,19.2],[-71.7,19.24],[-71.79,19.33],[-71.69,19.37],[-71.68,19.44],[-71.76,19.7],[-71.67,20.42],[-70.5,20.42],[-68.0,19.0],[-68.0,16.0],[-71.67,16.0],[-71.67,17.0],[-71.76,18.03],[-71.74,18.1],[-71.75,18.15],[-71.79,18.17],[-71.7,18.34],[-71.9,18.46],[-71.91,18.49],[-71.88,18.5],[-72.0,18.62]]]}},{"type":"Feature","properties":{"icao":"MHCC"},"geometry":{"type":"Polygon","coordinates":[[[-92.22,14.53],[-92.15,14.66],[-92.18,14.81],[-92.14,14.88],[-92.15,14.98],[-92.09,15.01],[-92.06,15.07],[-92.21,15.27],[-91.73,16.08],[-90.44,16.07],[-90.42,16.1],[-90.46,16.1],[-90.42,16.16],[-90.45,16.18],[-90.45,16.26],[-90.42,16.25],[-90.44,16.3],[-90.41,16.31],[-90.41,16.36],[-90.38,16.37],[-90.41,16.4],[-90.41,16.42],[-90.48,16.42],[-90.47,16.45],[-90.54,16.48],[-90.63,16.47],[-90.61,16.52],[-90.64,16.51],[-90.63,16.58],[-90.67,16.58],[-90.65,16.61],[-90.71,16.72],[-90.8,16.79],[-90.92,16.81],[-90.94,16.86],[-90.97,16.85],[-90.95,16.89],[-90.98,16.89],[-90.98,16.85],[-91.06,16.89],[-91.12,17.01],[-91.22,17.06],[-91.28,17.18],[-91.35,17.17],[-91.44,17.25],[-90.99,17.26],[-90.98,17.82],[-89.15,17.81],[-89.15,17.94],[-89.04,18.0],[-88.98,17.95],[-88.94,17.96],[-88.84,17.87],[-88.85,17.93],[-88.7,18.06],[-88.52,18.45],[-88.48,18.49],[-88.4,18.5],[-88.03,18.42],[-88.03,18.15],[-87.75,18.15],[-86.0,20.0],[-85.28,20.18],[-85.35,20.73],[-82.0,20.0],[-82.08,19.0],[-82.25,15.0],[-82.82,12.9],[-82.56,9.54],[-82.6,9.56],[-82.61,9.5],[-82.67,9.5],[-82.73,9.57],[-82.85,9.62],[-82.89,9.57],[-82.84,9.5],[-82.94,9.48],[-82.94,9.08],[-82.89,9.09],[-82.71,8.93],[-82.76,8.88],[-82.87,8.85],[-82.87,8.79],[-82.92,8.77],[-82.83,8.64],[-82.82,8.57],[-82.86,8.45],[-83.05,8.34],[-82.93,8.26],[-82.89,8.11],[-82.92,7.5],[-82.92,1.41],[-92.0,1.42],[-104.5,10.0],[-100.0,11.5],[-95.0,13.0],[-92.22,14.53]],[[-90.4,16.34],[-90.39,16.34],[-90.4,16.35],[-90.4,16.34]],[[-90.38,16.37],[-90.37,16.36],[-90.37,16.37],[-90.38,16.37]],[[-90.4,16.4],[-90.39,16.4],[-90.39,16.41],[-90.4,16.4]]]}},{"type":"Feature","properties":{"icao":"MHCC"},"geometry":{"type":"Polygon","coordinates":[[[-92.22,14.53],[-92.15,14.66],[-92.18,14.81],[-92.14,14.88],[-92.15,14.98],[-92.09,15.01],[-92.06,15.07],[-92.21,15.27],[-91.73,16.08],[-90.44,16.07],[-90.42,16.1],[-90.46,16.1],[-90.42,16.16],[-90.45,16.18],[-90.45,16.26],[-90.42,16.25],[-90.44,16.3],[-90.41,16.31],[-90.41,16.36],[-90.38,16.37],[-90.41,16.4],[-90.41,16.42],[-90.48,16.42],[-90.47,16.45],[-90.54,16.48],[-90.63,16.47],[-90.61,16.52],[-90.64,16.51],[-90.63,16.58],[-90.67,16.58],[-90.65,16.61],[-90.71,16.72],[-90.8,16.79],[-90.92,16.81],[-90.94,16.86],[-90.97,16.85],[-90.95,16.89],[-90.98,16.89],[-90.98,16.85],[-91.06,16.89],[-91.12,17.01],[-91.22,17.06],[-91.28,17.18],[-91.35,17.17],[-91.44,17.25],[-90.99,17.26],[-90.98,17.82],[-89.15,17.81],[-89.15,17.94],[-89.04,18.0],[-88.98,17.95],[-88.94,17.96],[-88.84,17.87],[-88.85,17.93],[-88.7,18.06],[-88.52,18.45],[-88.48,18.49],[-88.4,18.5],[-88.03,18.42],[-88.03,18.15],[-87.75,18.15],[-86.0,20.0],[-85.28,20.18],[-85.35,20.73],[-82.0,20.0],[-82.08,19.0],[-82.25,15.0],[-82.82,12.9],[-82.56,9.54],[-82.6,9.56],[-82.61,9.5],[-82.67,9.5],[-82.73,9.57],[-82.85,9.62],[-82.89,9.57],[-82.84,9.5],[-82.94,9.48],[-82.94,9.08],[-82.89,9.09],[-82.71,8.93],[-82.76,8.88],[-82.87,8.85],[-82.87,8.79],[-82.92,8.77],[-82.83,8.64],[-82.82,8.57],[-82.86,8.45],[-83.05,8.34],[-82.93,8.26],[-82.89,8.11],[-82.92,7.5],[-82.92,1.41],[-92.0,1.42],[-104.5,10.0],[-100.0,11.5],[-95.0,13.0],[-92.22,14.53]],[[-90.4,16.34],[-90.39,16.34],[-90.4,16.35],[-90.4,16.34]],[[-90.38,16.37],[-90.37,16.36],[-90.37,16.37],[-90.38,16.37]],[[-90.4,16.4],[-90.39,16.4],[-90.39,16.41],[-90.4,16.4]]]}},{"type":"Feature","properties":{"icao":"MKJK"},"geometry":{"type":"Polygon","coordinates":[[[-82.0,20.0],[-78.33,20.0],[-77.5,19.5],[-75.0,18.5],[-73.0,17.0],[-74.0,16.0],[-74.0,15.0],[-82.25,15.0],[-82.08,19.0],[-82.0,20.0]]]}},{"type":"Feature","properties":{"icao":"MMFO"},"geometry":{"type":"Polygon","coordinates":[[[-120.0,30.0],[-117.5,27.92],[-113.44,24.3],[-110.57,21.35],[-106.0,16.18],[-105.0,15.0],[-100.0,11.5],[-104.5,10.0],[-120.0,5.0],[-120.0,30.0]]]}},{"type":"Feature","properties":{"icao":"MMFR"},"geometry":{"type":"MultiPolygon","coordinates":[[[[-120.83,30.75],[-117.12,32.53],[-114.72,32.72],[-114.81,32.61],[-114.81,32.49],[-111.97,31.63],[-111.1,31.33],[-108.22,31.33],[-108.22,31.78],[-106.52,31.78],[-106.41,31.75],[-106.21,31.47],[-105.95,31.36],[-105.94,31.32],[-105.85,31.27],[-105.77,31.17],[-105.62,31.1],[-105.57,31.01],[-105.41,30.9],[-105.39,30.85],[-105.2,30.8],[-105.06,30.68],[-105.0,30.68],[-104.97,30.61],[-104.92,30.6],[-104.86,30.49],[-104.86,30.39],[-104.7,30.23],[-104.68,29.93],[-104.56,29.77],[-104.54,29.67],[-104.5,29.63],[-104.34,29.52],[-104.23,29.5],[-104.16,29.39],[-104.08,29.34],[-103.98,29.29],[-103.78,29.26],[-103.78,29.22],[-103.74,29.22],[-103.72,29.18],[-103.55,29.15],[-103.43,29.04],[-103.33,29.04],[-103.34,29.02],[-103.3,29.02],[-103.32,29.01],[-103.28,28.98],[-103.11,28.99],[-103.1,29.06],[-103.03,29.09],[-102.99,29.18],[-102.95,29.17],[-102.91,29.22],[-102.86,29.22],[-102.9,29.25],[-102.88,29.35],[-102.84,29.35],[-102.8,29.52],[-102.69,29.67],[-102.69,29.72],[-102.57,29.77],[-102.4,29.77],[-102.33,29.87],[-102.07,29.79],[-101.53,29.76],[-101.47,29.78],[-101.4,29.74],[-101.25,29.52],[-101.18,29.52],[-100.78,29.22],[-100.65,28.94],[-100.58,28.86],[-100.52,28.67],[-100.34,28.45],[-100.23,28.23],[-100.03,28.07],[-99.83,27.77],[-99.7,27.66],[-99.57,27.6],[-99.49,27.42],[-99.53,27.31],[-99.47,27.27],[-99.4,27.0],[-99.33,26.92],[-99.07,26.4],[-98.8,26.37],[-98.67,26.24],[-98.47,26.22],[-98.2,26.05],[-97.93,26.06],[-97.67,26.02],[-97.4,25.84],[-97.27,25.95],[-97.0,26.0],[-95.92,26.0],[-93.0,24.5],[-88.0,24.5],[-86.0,24.0],[-86.0,22.0],[-85.35,20.73],[-85.28,20.18],[-86.0,20.0],[-87.75,18.15],[-88.03,18.15],[-88.03,18.42],[-88.4,18.5],[-88.48,18.49],[-88.52,18.45],[-88.7,18.06],[-88.85,17.93],[-88.84,17.87],[-88.94,17.96],[-88.98,17.95],[-89.04,18.0],[-89.15,17.94],[-89.15,17.81],[-90.98,17.82],[-90.99,17.26],[-91.44,17.25],[-91.35,17.17],[-91.28,17.18],[-91.22,17.06],[-91.12,17.01],[-91.06,16.89],[-90.98,16.85],[-90.98,16.89],[-90.95,16.89],[-90.97,16.85],[-90.94,16.86],[-90.92,16.81],[-90.8,16.79],[-90.71,16.72],[-90.65,16.61],[-90.67,16.58],[-90.63,16.58],[-90.64,16.51],[-90.61,16.52],[-90.63,16.47],[-90.54,16.48],[-90.47,16.45],[-90.48,16.42],[-90.41,16.42],[-90.41,16.4],[-90.38,16.37],[-90.41,16.36],[-90.41,16.31],[-90.44,16.3],[-90.42,16.25],[-90.45,16.26],[-90.45,16.18],[-90.42,16.16],[-90.46,16.1],[-90.42,16.1],[-90.44,16.07],[-91.73,16.08],[-92.21,15.27],[-92.06,15.07],[-92.09,15.01],[-92.15,14.98],[-92.14,14.88],[-92.18,14.84],[-92.15,14.66],[-92.22,14.53],[-95.0,13.0],[-100.0,11.5],[-105.0,15.0],[-106.0,16.18],[-110.57,21.35],[-113.44,24.3],[-117.5,27.92],[-120.0,30.0],[-120.83,30.75]],[[-103.09,29.06],[-103.09,29.05],[-103.08,29.05],[-103.09,29.06]]],[[[-90.4,16.34],[-90.4,16.35],[-90.39,16.34],[-90.4,16.34]]],[[[-90.38,16.37],[-90.37,16.37],[-90.37,16.36],[-90.38,16.37]]],[[[-90.4,16.4],[-90.39,16.41],[-90.39,16.4],[-90.4,16.4]]]]}},{"type":"Feature","properties":{"icao":"MPZL"},"geometry":{"type":"Polygon","coordinates":[[[-82.25,15.0],[-77.42,15.0],[-77.42,8.57],[-77.45,8.52],[-77.44,8.47],[-77.4,8.47],[-77.33,8.37],[-77.34,8.32],[-77.24,8.18],[-77.23,8.05],[-77.17,7.93],[-77.34,7.89],[-77.35,7.83],[-77.31,7.75],[-77.42,7.72],[-77.58,7.51],[-77.67,7.67],[-77.74,7.73],[-77.77,7.64],[-77.72,7.5],[-77.81,7.46],[-77.88,7.25],[-78.3,6.73],[-78.78,6.46],[-79.05,6.26],[-80.0,4.5],[-82.91,4.53],[-82.92,7.5],[-82.89,8.11],[-82.93,8.26],[-83.05,8.34],[-82.86,8.45],[-82.82,8.57],[-82.83,8.64],[-82.92,8.77],[-82.87,8.79],[-82.87,8.85],[-82.76,8.88],[-82.71,8.93],[-82.89,9.09],[-82.94,9.08],[-82.94,9.48],[-82.84,9.5],[-82.89,9.57],[-82.85,9.62],[-82.73,9.57],[-82.67,9.5],[-82.61,9.5],[-82.6,9.56],[-82.56,9.54],[-82.82,12.9],[-82.25,15.0]]]}},{"type":"Feature","properties":{"icao":"MTEG"},"geometry":{"type":"Polygon","coordinates":[[[-75.0,18.5],[-73.33,20.0],[-73.0,20.42],[-71.67,20.42],[-71.76,19.7],[-71.68,19.44],[-71.69,19.37],[-71.79,19.33],[-71.7,19.24],[-71.61,19.2],[-71.66,19.1],[-71.71,19.1],[-71.72,19.05],[-71.79,18.99],[-71.84,19.0],[-71.88,18.96],[-71.8,18.96],[-71.72,18.88],[-71.74,18.72],[-71.8,18.69],[-71.81,18.63],[-71.93,18.63],[-71.97,18.66],[-72.01,18.63],[-71.88,18.5],[-71.91,18.49],[-71.9,18.46],[-71.7,18.34],[-71.79,18.17],[-71.75,18.15],[-71.74,18.1],[-71.76,18.03],[-71.67,17.0],[-73.0,17.0],[-75.0,18.5]]]}},{"type":"Feature","properties":{"icao":"MUFH"},"geometry":{"type":"Polygon","coordinates":[[[-86.0,24.0],[-78.0,24.0],[-75.17,22.0],[-73.33,20.0],[-75.0,18.5],[-77.5,19.5],[-78.33,20.0],[-82.0,20.0],[-85.35,20.73],[-86.0,22.0],[-86.0,24.0]]]}},{"type":"Feature","properties":{"icao":"MYNA"},"geometry":{"type":"Polygon","coordinates":[[[-78.88,27.0],[-76.0,27.0],[-76.0,22.6],[-79.0,24.67],[-79.0,26.44],[-78.88,27.0]]]}},{"type":"Feature","properties":{"icao":"NFFF"},"geometry":{"type":"Polygon","coordinates":[[[171.42,-25.0],[168.0,-28.0],[163.0,-30.0],[163.0,-17.67],[161.25,-14.0],[163.0,-14.0],[164.83,-13.0],[170.0,-10.0],[170.0,3.5],[180.0,3.5],[180.0,-5.0],[189.0,-5.0],[184.32,-15.55],[180.0,-25.0],[171.42,-25.0]]]}},{"type":"Feature","properties":{"icao":"NTTT"},"geometry":{"type":"Polygon","coordinates":[[[-145.0,3.5],[-120.0,3.5],[-120.0,-30.0],[-157.0,-30.0],[-157.0,-5.0],[-155.0,-5.0],[-145.0,3.5]]]}},{"type":"Feature","properties":{"icao":"NZZC"},"geometry":{"type":"Polygon","coordinates":[[[178.91,-39.67],[176.81,-41.46],[175.05,-42.86],[174.16,-43.64],[172.23,-45.23],[170.0,-47.0],[168.27,-48.15],[165.3,-45.92],[167.68,-43.93],[168.91,-42.82],[170.39,-41.42],[170.56,-40.51],[171.56,-39.13],[170.717,-36.421],[172.518,-34.244],[175.759,-33.761],[178.297,-35.237],[178.94,-37.54],[180.27,-38.45],[178.91,-39.67]]]}},{"type":"Feature","properties":{"icao":"NZZO"},"geometry":{"type":"Polygon","coordinates":[[[163.0,-90.0],[163.0,-30.0],[168.0,-28.0],[171.42,-25.0],[180.0,-25.0],[184.32,-15.55],[189.0,-5.0],[203.0,-5.0],[203.0,-30.0],[229.0,-30.0],[229.0,-90.0],[163.0,-90.0]]]}},{"type":"Feature","properties":{"icao":"OAKX"},"geometry":{"type":"Polygon","coordinates":[[[60.88,29.86],[61.8,30.83],[61.78,30.91],[61.85,31.04],[61.76,31.33],[61.71,31.38],[60.86,31.49],[60.82,32.03],[60.88,32.2],[60.82,32.48],[60.72,32.69],[60.59,33.11],[60.63,33.22],[60.87,33.42],[60.86,33.49],[60.94,33.51],[60.9,33.54],[60.69,33.53],[60.64,33.56],[60.55,33.73],[60.57,33.82],[60.48,34.08],[60.69,34.31],[60.92,34.3],[60.75,34.52],[60.9,34.57],[60.93,34.63],[61.0,34.63],[61.14,35.11],[61.14,35.14],[61.09,35.16],[61.12,35.21],[61.09,35.26],[61.19,35.29],[61.17,35.35],[61.19,35.41],[61.24,35.44],[61.28,35.61],[61.37,35.62],[61.39,35.56],[61.61,35.43],[61.77,35.41],[61.94,35.45],[62.06,35.44],[62.14,35.34],[62.26,35.31],[62.3,35.14],[62.48,35.29],[62.57,35.23],[62.61,35.24],[62.62,35.21],[62.72,35.25],[62.77,35.3],[63.02,35.41],[63.01,35.43],[63.1,35.43],[63.13,35.55],[63.1,35.57],[63.1,35.63],[63.25,35.69],[63.14,35.78],[63.11,35.83],[63.13,35.87],[63.41,35.88],[63.55,35.91],[63.57,35.96],[63.93,36.04],[64.07,36.0],[64.08,36.11],[64.2,36.17],[64.29,36.15],[64.33,36.21],[64.45,36.24],[64.62,36.44],[64.61,36.63],[64.8,36.94],[64.76,37.11],[65.1,37.24],[65.52,37.23],[65.64,37.33],[65.64,37.43],[65.7,37.53],[65.8,37.54],[65.88,37.47],[66.1,37.43],[66.13,37.39],[66.24,37.37],[66.3,37.32],[66.57,37.36],[66.83,37.35],[66.97,37.39],[67.06,37.36],[67.12,37.27],[67.19,37.26],[67.28,37.18],[67.5,37.27],[67.56,37.23],[67.64,37.25],[67.77,37.21],[67.78,37.1],[67.89,37.07],[67.9,37.02],[68.01,36.93],[68.08,36.94],[68.19,37.02],[68.26,37.0],[68.3,37.11],[68.38,37.1],[68.43,37.15],[68.64,37.21],[68.68,37.28],[68.77,37.29],[68.81,37.24],[68.81,37.31],[68.84,37.32],[68.92,37.27],[68.89,37.33],[69.0,37.31],[69.15,37.15],[69.27,37.1],[69.46,37.23],[69.42,37.23],[69.37,37.42],[69.49,37.52],[69.52,37.59],[69.82,37.57],[69.91,37.62],[69.95,37.56],[70.14,37.52],[70.22,37.58],[70.21,37.6],[70.27,37.61],[70.31,37.7],[70.28,37.82],[70.18,37.86],[70.18,37.95],[70.2,37.92],[70.28,37.94],[70.27,37.97],[70.37,38.06],[70.5,38.12],[70.55,38.25],[70.6,38.28],[70.6,38.34],[70.68,38.36],[70.68,38.41],[70.73,38.41],[70.77,38.45],[70.85,38.43],[70.86,38.46],[70.95,38.43],[70.94,38.47],[70.98,38.48],[71.04,38.4],[71.1,38.42],[71.18,38.34],[71.32,38.3],[71.37,38.24],[71.37,38.16],[71.32,38.11],[71.25,37.92],[71.29,37.93],[71.33,37.88],[71.54,37.95],[71.59,37.91],[71.59,37.8],[71.53,37.76],[71.55,37.71],[71.5,37.6],[71.49,37.53],[71.52,37.47],[71.47,37.39],[71.5,37.31],[71.43,37.05],[71.56,36.76],[71.66,36.68],[71.81,36.68],[72.32,36.98],[72.67,37.02],[72.79,37.22],[73.08,37.32],[73.14,37.4],[73.2,37.4],[73.3,37.46],[73.37,37.44],[73.51,37.47],[73.57,37.44],[73.76,37.43],[73.77,37.34],[73.61,37.27],[73.65,37.23],[73.67,37.25],[73.83,37.23],[74.15,37.35],[74.2,37.33],[74.25,37.37],[74.24,37.41],[74.34,37.42],[74.38,37.42],[74.39,37.39],[74.68,37.4],[74.82,37.34],[74.87,37.27],[74.88,37.24],[74.84,37.22],[74.75,37.28],[74.66,37.24],[74.49,37.24],[74.48,37.16],[74.43,37.12],[74.49,37.09],[74.52,37.03],[74.57,37.03],[74.56,36.96],[74.52,37.0],[74.42,37.0],[74.26,36.9],[74.15,36.91],[74.12,36.84],[73.98,36.83],[73.92,36.88],[73.75,36.91],[73.39,36.9],[73.31,36.87],[73.07,36.89],[72.88,36.84],[72.63,36.85],[72.5,36.78],[72.24,36.75],[72.21,36.66],[72.1,36.65],[72.1,36.6],[71.96,36.57],[71.91,36.51],[71.83,36.51],[71.82,36.44],[71.87,36.42],[71.84,36.39],[71.64,36.47],[71.56,36.37],[71.57,36.33],[71.25,36.13],[71.2,36.05],[71.32,35.96],[71.38,35.96],[71.38,35.9],[71.47,35.83],[71.48,35.76],[71.55,35.72],[71.5,35.63],[71.61,35.57],[71.59,35.5],[71.65,35.45],[71.55,35.3],[71.68,35.21],[71.55,35.11],[71.53,35.06],[71.56,35.03],[71.5,34.96],[71.31,34.88],[71.22,34.75],[71.11,34.71],[71.09,34.59],[71.0,34.57],[71.01,34.46],[71.17,34.36],[71.12,34.27],[71.13,34.16],[71.07,34.11],[71.08,34.06],[70.77,33.95],[70.5,33.94],[70.24,33.97],[70.01,34.05],[69.91,34.04],[69.86,33.94],[69.99,33.74],[70.14,33.72],[70.15,33.65],[70.2,33.63],[70.17,33.53],[70.26,33.43],[70.3,33.43],[70.33,33.34],[70.16,33.22],[70.08,33.22],[70.02,33.14],[69.92,33.1],[69.83,33.1],[69.79,33.13],[69.72,33.09],[69.58,33.1],[69.51,33.03],[69.49,32.94],[69.53,32.86],[69.46,32.85],[69.39,32.77],[69.44,32.73],[69.45,32.66],[69.39,32.57],[69.3,32.54],[69.24,32.46],[69.28,32.36],[69.27,32.15],[69.32,31.93],[69.2,31.85],[69.12,31.7],[69.01,31.62],[68.95,31.65],[68.92,31.6],[68.82,31.6],[68.71,31.7],[68.7,31.77],[68.63,31.78],[68.58,31.83],[68.43,31.76],[68.58,31.75],[68.56,31.71],[68.42,31.76],[68.28,31.76],[68.26,31.8],[68.16,31.83],[68.06,31.69],[67.95,31.63],[67.84,31.62],[67.73,31.52],[67.55,31.53],[67.63,31.4],[67.76,31.41],[67.79,31.37],[67.77,31.33],[67.33,31.21],[67.05,31.23],[67.02,31.26],[67.05,31.28],[67.03,31.31],[66.93,31.31],[66.79,31.21],[66.72,31.21],[66.68,31.07],[66.56,30.98],[66.38,30.92],[66.28,30.57],[66.34,30.48],[66.34,30.34],[66.24,30.08],[66.36,29.96],[66.25,29.85],[65.05,29.53],[64.67,29.58],[64.35,29.55],[64.21,29.49],[64.15,29.45],[64.12,29.38],[64.09,29.38],[64.03,29.42],[63.59,29.49],[62.46,29.39],[60.88,29.86]]]}},{"type":"Feature","properties":{"icao":"OBBB"},"geometry":{"type":"Polygon","coordinates":[[[52.31,25.0],[52.51,25.04],[52.37,24.85],[52.31,25.0]]]}},{"type":"Feature","properties":{"icao":"OBBB"},"geometry":{"type":"Polygon","coordinates":[[[51.65,26.23],[51.73,26.74],[53.95,26.07],[53.1,25.82],[52.96,25.63],[51.65,26.23]]]}},{"type":"Feature","properties":{"icao":"OBBB"},"geometry":{"type":"Polygon","coordinates":[[[49.67,28.73],[50.92,27.08],[51.17,26.92],[51.73,26.74],[51.65,26.23],[51.38,26.36],[51.21,26.39],[51.07,26.35],[50.92,26.23],[50.91,26.08],[50.85,26.01],[50.82,25.9],[50.87,25.74],[50.84,25.64],[50.78,25.6],[50.82,25.57],[50.81,25.54],[50.74,25.58],[50.55,25.57],[50.3,25.88],[50.27,26.08],[50.34,26.37],[50.39,26.53],[50.47,26.57],[49.13,27.83],[48.87,28.25],[49.67,28.73]]]}},{"type":"Feature","properties":{"icao":"OBBB"},"geometry":{"type":"Polygon","coordinates":[[[51.57,24.71],[52.0,24.82],[52.37,24.85],[51.72,23.97],[51.59,24.12],[51.57,24.71]]]}},{"type":"Feature","properties":{"icao":"OEJD"},"geometry":{"type":"Polygon","coordinates":[[[34.96,29.36],[36.07,29.19],[36.5,29.49],[36.75,29.87],[37.5,30.0],[37.67,30.33],[38.0,30.5],[37.0,31.49],[39.0,31.99],[39.2,32.15],[40.41,31.95],[41.44,31.37],[42.14,31.08],[44.72,29.21],[46.43,29.06],[46.56,29.1],[46.7,29.09],[47.41,29.01],[47.49,28.98],[47.58,28.85],[47.6,28.68],[47.7,28.52],[48.68,28.54],[49.13,27.83],[50.47,26.57],[50.39,26.53],[50.34,26.37],[50.27,26.08],[50.3,25.88],[50.37,25.82],[50.44,25.68],[50.6,25.52],[50.66,25.13],[50.79,24.88],[50.81,24.74],[50.93,24.55],[51.1,24.47],[51.31,24.49],[51.37,24.52],[51.4,24.63],[51.57,24.71],[51.59,24.12],[52.58,22.94],[55.14,22.63],[55.21,22.71],[55.67,22.0],[55.0,20.0],[52.0,19.0],[50.78,18.79],[49.12,18.62],[48.18,18.17],[47.6,17.45],[47.47,17.12],[47.18,16.95],[47.0,16.95],[46.75,17.28],[46.37,17.23],[46.1,17.25],[45.4,17.33],[45.22,17.43],[44.37,17.43],[44.27,17.39],[44.15,17.41],[44.11,17.34],[44.07,17.39],[44.01,17.4],[43.93,17.3],[43.77,17.38],[43.67,17.38],[43.46,17.56],[43.34,17.59],[43.27,17.54],[43.23,17.46],[43.24,17.38],[43.31,17.35],[43.34,17.3],[43.23,17.27],[43.16,17.12],[43.16,17.09],[43.19,17.1],[43.18,16.95],[43.14,16.9],[43.27,16.81],[43.27,16.75],[43.23,16.75],[43.22,16.72],[43.24,16.65],[43.13,16.67],[43.15,16.65],[43.12,16.54],[42.98,16.51],[42.94,16.48],[42.95,16.4],[42.87,16.37],[42.82,16.36],[42.77,16.4],[42.15,16.4],[41.78,16.29],[42.0,16.0],[41.88,15.78],[41.66,15.67],[41.5,15.63],[41.0,16.0],[38.5,20.0],[38.0,22.0],[34.58,28.1],[34.96,29.36]]]}},{"type":"Feature","properties":{"icao":"OIIX"},"geometry":{"type":"MultiPolygon","coordinates":[[[[46.07,35.05],[46.09,35.09],[46.12,35.07],[46.19,35.11],[46.15,35.13],[46.2,35.21],[46.11,35.23],[46.16,35.29],[46.01,35.44],[46.01,35.53],[45.98,35.57],[46.02,35.57],[46.01,35.68],[46.27,35.72],[46.33,35.76],[46.35,35.82],[46.15,35.8],[46.14,35.84],[46.07,35.86],[46.03,35.83],[45.89,35.84],[45.87,35.81],[45.76,35.8],[45.7,35.89],[45.56,36.0],[45.36,35.98],[45.34,36.01],[45.39,36.09],[45.34,36.14],[45.33,36.23],[45.28,36.25],[45.31,36.28],[45.28,36.31],[45.28,36.39],[45.25,36.43],[45.18,36.41],[45.09,36.43],[45.01,36.54],[45.08,36.63],[45.05,36.73],[44.85,36.8],[44.91,36.87],[44.92,36.93],[44.89,36.96],[44.92,37.02],[44.83,37.04],[44.78,37.11],[44.81,37.15],[44.78,37.23],[44.83,37.3],[44.69,37.38],[44.66,37.43],[44.6,37.44],[44.64,37.61],[44.58,37.66],[44.64,37.72],[44.54,37.78],[44.46,37.77],[44.47,37.8],[44.41,37.82],[44.42,37.85],[44.24,37.89],[44.32,38.07],[44.41,38.15],[44.42,38.27],[44.51,38.32],[44.51,38.35],[44.46,38.39],[44.4,38.36],[44.32,38.38],[44.34,38.62],[44.29,38.64],[44.28,38.7],[44.32,38.83],[44.26,38.85],[44.2,38.93],[44.18,39.0],[44.22,39.03],[44.15,39.1],[44.23,39.12],[44.11,39.2],[44.11,39.29],[44.05,39.38],[44.07,39.41],[44.14,39.38],[44.23,39.41],[44.31,39.37],[44.42,39.41],[44.44,39.56],[44.49,39.63],[44.48,39.68],[44.61,39.78],[44.86,39.6],[44.9,39.6],[44.97,39.43],[45.09,39.35],[45.17,39.21],[45.3,39.18],[45.33,39.2],[45.32,39.17],[45.36,39.16],[45.4,39.07],[45.45,39.05],[45.44,38.99],[45.9,38.87],[45.95,38.89],[46.0,38.87],[46.0,38.82],[46.02,38.87],[46.18,38.83],[46.35,38.91],[46.53,38.86],[46.7,39.01],[46.76,39.02],[46.85,39.14],[47.0,39.15],[47.08,39.26],[47.33,39.38],[47.38,39.46],[47.57,39.51],[47.81,39.65],[47.9,39.65],[47.99,39.7],[48.37,39.37],[48.13,39.27],[48.14,39.2],[48.3,39.11],[48.37,39.01],[48.29,38.96],[48.09,38.94],[48.06,38.9],[48.01,38.9],[48.01,38.86],[48.11,38.77],[48.24,38.73],[48.25,38.66],[48.29,38.65],[48.31,38.6],[48.45,38.61],[48.46,38.56],[48.5,38.55],[48.63,38.4],[48.84,38.45],[51.5,37.9],[53.98,37.33],[54.24,37.31],[54.39,37.35],[54.58,37.46],[54.68,37.44],[54.8,37.52],[54.82,37.61],[54.78,37.63],[54.85,37.76],[54.95,37.8],[55.13,37.95],[55.27,37.98],[55.48,38.09],[55.51,38.07],[55.82,38.11],[55.97,38.07],[56.34,38.07],[56.36,38.12],[56.33,38.18],[56.43,38.25],[56.54,38.26],[56.61,38.22],[56.75,38.27],[56.8,38.23],[56.99,38.2],[57.02,38.17],[57.07,38.17],[57.16,38.26],[57.23,38.27],[57.3,38.2],[57.29,38.15],[57.38,38.08],[57.36,37.97],[57.52,37.91],[57.74,37.91],[58.03,37.8],[58.16,37.79],[58.21,37.76],[58.24,37.67],[58.37,37.65],[58.38,37.62],[58.49,37.63],[58.54,37.69],[58.7,37.63],[58.8,37.64],[58.84,37.69],[59.08,37.6],[59.22,37.5],[59.35,37.52],[59.4,37.43],[59.37,37.4],[59.39,37.33],[59.49,37.23],[59.48,37.2],[59.55,37.17],[59.55,37.12],[59.71,37.13],[59.74,37.1],[59.82,37.1],[59.92,37.03],[60.02,37.03],[60.37,36.62],[61.15,36.66],[61.19,36.57],[61.16,36.38],[61.23,36.12],[61.12,35.96],[61.23,35.92],[61.24,35.86],[61.27,35.81],[61.22,35.66],[61.28,35.61],[61.28,35.55],[61.24,35.44],[61.19,35.41],[61.19,35.29],[61.09,35.26],[61.12,35.21],[61.09,35.16],[61.14,35.14],[61.14,35.11],[61.12,35.0],[61.07,34.93],[61.08,34.84],[61.0,34.7],[61.0,34.63],[60.93,34.63],[60.9,34.57],[60.75,34.52],[60.92,34.3],[60.69,34.31],[60.48,34.08],[60.57,33.82],[60.55,33.73],[60.64,33.56],[60.69,33.53],[60.9,33.54],[60.94,33.49],[60.86,33.49],[60.87,33.42],[60.63,33.22],[60.59,33.11],[60.72,32.69],[60.82,32.48],[60.88,32.2],[60.82,32.03],[60.86,31.49],[61.71,31.38],[61.76,31.33],[61.85,31.04],[61.78,30.91],[61.8,30.83],[60.88,29.86],[61.19,29.5],[61.38,29.34],[61.36,29.27],[61.43,29.19],[61.41,29.14],[61.48,29.1],[61.5,29.01],[61.8,28.64],[62.04,28.51],[62.42,28.42],[62.59,28.26],[62.79,28.28],[62.77,28.02],[62.86,27.47],[62.81,27.34],[62.83,27.3],[62.78,27.23],[62.95,27.19],[63.18,27.24],[63.3,27.18],[63.32,27.14],[63.26,27.08],[63.28,26.86],[63.19,26.84],[63.2,26.73],[63.16,26.64],[62.76,26.65],[62.58,26.58],[62.43,26.57],[62.3,26.51],[62.31,26.48],[62.26,26.45],[62.28,26.36],[62.13,26.39],[62.11,26.31],[62.06,26.32],[61.85,26.23],[61.78,25.82],[61.69,25.8],[61.71,25.69],[61.68,25.65],[61.66,25.3],[61.43,24.66],[57.5,25.0],[56.75,25.58],[56.75,26.17],[56.45,26.68],[55.33,25.63],[51.17,26.92],[50.92,27.08],[50.82,27.18],[49.45,29.0],[49.67,29.22],[48.75,29.85],[48.48,29.98],[48.38,30.13],[48.41,30.2],[48.27,30.34],[48.2,30.32],[48.17,30.42],[48.04,30.48],[48.03,30.99],[47.7,30.99],[47.7,31.41],[47.86,31.79],[47.65,32.08],[47.54,32.14],[47.57,32.23],[47.5,32.27],[47.5,32.31],[47.44,32.33],[47.45,32.4],[47.39,32.47],[47.31,32.49],[47.18,32.45],[47.11,32.47],[46.82,32.71],[46.43,32.94],[46.1,32.97],[46.1,33.01],[46.17,33.06],[46.05,33.09],[46.05,33.12],[46.15,33.12],[46.21,33.18],[46.18,33.19],[46.2,33.26],[46.05,33.37],[46.04,33.46],[46.0,33.5],[45.87,33.49],[45.95,33.55],[45.91,33.63],[45.76,33.59],[45.77,33.64],[45.68,33.7],[45.52,33.94],[45.46,33.93],[45.41,33.97],[45.48,34.01],[45.51,34.1],[45.58,34.14],[45.59,34.25],[45.58,34.33],[45.55,34.35],[45.5,34.33],[45.45,34.46],[45.53,34.48],[45.54,34.59],[45.61,34.55],[45.75,34.54],[45.73,34.66],[45.67,34.72],[45.71,34.77],[45.7,34.81],[45.78,34.83],[45.8,34.91],[45.87,34.9],[45.9,34.94],[45.88,35.04],[45.93,35.04],[45.93,35.08],[46.07,35.05]]],[[[61.24,35.89],[61.24,35.9],[61.25,35.89],[61.24,35.89]]]]}},{"type":"Feature","properties":{"icao":"OJAC"},"geometry":{"type":"Polygon","coordinates":[[[36.07,29.19],[34.89,29.37],[35.02,29.66],[35.09,30.0],[35.18,30.12],[35.14,30.24],[35.19,30.36],[35.15,30.42],[35.29,30.77],[35.34,30.83],[35.33,30.86],[35.42,30.97],[35.4,31.01],[35.46,31.12],[35.39,31.26],[35.46,31.36],[35.48,31.57],[35.56,31.76],[35.52,31.92],[35.55,31.97],[35.53,32.09],[35.58,32.21],[35.57,32.55],[35.6,32.55],[35.58,32.63],[35.61,32.67],[35.8,32.76],[35.82,32.73],[35.95,32.72],[35.97,32.67],[36.04,32.65],[36.03,32.61],[36.09,32.52],[36.21,32.53],[36.41,32.38],[36.85,32.31],[38.8,33.37],[39.09,32.5],[38.99,32.48],[39.04,32.3],[39.26,32.36],[39.3,32.23],[39.0,31.99],[37.0,31.49],[38.0,30.5],[37.67,30.33],[37.5,30.0],[36.75,29.87],[36.5,29.49],[36.07,29.19]]]}},{"type":"Feature","properties":{"icao":"OKAC"},"geometry":{"type":"Polygon","coordinates":[[[48.68,28.54],[47.7,28.52],[47.6,28.68],[47.59,28.83],[47.46,29.0],[46.56,29.1],[46.87,29.43],[47.15,30.0],[47.35,30.09],[47.71,30.1],[48.01,29.99],[48.08,30.03],[48.16,30.02],[48.41,29.85],[48.75,29.85],[49.67,29.22],[49.45,29.0],[49.67,28.73],[48.87,28.25],[48.68,28.54]]]}},{"type":"Feature","properties":{"icao":"OLBB"},"geometry":{"type":"Polygon","coordinates":[[[35.71,34.64],[35.99,34.66],[36.28,34.63],[36.35,34.69],[36.42,34.62],[36.47,34.63],[36.46,34.59],[36.42,34.61],[36.42,34.56],[36.35,34.5],[36.46,34.5],[36.56,34.42],[36.54,34.37],[36.61,34.31],[36.6,34.22],[36.64,34.21],[36.52,34.06],[36.41,34.04],[36.3,33.93],[36.3,33.9],[36.4,33.84],[36.36,33.82],[36.16,33.85],[36.09,33.82],[35.95,33.65],[36.07,33.59],[36.06,33.55],[35.95,33.52],[35.96,33.48],[35.85,33.41],[35.8,33.33],[35.73,33.33],[35.63,33.25],[35.59,33.28],[35.51,33.1],[35.38,33.05],[35.33,33.1],[34.95,33.1],[35.6,34.55],[35.71,34.64]]]}},{"type":"Feature","properties":{"icao":"OMAE"},"geometry":{"type":"Polygon","coordinates":[[[56.1,26.35],[56.22,25.6],[56.58,25.0],[55.58,24.0],[55.21,22.71],[55.14,22.63],[52.58,22.94],[51.72,23.97],[53.1,25.82],[53.95,26.07],[55.33,25.63],[56.1,26.35]]]}},{"type":"Feature","properties":{"icao":"OMAE"},"geometry":{"type":"Polygon","coordinates":[[[56.1,26.35],[56.22,25.6],[56.58,25.0],[55.58,24.0],[55.21,22.71],[55.14,22.63],[52.58,22.94],[51.72,23.97],[53.1,25.82],[53.95,26.07],[55.33,25.63],[56.1,26.35]]]}},{"type":"Feature","properties":{"icao":"OOMM"},"geometry":{"type":"Polygon","coordinates":[[[56.58,25.0],[56.22,25.6],[56.1,26.35],[56.45,26.68],[56.75,26.17],[56.75,25.58],[57.5,25.0],[61.43,24.66],[61.44,23.5],[64.5,23.5],[60.0,19.8],[57.0,17.67],[53.5,15.67],[52.0,19.0],[55.0,20.0],[55.67,22.0],[55.21,22.71],[55.58,24.0],[56.58,25.0]]]}},{"type":"Feature","properties":{"icao":"OPKR"},"geometry":{"type":"Polygon","coordinates":[[[66.32,30.0],[73.55,30.0],[73.4,29.94],[73.26,29.52],[72.94,29.03],[72.41,28.79],[72.3,28.66],[72.21,28.4],[71.92,28.11],[71.9,27.96],[71.7,27.89],[71.24,27.85],[70.91,27.71],[70.77,27.71],[70.71,27.78],[70.66,27.93],[70.56,28.02],[70.51,28.04],[70.37,28.01],[70.21,27.89],[70.11,27.77],[70.02,27.56],[69.58,27.17],[69.51,27.02],[69.48,26.81],[69.52,26.74],[69.82,26.59],[70.09,26.6],[70.17,26.55],[70.17,26.25],[70.08,26.07],[70.09,25.97],[70.27,25.72],[70.37,25.68],[70.54,25.69],[70.59,25.72],[70.67,25.69],[70.66,25.41],[70.74,25.33],[70.75,25.27],[70.88,25.15],[70.96,24.89],[71.09,24.69],[70.99,24.6],[70.99,24.47],[71.02,24.43],[71.09,24.44],[71.12,24.41],[70.87,24.3],[70.9,24.27],[70.88,24.25],[70.81,24.22],[70.58,24.24],[70.59,24.31],[70.56,24.36],[70.6,24.4],[70.57,24.42],[70.14,24.3],[70.05,24.18],[69.91,24.16],[69.74,24.17],[69.59,24.29],[69.5,24.26],[69.31,24.28],[69.2,24.24],[69.08,24.27],[69.01,24.23],[68.91,24.29],[68.85,24.21],[68.83,24.31],[68.79,24.3],[68.76,24.28],[68.75,23.96],[68.33,23.97],[68.33,23.92],[68.17,23.67],[68.38,23.5],[61.44,23.5],[61.43,24.66],[61.66,25.3],[61.68,25.65],[61.71,25.69],[61.69,25.8],[61.78,25.82],[61.85,26.23],[62.06,26.32],[62.11,26.31],[62.13,26.39],[62.28,26.36],[62.26,26.45],[62.31,26.48],[62.3,26.51],[62.43,26.57],[62.58,26.58],[62.76,26.65],[63.16,26.64],[63.2,26.73],[63.19,26.84],[63.28,26.86],[63.26,27.08],[63.32,27.14],[63.3,27.18],[63.18,27.24],[62.95,27.19],[62.78,27.23],[62.83,27.3],[62.81,27.34],[62.86,27.47],[62.77,28.02],[62.79,28.28],[62.59,28.26],[62.42,28.42],[62.04,28.51],[61.8,28.64],[61.5,29.01],[61.48,29.1],[61.41,29.14],[61.43,29.19],[61.36,29.27],[61.38,29.34],[61.19,29.5],[60.88,29.86],[62.46,29.39],[63.59,29.49],[64.03,29.42],[64.12,29.38],[64.15,29.45],[64.35,29.55],[64.67,29.58],[65.05,29.53],[66.12,29.81],[66.25,29.85],[66.32,29.91],[66.36,29.96],[66.32,30.0]]]}},{"type":"Feature","properties":{"icao":"OPLR"},"geometry":{"type":"Polygon","coordinates":[[[74.17,36.91],[74.26,36.9],[74.42,37.0],[74.52,37.0],[74.56,36.96],[74.61,37.08],[74.68,37.1],[74.73,37.02],[74.83,37.06],[74.85,36.99],[74.92,36.93],[75.04,37.02],[75.16,37.02],[75.23,36.96],[75.41,36.94],[75.39,36.91],[75.45,36.72],[75.53,36.72],[75.55,36.77],[75.66,36.77],[75.92,36.62],[75.93,36.55],[76.03,36.41],[75.98,36.34],[75.99,36.29],[76.06,36.23],[76.0,36.22],[76.02,36.17],[75.93,36.13],[75.95,36.06],[75.99,36.02],[76.1,36.01],[76.17,35.92],[76.18,35.83],[76.21,35.85],[76.35,35.83],[76.39,35.87],[76.57,35.92],[76.6,35.78],[76.67,35.76],[76.75,35.67],[76.83,35.68],[77.15,35.54],[77.31,35.53],[77.38,35.47],[77.54,35.5],[77.71,35.48],[77.8,35.52],[77.84,35.5],[77.16,35.05],[77.07,35.02],[77.01,35.04],[77.0,34.94],[76.86,34.97],[76.75,34.93],[76.74,34.83],[76.69,34.76],[76.47,34.79],[76.16,34.64],[76.06,34.68],[75.77,34.52],[75.38,34.55],[75.26,34.61],[75.25,34.65],[75.02,34.64],[74.93,34.68],[74.7,34.69],[74.58,34.77],[74.38,34.8],[74.3,34.8],[74.14,34.69],[74.05,34.68],[74.0,34.71],[73.94,34.68],[73.95,34.57],[73.9,34.55],[73.9,34.5],[73.78,34.42],[73.76,34.37],[73.84,34.34],[73.9,34.36],[73.98,34.26],[73.98,34.21],[73.9,34.12],[73.88,34.05],[74.01,34.02],[74.12,34.06],[74.24,34.03],[74.26,33.97],[74.26,33.92],[74.21,33.86],[74.05,33.81],[73.96,33.72],[74.03,33.57],[74.1,33.57],[74.19,33.47],[74.17,33.34],[74.09,33.26],[74.02,33.26],[74.01,33.2],[74.16,33.13],[74.21,33.04],[74.34,33.03],[74.35,32.97],[74.32,32.92],[74.41,32.91],[74.47,32.78],[74.53,32.74],[74.61,32.76],[74.64,32.82],[74.7,32.84],[74.65,32.72],[74.68,32.66],[74.64,32.61],[74.7,32.48],[74.84,32.5],[74.95,32.45],[75.02,32.49],[75.08,32.48],[75.14,32.41],[75.18,32.43],[75.24,32.4],[75.38,32.27],[75.37,32.22],[75.32,32.2],[75.31,32.15],[75.23,32.08],[75.21,32.12],[75.17,32.07],[75.01,32.03],[74.92,32.06],[74.82,31.99],[74.8,31.94],[74.71,31.96],[74.7,31.92],[74.54,31.82],[74.55,31.76],[74.52,31.76],[74.52,31.72],[74.64,31.46],[74.57,31.35],[74.53,31.17],[74.57,31.11],[74.66,31.11],[74.69,31.06],[74.63,31.02],[74.56,31.07],[74.55,30.99],[74.47,30.97],[74.37,30.89],[74.37,30.85],[74.33,30.85],[74.3,30.78],[74.26,30.77],[74.28,30.73],[74.1,30.61],[74.07,30.52],[74.03,30.54],[73.97,30.46],[73.93,30.46],[73.93,30.42],[73.87,30.37],[73.95,30.3],[73.97,30.19],[73.79,30.06],[73.56,30.0],[66.32,30.0],[66.24,30.06],[66.34,30.34],[66.34,30.48],[66.28,30.57],[66.38,30.92],[66.56,30.98],[66.68,31.07],[66.72,31.21],[66.79,31.21],[66.93,31.31],[67.03,31.31],[67.05,31.28],[67.02,31.26],[67.05,31.23],[67.33,31.21],[67.77,31.33],[67.79,31.37],[67.76,31.41],[67.63,31.4],[67.55,31.53],[67.73,31.52],[67.84,31.62],[67.95,31.63],[68.06,31.69],[68.16,31.83],[68.26,31.8],[68.28,31.76],[68.42,31.76],[68.54,31.71],[68.58,31.75],[68.43,31.76],[68.58,31.83],[68.63,31.78],[68.7,31.77],[68.71,31.7],[68.82,31.6],[68.92,31.6],[68.95,31.65],[69.01,31.62],[69.12,31.7],[69.2,31.85],[69.32,31.93],[69.27,32.15],[69.28,32.36],[69.24,32.46],[69.3,32.54],[69.39,32.57],[69.45,32.66],[69.44,32.73],[69.39,32.77],[69.46,32.85],[69.53,32.86],[69.49,32.94],[69.51,33.03],[69.58,33.1],[69.72,33.09],[69.79,33.13],[69.83,33.1],[69.92,33.1],[70.02,33.14],[70.08,33.22],[70.16,33.22],[70.33,33.34],[70.3,33.43],[70.26,33.43],[70.17,33.53],[70.2,33.63],[70.15,33.65],[70.14,33.72],[70.01,33.73],[69.97,33.76],[69.96,33.82],[69.86,33.94],[69.9,33.98],[69.9,34.03],[70.01,34.05],[70.24,33.97],[70.5,33.94],[70.77,33.95],[71.07,34.05],[71.07,34.11],[71.13,34.16],[71.12,34.27],[71.17,34.36],[71.01,34.46],[71.0,34.57],[71.09,34.59],[71.11,34.71],[71.22,34.75],[71.31,34.88],[71.5,34.96],[71.56,35.03],[71.53,35.06],[71.55,35.11],[71.68,35.21],[71.55,35.3],[71.65,35.43],[71.59,35.5],[71.61,35.57],[71.5,35.63],[71.55,35.72],[71.48,35.76],[71.47,35.83],[71.38,35.9],[71.38,35.96],[71.32,35.96],[71.2,36.04],[71.25,36.13],[71.57,36.33],[71.56,36.37],[71.64,36.47],[71.84,36.39],[71.87,36.42],[71.82,36.44],[71.83,36.51],[71.91,36.51],[71.96,36.57],[72.1,36.6],[72.1,36.65],[72.21,36.66],[72.24,36.75],[72.5,36.78],[72.63,36.85],[72.88,36.84],[73.07,36.89],[73.31,36.87],[73.39,36.9],[73.75,36.91],[74.05,36.83],[74.12,36.84],[74.17,36.91]]]}},{"type":"Feature","properties":{"icao":"ORBB"},"geometry":{"type":"Polygon","coordinates":[[[39.3,32.23],[39.26,32.36],[39.04,32.3],[38.99,32.48],[39.09,32.5],[38.8,33.37],[41.01,34.42],[41.24,34.78],[41.23,35.25],[41.28,35.49],[41.39,35.63],[41.38,35.84],[41.26,36.05],[41.29,36.36],[41.41,36.52],[41.83,36.59],[42.39,37.07],[42.36,37.11],[42.59,37.15],[42.7,37.31],[42.75,37.32],[42.73,37.35],[42.8,37.38],[42.96,37.32],[43.04,37.36],[43.17,37.37],[43.32,37.3],[43.37,37.33],[43.49,37.25],[43.58,37.26],[43.64,37.22],[43.81,37.23],[43.85,37.19],[43.86,37.22],[43.93,37.22],[44.03,37.33],[44.14,37.32],[44.28,37.24],[44.29,37.17],[44.24,37.16],[44.2,37.1],[44.3,36.97],[44.37,37.03],[44.35,37.05],[44.51,37.09],[44.64,37.19],[44.77,37.17],[44.8,37.15],[44.8,37.07],[44.92,37.02],[44.89,36.96],[44.92,36.91],[44.85,36.82],[44.86,36.78],[45.03,36.74],[45.08,36.67],[45.02,36.52],[45.07,36.49],[45.09,36.43],[45.13,36.41],[45.25,36.43],[45.29,36.37],[45.28,36.31],[45.31,36.28],[45.28,36.25],[45.33,36.23],[45.34,36.14],[45.39,36.09],[45.34,36.01],[45.36,35.98],[45.56,36.0],[45.7,35.89],[45.76,35.8],[45.87,35.81],[45.89,35.84],[46.03,35.83],[46.07,35.86],[46.14,35.84],[46.15,35.8],[46.35,35.82],[46.33,35.76],[46.27,35.72],[46.01,35.68],[46.02,35.57],[45.98,35.58],[46.01,35.53],[45.99,35.5],[46.05,35.38],[46.15,35.31],[46.16,35.28],[46.11,35.23],[46.2,35.21],[46.15,35.13],[46.19,35.11],[46.16,35.08],[46.07,35.08],[46.06,35.04],[45.96,35.08],[45.93,35.08],[45.93,35.04],[45.88,35.04],[45.9,34.94],[45.85,34.89],[45.8,34.91],[45.79,34.84],[45.7,34.81],[45.71,34.77],[45.67,34.72],[45.73,34.66],[45.75,34.54],[45.61,34.55],[45.54,34.59],[45.53,34.48],[45.45,34.46],[45.5,34.33],[45.52,34.35],[45.58,34.33],[45.59,34.25],[45.58,34.14],[45.48,34.07],[45.48,34.01],[45.41,33.97],[45.46,33.93],[45.52,33.94],[45.68,33.7],[45.77,33.64],[45.76,33.59],[45.91,33.63],[45.95,33.55],[45.87,33.49],[46.0,33.5],[46.04,33.46],[46.05,33.37],[46.2,33.26],[46.18,33.19],[46.21,33.18],[46.15,33.12],[46.05,33.12],[46.05,33.09],[46.17,33.06],[46.1,33.01],[46.1,32.97],[46.43,32.94],[46.82,32.71],[47.11,32.47],[47.18,32.45],[47.31,32.49],[47.39,32.47],[47.45,32.4],[47.44,32.33],[47.5,32.31],[47.5,32.27],[47.57,32.23],[47.54,32.14],[47.65,32.08],[47.86,31.79],[47.7,31.41],[47.7,30.99],[48.03,30.99],[48.04,30.48],[48.17,30.42],[48.2,30.32],[48.27,30.34],[48.41,30.2],[48.38,30.13],[48.48,29.98],[48.75,29.85],[48.41,29.85],[48.16,30.02],[48.08,30.03],[48.01,29.99],[47.71,30.1],[47.35,30.09],[47.15,30.0],[46.87,29.43],[46.56,29.1],[46.43,29.06],[44.72,29.21],[42.14,31.08],[41.44,31.37],[40.41,31.95],[39.2,32.15],[39.3,32.23]]]}},{"type":"Feature","properties":{"icao":"OSTT"},"geometry":{"type":"Polygon","coordinates":[[[35.67,35.92],[36.01,35.94],[36.02,35.88],[36.12,35.87],[36.17,35.82],[36.21,35.95],[36.31,35.96],[36.3,36.0],[36.38,36.0],[36.4,36.23],[36.48,36.2],[36.52,36.24],[36.61,36.22],[36.7,36.24],[36.67,36.33],[36.61,36.33],[36.62,36.39],[36.59,36.39],[36.55,36.49],[36.6,36.56],[36.59,36.65],[36.64,36.71],[36.62,36.75],[36.68,36.81],[36.68,36.85],[37.0,36.76],[37.06,36.72],[37.03,36.66],[37.09,36.62],[37.12,36.66],[37.48,36.64],[37.67,36.74],[37.93,36.79],[38.19,36.91],[38.41,36.9],[38.57,36.84],[38.72,36.71],[39.09,36.7],[39.23,36.66],[39.83,36.75],[40.24,36.9],[40.44,37.01],[40.78,37.12],[40.92,37.13],[41.22,37.06],[41.54,37.08],[41.98,37.16],[42.11,37.21],[42.22,37.32],[42.22,37.28],[42.29,37.28],[42.36,37.23],[42.34,37.17],[42.39,37.07],[41.83,36.59],[41.41,36.52],[41.29,36.36],[41.26,36.05],[41.38,35.84],[41.39,35.63],[41.28,35.49],[41.23,35.25],[41.24,34.78],[41.01,34.42],[38.8,33.37],[36.85,32.31],[36.41,32.38],[36.21,32.53],[36.09,32.52],[36.03,32.61],[36.04,32.65],[35.97,32.67],[35.95,32.72],[35.82,32.73],[35.8,32.76],[35.7,32.7],[35.62,32.71],[35.66,32.82],[35.62,32.9],[35.62,33.02],[35.66,33.06],[35.69,33.24],[35.63,33.26],[35.73,33.33],[35.8,33.33],[35.85,33.41],[35.96,33.48],[35.95,33.52],[36.06,33.55],[36.07,33.59],[35.95,33.65],[36.09,33.82],[36.16,33.85],[36.38,33.82],[36.4,33.84],[36.3,33.9],[36.3,33.93],[36.41,34.04],[36.52,34.06],[36.64,34.21],[36.6,34.22],[36.61,34.31],[36.54,34.37],[36.56,34.42],[36.46,34.5],[36.35,34.5],[36.42,34.56],[36.42,34.61],[36.46,34.59],[36.47,34.63],[36.42,34.62],[36.35,34.69],[36.28,34.63],[35.99,34.66],[35.71,34.64],[35.63,34.92],[35.67,35.07],[35.48,35.57],[35.6,35.88],[35.67,35.92]]]}},{"type":"Feature","properties":{"icao":"OTDF"},"geometry":{"type":"Polygon","coordinates":[[[52.96,25.63],[52.51,25.04],[52.31,25.0],[52.37,24.85],[52.0,24.82],[51.57,24.71],[51.4,24.63],[51.37,24.52],[51.1,24.47],[50.93,24.55],[50.81,24.74],[50.79,24.88],[50.66,25.13],[50.6,25.52],[50.55,25.57],[50.74,25.58],[50.77,25.55],[50.81,25.54],[50.82,25.55],[50.78,25.6],[50.84,25.64],[50.87,25.74],[50.82,25.9],[50.85,26.01],[50.91,26.08],[50.92,26.23],[51.07,26.35],[51.21,26.39],[51.38,26.36],[52.96,25.63]]]}},{"type":"Feature","properties":{"icao":"OTDF"},"geometry":{"type":"Polygon","coordinates":[[[51.65,26.23],[51.73,26.74],[53.95,26.07],[53.1,25.82],[52.96,25.63],[51.65,26.23]]]}},{"type":"Feature","properties":{"icao":"OYSC"},"geometry":{"type":"Polygon","coordinates":[[[52.0,19.0],[53.5,15.67],[57.0,17.67],[60.0,19.8],[60.0,12.0],[51.5,12.0],[50.75,12.18],[47.5,12.0],[44.24,11.76],[44.05,12.17],[43.33,12.6],[43.2,12.75],[42.42,14.0],[42.02,14.9],[41.5,15.63],[41.66,15.67],[41.88,15.78],[42.0,16.0],[41.78,16.29],[42.15,16.4],[42.77,16.4],[42.82,16.36],[42.87,16.37],[42.95,16.4],[42.94,16.48],[42.98,16.51],[43.12,16.54],[43.15,16.65],[43.13,16.67],[43.24,16.65],[43.22,16.72],[43.23,16.75],[43.27,16.75],[43.27,16.81],[43.14,16.9],[43.18,16.95],[43.19,17.1],[43.16,17.09],[43.16,17.12],[43.23,17.27],[43.34,17.3],[43.23,17.42],[43.25,17.51],[43.34,17.59],[43.46,17.56],[43.67,17.38],[43.77,17.38],[43.93,17.3],[44.01,17.4],[44.07,17.39],[44.11,17.34],[44.15,17.41],[44.27,17.39],[44.37,17.43],[45.22,17.43],[45.4,17.33],[46.1,17.25],[46.37,17.23],[46.75,17.28],[47.0,16.95],[47.18,16.95],[47.47,17.12],[47.6,17.45],[48.18,18.17],[49.12,18.62],[50.78,18.79],[52.0,19.0]]]}},{"type":"Feature","properties":{"icao":"PAZA"},"geometry":{"type":"MultiPolygon","coordinates":[[[[162.92,45.7],[170.23,51.474],[173.73,51.08],[179.58,50.62],[180.0,50.62],[180.0,59.192],[183.478,61.94],[187.8,64.05],[191.03,65.0],[191.03,67.905],[219.0,90.0],[219.0,60.35],[220.93,60.35],[220.81,60.09],[220.96,59.99],[221.29,59.91],[221.33,59.81],[221.38,59.77],[223.769,59.529],[223.77,59.56],[223.66,59.6],[224.06,59.67],[224.52,59.8],[224.87,59.63],[224.97,59.57],[224.97,59.47],[224.9,59.43],[225.01,59.39],[224.97,59.35],[225.05,59.28],[225.31,59.25],[225.33,59.19],[225.44,59.13],[225.52,59.13],[225.62,59.04],[225.6,58.98],[225.68,58.96],[225.67,58.93],[225.76,58.85],[226.16,58.73],[226.64,58.42],[226.56,58.38],[226.83,58.16],[226.92,58.01],[227.12,57.85],[227.77,57.21],[227.63,57.09],[227.96,57.05],[227.93,57.0],[228.13,56.81],[228.1,56.75],[228.17,56.6],[228.42,56.61],[228.92,56.41],[229.22,56.37],[229.37,56.28],[229.53,56.24],[229.58,56.14],[229.76,56.1],[229.89,56.12],[229.99,56.0],[230.0,55.9],[229.85,55.77],[229.85,55.73],[229.9,55.67],[229.88,55.55],[229.96,55.45],[229.97,55.34],[230.02,55.28],[229.86,55.15],[229.7,54.94],[229.51,54.82],[229.36,54.77],[229.39,54.71],[228.2,54.49],[227.17,54.58],[226.0,54.11],[224.54,54.11],[224.0,54.0],[225.0,52.72],[223.0,53.37],[208.25,56.76],[207.0,56.0],[200.0,53.5],[192.18,51.4],[183.43,50.13],[180.0,49.68],[179.628,50.513],[162.92,45.7]]],[[[162.92,45.7],[160.34,48.64],[159.0,50.1],[167.919,53.578],[162.92,45.7]]],[[[170.0,51.5],[170.0,51.627],[170.0,51.628],[170.0,51.5]]]]}},{"type":"Feature","properties":{"icao":"PAZA"},"geometry":{"type":"Polygon","coordinates":[[[180.0,49.68],[180.0,60.0],[182.25,61.34],[187.8,64.05],[191.03,65.0],[191.03,68.485],[219.0,90.0],[219.0,60.35],[220.93,60.35],[220.81,60.09],[220.96,59.99],[221.29,59.91],[221.33,59.81],[221.38,59.77],[225.01,59.39],[224.97,59.35],[225.05,59.28],[225.31,59.25],[225.33,59.19],[225.44,59.13],[225.52,59.13],[225.62,59.04],[225.6,58.98],[225.68,58.96],[225.67,58.93],[225.76,58.85],[226.16,58.73],[226.64,58.42],[226.56,58.38],[226.83,58.16],[226.92,58.01],[227.12,57.85],[227.77,57.21],[227.63,57.09],[227.96,57.05],[227.93,57.0],[228.13,56.81],[228.1,56.75],[228.17,56.6],[228.42,56.61],[228.92,56.41],[229.22,56.37],[229.37,56.28],[229.53,56.24],[229.58,56.14],[229.76,56.1],[229.89,56.12],[229.99,56.0],[230.0,55.9],[229.85,55.77],[229.85,55.73],[229.9,55.67],[229.88,55.55],[229.96,55.45],[229.97,55.34],[230.02,55.28],[229.86,55.15],[229.7,54.94],[229.51,54.82],[229.36,54.77],[229.39,54.71],[228.2,54.49],[227.17,54.58],[226.0,54.11],[224.54,54.11],[224.0,54.0],[223.0,53.37],[208.25,56.76],[207.0,56.0],[200.0,53.5],[192.18,51.4],[183.43,50.13],[180.0,49.68]]]}},{"type":"Feature","properties":{"icao":"PHZH"},"geometry":{"type":"Polygon","coordinates":[[[-158.62,26.14],[-154.25,24.3],[-153.37,23.78],[-151.89,22.34],[-150.5,19.7],[-151.88,19.22],[-154.48,19.14],[-156.81,17.17],[-157.76,17.17],[-158.25,17.22],[-160.27,18.05],[-162.38,19.42],[-163.3,20.12],[-163.91,21.15],[-163.91,22.21],[-163.85,23.26],[-163.27,24.17],[-162.65,25.06],[-161.69,25.68],[-160.63,26.1],[-158.62,26.14]]]}},{"type":"Feature","properties":{"icao":"RCAA"},"geometry":{"type":"Polygon","coordinates":[[[117.5,21.0],[117.5,23.0],[120.0,25.0],[124.0,29.0],[124.0,23.5],[121.5,21.0],[117.5,21.0]]]}},{"type":"Feature","properties":{"icao":"RJJJ"},"geometry":{"type":"Polygon","coordinates":[[[140.0,45.75],[142.0,45.75],[145.67,44.5],[145.73,44.45],[145.43,44.04],[145.39,43.9],[145.33,43.84],[145.34,43.72],[145.8,43.44],[145.86,43.34],[146.83,43.0],[150.0,45.0],[159.0,50.1],[160.34,48.64],[162.92,45.7],[165.0,43.0],[165.0,27.0],[155.0,27.0],[155.0,21.0],[121.5,21.0],[124.0,23.5],[124.0,30.0],[125.41,30.0],[126.83,32.5],[127.5,32.5],[129.16,34.67],[130.32,35.56],[133.0,37.5],[133.0,38.0],[133.65,38.64],[136.0,40.55],[140.0,45.75]]]}},{"type":"Feature","properties":{"icao":"RKRR"},"geometry":{"type":"Polygon","coordinates":[[[124.0,30.0],[124.0,38.0],[124.85,38.0],[124.91,37.95],[124.88,37.87],[124.95,37.75],[125.15,37.62],[125.37,37.62],[125.58,37.68],[125.78,37.83],[125.87,37.75],[126.16,37.73],[126.19,37.74],[126.21,37.82],[126.39,37.85],[126.59,37.76],[126.68,37.82],[126.68,37.95],[126.78,37.96],[126.89,38.1],[126.97,38.14],[126.96,38.18],[127.02,38.24],[127.14,38.31],[127.41,38.33],[127.51,38.3],[127.57,38.33],[127.78,38.34],[127.83,38.3],[127.89,38.33],[128.09,38.31],[128.29,38.43],[128.32,38.59],[128.36,38.64],[133.65,38.64],[133.0,38.0],[133.0,37.5],[130.32,35.56],[129.16,34.67],[127.5,32.5],[126.83,32.5],[125.41,30.0],[124.0,30.0]]]}},{"type":"Feature","properties":{"icao":"RPHI"},"geometry":{"type":"Polygon","coordinates":[[[130.0,21.0],[130.0,7.0],[132.53,4.0],[120.0,4.0],[117.5,7.5],[116.5,8.42],[114.0,10.5],[114.0,16.67],[117.5,21.0],[130.0,21.0]]]}},{"type":"Feature","properties":{"icao":"SACF"},"geometry":{"type":"Polygon","coordinates":[[[-64.07,-22.26],[-64.03,-22.24],[-63.99,-22.1],[-63.95,-22.08],[-63.94,-22.0],[-62.81,-22.0],[-62.82,-22.12],[-62.65,-22.25],[-62.0,-23.25],[-61.82,-26.82],[-60.6,-30.13],[-60.2,-30.22],[-62.32,-32.9],[-63.28,-34.03],[-64.48,-33.79],[-64.49,-33.61],[-64.58,-33.38],[-64.79,-33.16],[-65.04,-33.03],[-65.27,-32.98],[-65.5,-32.98],[-65.89,-33.11],[-67.25,-30.88],[-69.65,-28.5],[-69.64,-28.37],[-69.5,-28.34],[-69.46,-28.21],[-69.39,-28.22],[-69.31,-28.17],[-69.24,-27.98],[-69.17,-27.97],[-69.11,-27.89],[-69.09,-27.73],[-69.05,-27.7],[-69.06,-27.63],[-69.0,-27.56],[-69.0,-27.49],[-68.85,-27.3],[-68.88,-27.26],[-68.87,-27.21],[-68.8,-27.11],[-68.84,-27.05],[-68.73,-27.1],[-68.64,-27.06],[-68.32,-27.04],[-68.32,-26.96],[-68.27,-26.92],[-68.59,-26.51],[-68.57,-26.31],[-68.39,-26.19],[-68.48,-25.72],[-68.57,-25.65],[-68.53,-25.57],[-68.57,-25.57],[-68.58,-25.39],[-68.55,-25.31],[-68.59,-25.2],[-68.48,-25.13],[-68.4,-25.14],[-68.35,-25.11],[-68.47,-24.91],[-68.58,-24.82],[-68.57,-24.75],[-68.4,-24.55],[-68.39,-24.47],[-68.33,-24.49],[-68.2,-24.37],[-67.33,-24.03],[-67.0,-23.04],[-66.99,-22.99],[-67.18,-22.8],[-67.12,-22.71],[-67.01,-22.64],[-67.02,-22.53],[-66.78,-22.43],[-66.74,-22.24],[-66.68,-22.2],[-66.64,-22.22],[-66.62,-22.19],[-66.33,-22.12],[-66.28,-22.05],[-66.23,-21.78],[-66.08,-21.83],[-66.04,-21.87],[-66.04,-21.92],[-65.92,-21.93],[-65.76,-22.11],[-65.57,-22.08],[-64.98,-22.09],[-64.73,-22.2],[-64.65,-22.19],[-64.54,-22.29],[-64.57,-22.37],[-64.52,-22.41],[-64.53,-22.44],[-64.49,-22.44],[-64.41,-22.54],[-64.44,-22.64],[-64.4,-22.72],[-64.34,-22.75],[-64.33,-22.87],[-64.28,-22.82],[-64.25,-22.58],[-64.12,-22.4],[-64.07,-22.26]]]}},{"type":"Feature","properties":{"icao":"SAEF"},"geometry":{"type":"Polygon","coordinates":[[[-60.2,-30.22],[-57.76,-30.7],[-57.98,-31.38],[-58.4,-33.03],[-58.52,-33.83],[-58.4,-34.0],[-57.83,-34.58],[-57.1,-34.88],[-54.83,-36.0],[-53.2,-36.76],[-45.0,-40.0],[-44.5,-39.0],[-10.0,-39.0],[-10.0,-46.0],[-45.0,-46.0],[-63.12,-39.28],[-70.45,-41.31],[-71.86,-41.44],[-71.88,-41.36],[-71.84,-41.25],[-71.88,-41.17],[-71.84,-41.17],[-71.83,-41.05],[-71.89,-40.99],[-71.85,-40.94],[-71.95,-40.73],[-71.83,-40.63],[-71.88,-40.55],[-71.85,-40.56],[-71.82,-40.43],[-71.77,-40.41],[-71.72,-40.44],[-71.65,-40.37],[-71.69,-40.29],[-71.75,-40.31],[-71.83,-40.23],[-71.8,-40.2],[-71.82,-40.09],[-71.68,-40.11],[-71.66,-40.08],[-71.69,-40.03],[-71.61,-39.96],[-71.59,-39.9],[-71.64,-39.85],[-71.69,-39.85],[-71.71,-39.71],[-71.68,-39.67],[-71.72,-39.65],[-71.7,-39.58],[-71.65,-39.58],[-71.61,-39.63],[-71.49,-39.62],[-71.48,-39.57],[-71.53,-39.52],[-71.47,-39.49],[-71.47,-39.4],[-71.39,-39.3],[-71.44,-39.04],[-71.41,-39.01],[-71.42,-38.92],[-71.09,-38.75],[-70.95,-38.75],[-70.83,-38.57],[-70.91,-38.5],[-68.37,-37.48],[-64.83,-35.9],[-64.48,-33.79],[-63.28,-34.03],[-62.32,-32.9],[-60.2,-30.22]]]}},{"type":"Feature","properties":{"icao":"SAMF"},"geometry":{"type":"Polygon","coordinates":[[[-69.65,-28.5],[-67.25,-30.88],[-65.89,-33.11],[-65.5,-32.98],[-65.19,-32.99],[-64.92,-33.08],[-64.73,-33.21],[-64.58,-33.38],[-64.49,-33.61],[-64.48,-33.79],[-64.83,-35.9],[-68.37,-37.48],[-70.91,-38.5],[-71.02,-38.37],[-71.04,-38.12],[-71.0,-38.09],[-71.09,-37.98],[-71.1,-37.88],[-71.2,-37.69],[-71.18,-37.61],[-71.13,-37.59],[-71.15,-37.52],[-71.12,-37.44],[-71.19,-37.38],[-71.21,-37.28],[-71.14,-37.21],[-71.14,-37.13],[-71.09,-37.1],[-71.2,-36.98],[-71.1,-36.96],[-71.14,-36.91],[-71.13,-36.86],[-71.17,-36.86],[-71.17,-36.83],[-71.14,-36.82],[-71.11,-36.66],[-71.07,-36.7],[-71.02,-36.66],[-71.05,-36.61],[-71.03,-36.46],[-70.96,-36.48],[-70.89,-36.45],[-70.89,-36.38],[-70.69,-36.41],[-70.67,-36.38],[-70.71,-36.33],[-70.7,-36.25],[-70.63,-36.23],[-70.57,-36.12],[-70.43,-36.17],[-70.37,-36.04],[-70.4,-35.97],[-70.38,-35.92],[-70.42,-35.9],[-70.33,-35.8],[-70.4,-35.66],[-70.39,-35.51],[-70.44,-35.46],[-70.42,-35.34],[-70.54,-35.31],[-70.58,-35.26],[-70.56,-35.21],[-70.43,-35.2],[-70.36,-35.14],[-70.37,-35.03],[-70.26,-34.8],[-70.32,-34.76],[-70.22,-34.67],[-70.23,-34.63],[-70.13,-34.49],[-70.01,-34.4],[-70.04,-34.28],[-69.97,-34.25],[-69.91,-34.3],[-69.82,-34.23],[-69.88,-34.15],[-69.83,-34.01],[-69.89,-33.83],[-69.86,-33.76],[-69.88,-33.65],[-69.83,-33.48],[-69.74,-33.43],[-69.8,-33.3],[-69.89,-33.22],[-69.96,-33.32],[-70.03,-33.31],[-70.09,-33.04],[-70.04,-33.02],[-70.0,-32.9],[-70.15,-32.73],[-70.17,-32.6],[-70.13,-32.57],[-70.14,-32.48],[-70.24,-32.43],[-70.22,-32.33],[-70.32,-32.27],[-70.3,-32.14],[-70.39,-32.05],[-70.27,-32.04],[-70.2,-31.97],[-70.28,-31.89],[-70.36,-31.89],[-70.45,-31.84],[-70.46,-31.7],[-70.5,-31.69],[-70.56,-31.48],[-70.51,-31.15],[-70.44,-31.09],[-70.39,-31.17],[-70.27,-31.03],[-70.3,-31.01],[-70.28,-30.79],[-70.22,-30.71],[-70.23,-30.65],[-70.16,-30.48],[-70.07,-30.38],[-69.97,-30.4],[-69.93,-30.37],[-69.81,-30.21],[-69.83,-30.12],[-69.94,-30.1],[-69.86,-29.84],[-69.88,-29.67],[-69.94,-29.62],[-69.93,-29.52],[-70.01,-29.36],[-69.89,-29.16],[-69.77,-29.14],[-69.75,-28.92],[-69.7,-28.8],[-69.73,-28.69],[-69.65,-28.58],[-69.65,-28.5]]]}},{"type":"Feature","properties":{"icao":"SARR"},"geometry":{"type":"MultiPolygon","coordinates":[[[[-62.61,-22.31],[-62.54,-22.33],[-62.52,-22.38],[-62.46,-22.37],[-62.45,-22.42],[-62.25,-22.52],[-62.23,-22.56],[-62.27,-22.6],[-62.19,-22.65],[-62.2,-22.72],[-62.18,-22.71],[-62.14,-22.79],[-62.04,-22.87],[-61.99,-23.03],[-61.86,-23.09],[-61.69,-23.28],[-61.62,-23.28],[-61.55,-23.35],[-61.51,-23.35],[-61.53,-23.37],[-61.5,-23.42],[-61.36,-23.45],[-61.24,-23.55],[-61.17,-23.55],[-61.09,-23.62],[-61.09,-23.69],[-60.99,-23.81],[-60.93,-23.8],[-60.85,-23.87],[-60.6,-23.9],[-60.57,-23.96],[-60.45,-23.96],[-60.33,-24.05],[-60.05,-24.01],[-59.47,-24.34],[-59.33,-24.5],[-59.12,-24.62],[-58.98,-24.66],[-58.81,-24.77],[-58.71,-24.78],[-58.67,-24.83],[-58.49,-24.85],[-58.33,-25.0],[-58.22,-24.93],[-58.06,-25.05],[-58.0,-25.04],[-57.98,-25.09],[-57.87,-25.08],[-57.78,-25.16],[-57.76,-25.23],[-57.67,-25.28],[-57.67,-25.34],[-57.55,-25.46],[-57.56,-25.56],[-57.6,-25.57],[-57.61,-25.62],[-57.67,-25.6],[-57.68,-25.66],[-57.77,-25.68],[-57.73,-25.72],[-57.82,-25.77],[-57.8,-25.84],[-57.86,-25.86],[-57.84,-25.92],[-57.89,-25.95],[-57.85,-26.01],[-58.09,-26.12],[-58.11,-26.18],[-58.16,-26.18],[-58.11,-26.24],[-58.17,-26.27],[-58.15,-26.32],[-58.21,-26.4],[-58.18,-26.46],[-58.23,-26.47],[-58.19,-26.65],[-58.25,-26.65],[-58.25,-26.75],[-58.3,-26.77],[-58.29,-26.8],[-58.36,-26.81],[-58.32,-26.87],[-58.48,-26.92],[-58.5,-27.05],[-58.55,-27.04],[-58.55,-27.11],[-58.65,-27.14],[-58.66,-27.19],[-58.59,-27.23],[-58.61,-27.3],[-58.28,-27.25],[-58.01,-27.26],[-57.86,-27.29],[-57.81,-27.33],[-57.7,-27.33],[-57.51,-27.44],[-57.33,-27.41],[-57.08,-27.49],[-57.0,-27.46],[-57.0,-27.51],[-56.88,-27.6],[-56.74,-27.57],[-56.71,-27.46],[-56.58,-27.45],[-56.49,-27.58],[-56.38,-27.61],[-56.28,-27.47],[-56.29,-27.41],[-56.11,-27.3],[-55.98,-27.35],[-55.9,-27.34],[-55.82,-27.44],[-55.74,-27.45],[-55.59,-27.33],[-55.58,-27.24],[-55.62,-27.18],[-55.57,-27.17],[-55.55,-27.11],[-55.46,-27.11],[-55.46,-27.05],[-55.4,-26.98],[-55.27,-26.94],[-55.22,-26.97],[-55.14,-26.96],[-55.15,-26.88],[-55.06,-26.8],[-54.96,-26.79],[-54.93,-26.68],[-54.82,-26.68],[-54.79,-26.65],[-54.81,-26.55],[-54.7,-26.45],[-54.7,-26.39],[-54.65,-26.32],[-54.68,-26.26],[-54.62,-26.22],[-54.68,-26.16],[-54.64,-26.1],[-54.68,-25.99],[-54.61,-25.97],[-54.59,-25.82],[-54.66,-25.67],[-54.59,-25.67],[-54.6,-25.59],[-54.54,-25.6],[-54.53,-25.64],[-54.49,-25.63],[-54.43,-25.71],[-54.38,-25.6],[-54.35,-25.61],[-54.3,-25.56],[-54.26,-25.6],[-54.24,-25.57],[-54.18,-25.59],[-54.21,-25.55],[-54.12,-25.5],[-54.1,-25.52],[-54.13,-25.57],[-54.1,-25.63],[-54.08,-25.58],[-54.01,-25.57],[-53.96,-25.64],[-53.94,-25.61],[-53.86,-25.66],[-53.85,-25.71],[-53.88,-25.71],[-53.82,-25.79],[-53.85,-25.83],[-53.82,-25.88],[-53.85,-25.88],[-53.82,-25.9],[-53.84,-25.92],[-53.84,-25.96],[-53.73,-26.05],[-53.72,-26.13],[-53.59,-26.26],[-53.74,-26.55],[-53.71,-26.57],[-53.75,-26.65],[-53.71,-26.67],[-53.74,-26.69],[-53.75,-26.75],[-53.72,-26.75],[-53.74,-26.78],[-53.7,-26.78],[-53.7,-26.85],[-53.66,-26.87],[-53.69,-26.87],[-53.67,-26.95],[-53.73,-26.97],[-53.76,-27.05],[-53.78,-27.03],[-53.76,-27.07],[-53.8,-27.05],[-53.78,-27.11],[-53.81,-27.1],[-53.82,-27.11],[-53.8,-27.15],[-53.83,-27.17],[-53.86,-27.13],[-53.9,-27.18],[-53.95,-27.16],[-54.08,-27.3],[-54.16,-27.3],[-54.18,-27.26],[-54.21,-27.38],[-54.27,-27.4],[-54.28,-27.45],[-54.34,-27.41],[-54.36,-27.47],[-54.42,-27.41],[-54.47,-27.43],[-54.45,-27.48],[-54.52,-27.51],[-54.58,-27.46],[-54.62,-27.55],[-54.68,-27.51],[-54.68,-27.58],[-54.74,-27.56],[-54.78,-27.59],[-54.79,-27.54],[-54.82,-27.54],[-54.84,-27.62],[-54.9,-27.64],[-54.9,-27.72],[-54.94,-27.78],[-55.08,-27.79],[-55.03,-27.83],[-55.04,-27.86],[-55.12,-27.85],[-55.13,-27.9],[-55.2,-27.86],[-55.39,-27.99],[-55.37,-28.03],[-55.44,-28.1],[-55.5,-28.08],[-55.54,-28.16],[-55.6,-28.12],[-55.69,-28.22],[-55.77,-28.24],[-55.75,-28.29],[-55.67,-28.33],[-55.69,-28.42],[-55.71,-28.43],[-55.73,-28.38],[-55.87,-28.36],[-55.9,-28.39],[-55.89,-28.48],[-56.02,-28.51],[-56.01,-28.61],[-56.12,-28.68],[-56.19,-28.78],[-56.27,-28.78],[-56.3,-28.81],[-56.31,-28.92],[-56.41,-28.97],[-56.42,-29.07],[-56.59,-29.12],[-56.68,-29.33],[-56.78,-29.39],[-56.78,-29.44],[-56.97,-29.6],[-56.97,-29.64],[-57.14,-29.77],[-57.24,-29.78],[-57.32,-29.87],[-57.34,-30.0],[-57.5,-30.14],[-57.62,-30.18],[-57.76,-30.7],[-60.6,-30.13],[-61.82,-26.82],[-62.0,-23.25],[-62.61,-22.31]]],[[[-53.83,-25.92],[-53.82,-25.91],[-53.83,-25.93],[-53.83,-25.92]]],[[[-53.73,-26.69],[-53.72,-26.69],[-53.72,-26.7],[-53.73,-26.69]]]]}},{"type":"Feature","properties":{"icao":"SAVF"},"geometry":{"type":"Polygon","coordinates":[[[-63.12,-39.28],[-45.0,-46.0],[-10.0,-46.0],[-10.0,-90.0],[-74.0,-90.0],[-74.0,-60.0],[-67.27,-60.0],[-67.27,-56.38],[-65.73,-56.38],[-65.73,-55.38],[-66.08,-55.18],[-66.42,-55.12],[-67.12,-54.93],[-67.97,-54.88],[-68.61,-54.9],[-68.61,-52.69],[-68.55,-52.33],[-68.82,-52.28],[-69.19,-52.15],[-69.48,-52.15],[-70.0,-52.0],[-71.93,-52.0],[-71.98,-51.96],[-71.94,-51.91],[-71.97,-51.86],[-72.18,-51.72],[-72.29,-51.7],[-72.35,-51.59],[-72.44,-51.58],[-72.41,-51.52],[-72.35,-51.49],[-72.33,-51.32],[-72.26,-51.26],[-72.27,-51.22],[-72.37,-51.18],[-72.4,-51.13],[-72.34,-51.04],[-72.25,-51.03],[-72.23,-50.86],[-72.33,-50.74],[-72.28,-50.65],[-72.47,-50.6],[-72.6,-50.68],[-72.75,-50.62],[-72.91,-50.68],[-73.0,-50.75],[-73.13,-50.78],[-73.17,-50.75],[-73.17,-50.64],[-73.25,-50.58],[-73.28,-50.32],[-73.34,-50.25],[-73.53,-50.15],[-73.45,-50.0],[-73.55,-49.92],[-73.5,-49.89],[-73.5,-49.84],[-73.42,-49.79],[-73.53,-49.69],[-73.5,-49.61],[-73.58,-49.54],[-73.52,-49.51],[-73.52,-49.44],[-73.45,-49.39],[-73.47,-49.33],[-73.13,-49.31],[-73.13,-49.28],[-73.08,-49.26],[-73.16,-49.26],[-73.17,-49.22],[-72.99,-48.99],[-72.92,-48.94],[-72.78,-48.94],[-72.54,-48.78],[-72.6,-48.48],[-72.5,-48.42],[-72.4,-48.41],[-72.36,-48.35],[-72.29,-48.35],[-72.33,-48.29],[-72.33,-48.07],[-72.38,-48.07],[-72.41,-48.01],[-72.52,-47.93],[-72.29,-47.55],[-72.29,-47.5],[-72.34,-47.46],[-72.26,-47.41],[-72.17,-47.42],[-72.06,-47.34],[-72.01,-47.27],[-72.01,-47.2],[-71.89,-47.24],[-71.85,-47.22],[-71.85,-47.14],[-71.98,-47.06],[-71.91,-47.01],[-71.95,-46.94],[-71.93,-46.8],[-71.82,-46.79],[-71.65,-46.69],[-71.68,-46.59],[-71.66,-46.53],[-71.73,-46.38],[-71.74,-46.25],[-71.89,-46.15],[-71.72,-46.09],[-71.6,-45.98],[-71.63,-45.89],[-71.75,-45.83],[-71.73,-45.79],[-71.77,-45.7],[-71.72,-45.58],[-71.76,-45.56],[-71.66,-45.52],[-71.48,-45.51],[-71.46,-45.46],[-71.5,-45.39],[-71.37,-45.36],[-71.3,-45.28],[-71.38,-45.17],[-71.48,-45.12],[-71.57,-44.97],[-71.71,-44.96],[-71.75,-44.92],[-71.89,-44.94],[-71.93,-44.91],[-72.03,-44.91],[-72.06,-44.89],[-72.07,-44.77],[-72.03,-44.75],[-71.94,-44.79],[-71.81,-44.79],[-71.76,-44.75],[-71.6,-44.78],[-71.45,-44.74],[-71.37,-44.81],[-71.3,-44.81],[-71.22,-44.74],[-71.24,-44.66],[-71.21,-44.6],[-71.13,-44.58],[-71.11,-44.52],[-71.22,-44.42],[-71.71,-44.38],[-71.81,-44.41],[-71.84,-44.38],[-71.79,-44.3],[-71.82,-44.27],[-71.79,-44.21],[-71.85,-44.11],[-71.77,-44.09],[-71.65,-43.95],[-71.75,-43.85],[-71.75,-43.79],[-71.66,-43.71],[-71.6,-43.71],[-71.61,-43.68],[-71.58,-43.66],[-71.61,-43.63],[-71.7,-43.63],[-71.78,-43.54],[-71.87,-43.55],[-71.85,-43.48],[-71.93,-43.46],[-71.9,-43.42],[-71.93,-43.39],[-71.89,-43.37],[-71.89,-43.33],[-71.79,-43.3],[-71.73,-43.32],[-71.74,-43.17],[-72.06,-43.11],[-72.13,-43.03],[-72.1,-42.78],[-72.13,-42.58],[-72.03,-42.5],[-72.07,-42.43],[-72.05,-42.38],[-72.12,-42.3],[-72.04,-42.21],[-72.06,-42.18],[-72.03,-42.14],[-71.97,-42.14],[-71.91,-42.19],[-71.73,-42.12],[-71.76,-41.87],[-71.89,-41.65],[-71.89,-41.61],[-71.82,-41.58],[-71.86,-41.44],[-70.45,-41.31],[-63.12,-39.28]]]}},{"type":"Feature","properties":{"icao":"SBAO"},"geometry":{"type":"Polygon","coordinates":[[[-48.0,5.0],[-51.61,4.41],[-47.05,1.24],[-41.86,-2.17],[-40.78,0.93],[-39.0,0.0],[-37.95,-0.49],[-35.46,-1.74],[-32.12,-3.27],[-29.24,-3.62],[-28.39,-4.07],[-31.86,-9.1],[-35.08,-13.63],[-37.03,-16.3],[-38.24,-18.68],[-37.67,-18.86],[-38.34,-19.79],[-39.63,-20.51],[-39.81,-20.75],[-38.15,-22.43],[-40.96,-24.67],[-43.75,-26.75],[-45.4,-28.79],[-46.84,-30.41],[-50.4,-34.0],[-10.0,-34.0],[-10.0,-6.37],[-16.0,-6.37],[-29.99,4.01],[-35.0,7.67],[-37.08,6.59],[-37.33,6.42],[-38.65,5.69],[-40.0,5.0],[-48.0,5.0]]]}},{"type":"Feature","properties":{"icao":"SBAZ"},"geometry":{"type":"MultiPolygon","coordinates":[[[[-72.79,-5.09],[-72.73,-5.04],[-72.6,-5.06],[-72.58,-4.99],[-72.5,-4.98],[-72.5,-4.95],[-72.45,-4.96],[-72.45,-4.91],[-72.37,-4.88],[-72.36,-4.8],[-72.31,-4.8],[-72.31,-4.77],[-72.26,-4.79],[-72.25,-4.76],[-72.22,-4.78],[-72.15,-4.71],[-72.11,-4.72],[-72.05,-4.67],[-72.05,-4.62],[-71.94,-4.61],[-71.9,-4.51],[-71.82,-4.51],[-71.79,-4.48],[-71.7,-4.51],[-71.64,-4.5],[-71.61,-4.47],[-71.63,-4.51],[-71.58,-4.52],[-71.54,-4.46],[-71.49,-4.48],[-71.51,-4.43],[-71.42,-4.46],[-71.39,-4.42],[-71.34,-4.42],[-71.36,-4.45],[-71.34,-4.47],[-71.32,-4.43],[-71.3,-4.46],[-71.32,-4.41],[-71.26,-4.43],[-71.27,-4.38],[-71.2,-4.37],[-71.2,-4.42],[-71.16,-4.38],[-71.15,-4.4],[-71.15,-4.37],[-71.12,-4.4],[-71.11,-4.37],[-71.04,-4.37],[-71.03,-4.4],[-70.98,-4.37],[-71.0,-4.34],[-70.93,-4.38],[-70.84,-4.27],[-70.86,-4.24],[-70.83,-4.25],[-70.82,-4.19],[-70.76,-4.15],[-70.67,-4.2],[-70.67,-4.13],[-70.65,-4.16],[-70.62,-4.12],[-70.62,-4.19],[-70.56,-4.17],[-70.57,-4.21],[-70.53,-4.13],[-70.5,-4.15],[-70.51,-4.19],[-70.49,-4.15],[-70.44,-4.16],[-70.43,-4.12],[-70.37,-4.13],[-70.35,-4.17],[-70.32,-4.14],[-70.28,-4.2],[-70.31,-4.24],[-70.29,-4.29],[-70.24,-4.27],[-70.26,-4.3],[-70.21,-4.3],[-70.19,-4.36],[-70.17,-4.27],[-70.12,-4.28],[-70.1,-4.25],[-70.09,-4.28],[-70.04,-4.28],[-70.08,-4.31],[-70.03,-4.34],[-69.95,-4.26],[-69.45,-1.48],[-69.37,-1.35],[-69.37,-1.19],[-69.43,-1.1],[-69.42,-1.0],[-69.51,-0.94],[-69.55,-0.81],[-69.61,-0.75],[-69.55,-0.65],[-69.59,-0.61],[-69.59,-0.52],[-69.73,-0.46],[-69.86,-0.33],[-69.91,-0.32],[-70.07,-0.13],[-70.04,0.55],[-70.0,0.55],[-70.0,0.58],[-69.82,0.6],[-69.8,0.58],[-69.68,0.67],[-69.61,0.62],[-69.57,0.69],[-69.54,0.68],[-69.5,0.73],[-69.45,0.73],[-69.36,0.62],[-69.3,0.65],[-69.29,0.61],[-69.2,0.6],[-69.19,0.64],[-69.11,0.63],[-69.18,0.71],[-69.14,0.87],[-69.19,0.89],[-69.18,0.95],[-69.26,1.03],[-69.32,1.06],[-69.42,1.02],[-69.46,1.06],[-69.71,1.06],[-69.71,1.1],[-69.85,1.06],[-69.86,1.71],[-69.78,1.7],[-69.74,1.74],[-69.66,1.72],[-69.56,1.78],[-69.4,1.73],[-68.16,1.73],[-68.19,1.75],[-68.18,1.78],[-68.24,1.78],[-68.24,1.83],[-68.29,1.84],[-68.21,2.04],[-68.18,1.97],[-68.11,1.95],[-68.03,1.78],[-67.97,1.74],[-67.82,1.79],[-67.58,2.08],[-67.39,2.14],[-67.11,1.71],[-67.07,1.55],[-67.1,1.17],[-66.85,1.23],[-66.32,0.74],[-66.13,0.81],[-65.89,0.77],[-65.76,0.78],[-65.62,0.85],[-65.42,0.85],[-65.33,0.88],[-65.23,0.93],[-64.96,1.17],[-64.91,1.25],[-64.88,1.23],[-64.81,1.31],[-64.75,1.24],[-64.4,1.54],[-64.35,1.53],[-64.4,1.41],[-64.34,1.39],[-64.29,1.49],[-64.09,1.64],[-64.04,2.04],[-63.9,1.98],[-63.79,1.97],[-63.69,2.09],[-63.58,2.13],[-63.51,2.11],[-63.4,2.14],[-63.36,2.26],[-63.36,2.4],[-63.39,2.43],[-63.55,2.41],[-63.82,2.31],[-64.05,2.44],[-64.2,2.45],[-64.23,2.49],[-64.25,2.57],[-64.22,2.74],[-64.29,3.0],[-64.3,3.16],[-64.13,3.37],[-64.08,3.6],[-64.15,3.83],[-64.21,3.92],[-64.44,3.95],[-64.6,4.04],[-64.64,4.23],[-64.59,4.25],[-64.33,4.2],[-64.28,4.25],[-64.19,4.24],[-63.96,4.03],[-63.8,4.02],[-63.63,3.94],[-63.53,3.96],[-63.47,3.91],[-63.31,3.96],[-63.15,3.9],[-63.07,3.71],[-62.99,3.68],[-62.84,3.71],[-62.76,3.67],[-62.73,3.72],[-62.79,3.92],[-62.74,4.03],[-62.54,4.03],[-62.51,4.09],[-62.36,4.15],[-62.14,4.09],[-62.06,4.16],[-61.99,4.16],[-61.99,4.13],[-61.94,4.11],[-61.9,4.17],[-61.75,4.26],[-61.59,4.25],[-61.52,4.28],[-61.54,4.38],[-61.48,4.44],[-61.35,4.44],[-61.32,4.48],[-61.36,4.51],[-61.33,4.54],[-61.22,4.53],[-61.15,4.48],[-61.07,4.52],[-60.99,4.51],[-60.93,4.59],[-60.94,4.65],[-60.91,4.7],[-60.74,4.76],[-60.59,4.93],[-60.67,5.17],[-60.73,5.19],[-60.7,5.22],[-60.43,5.18],[-60.2,5.26],[-60.18,5.23],[-60.12,5.24],[-60.09,5.15],[-59.97,5.07],[-60.03,4.7],[-60.08,4.66],[-60.08,4.6],[-60.16,4.57],[-60.16,4.52],[-60.06,4.53],[-60.06,4.49],[-59.92,4.51],[-59.91,4.47],[-59.87,4.49],[-59.86,4.46],[-59.81,4.47],[-59.72,4.39],[-59.68,4.39],[-59.68,4.34],[-59.73,4.29],[-59.73,4.19],[-59.63,4.14],[-59.66,4.08],[-59.57,3.96],[-59.55,3.98],[-59.52,3.96],[-59.52,3.93],[-59.58,3.9],[-59.59,3.8],[-59.67,3.78],[-59.66,3.7],[-59.85,3.6],[-59.87,3.56],[-59.8,3.5],[-59.84,3.43],[-59.81,3.43],[-59.8,3.35],[-59.83,3.35],[-59.91,3.2],[-59.9,3.12],[-59.96,3.06],[-59.99,2.86],[-59.99,2.68],[-59.9,2.48],[-59.91,2.38],[-59.79,2.28],[-59.72,2.28],[-59.74,2.19],[-59.72,2.03],[-59.76,1.9],[-59.73,1.84],[-59.65,1.85],[-59.67,1.76],[-59.55,1.73],[-59.23,1.38],[-58.91,1.3],[-58.91,1.24],[-58.85,1.19],[-58.76,1.19],[-58.7,1.29],[-58.62,1.27],[-58.55,1.29],[-58.51,1.26],[-58.47,1.3],[-58.5,1.46],[-58.38,1.47],[-58.38,1.54],[-58.33,1.59],[-58.24,1.55],[-58.17,1.56],[-58.14,1.5],[-58.0,1.5],[-58.0,1.67],[-57.93,1.64],[-57.77,1.72],[-57.54,1.7],[-57.44,1.88],[-57.32,1.99],[-57.27,1.98],[-57.25,1.94],[-57.08,2.02],[-57.02,1.92],[-56.91,1.92],[-56.8,1.86],[-56.73,1.92],[-56.68,1.91],[-56.64,1.94],[-56.58,1.91],[-56.36,1.94],[-56.27,1.89],[-55.96,1.84],[-55.91,1.88],[-55.91,2.04],[-56.05,2.18],[-56.05,2.23],[-56.13,2.25],[-56.1,2.34],[-56.08,2.36],[-56.04,2.34],[-56.0,2.4],[-55.97,2.53],[-55.77,2.45],[-55.74,2.4],[-55.5,2.44],[-55.37,2.41],[-55.34,2.52],[-55.24,2.49],[-55.14,2.58],[-55.1,2.52],[-54.93,2.63],[-54.97,2.56],[-54.87,2.44],[-54.72,2.47],[-54.69,2.45],[-54.69,2.41],[-54.72,2.41],[-54.7,2.33],[-54.6,2.34],[-54.46,2.22],[-54.37,2.21],[-54.29,2.15],[-54.18,2.18],[-54.11,2.13],[-54.08,2.2],[-53.96,2.24],[-53.93,2.3],[-53.91,2.28],[-53.81,2.32],[-53.8,2.36],[-53.76,2.36],[-53.75,2.32],[-53.68,2.28],[-53.46,2.33],[-53.4,2.27],[-53.27,2.29],[-53.19,2.22],[-53.1,2.23],[-52.99,2.17],[-52.9,2.19],[-52.85,2.29],[-52.67,2.37],[-52.64,2.45],[-52.55,2.52],[-52.53,2.6],[-52.56,2.65],[-52.53,2.65],[-52.45,2.85],[-52.38,2.91],[-52.4,2.93],[-52.33,3.06],[-52.35,3.13],[-52.28,3.24],[-52.19,3.3],[-51.99,3.62],[-51.97,3.71],[-51.92,3.73],[-51.92,3.78],[-51.8,3.86],[-51.61,4.41],[-47.05,1.24],[-41.86,-2.17],[-42.52,-4.18],[-43.16,-4.49],[-43.39,-4.7],[-44.2,-6.09],[-44.8,-6.3],[-45.78,-8.14],[-46.67,-8.86],[-47.15,-9.53],[-47.32,-10.33],[-47.69,-10.29],[-47.7,-10.16],[-47.81,-9.9],[-48.01,-9.72],[-48.16,-9.65],[-48.37,-9.62],[-48.65,-9.69],[-48.88,-9.85],[-48.99,-10.04],[-49.04,-10.22],[-51.09,-10.52],[-53.05,-12.18],[-53.5,-12.96],[-53.63,-14.56],[-53.1,-16.71],[-54.12,-17.41],[-54.55,-17.54],[-57.09,-17.8],[-57.69,-17.829],[-57.71,-17.73],[-57.79,-17.65],[-57.77,-17.55],[-57.8,-17.55],[-57.8,-17.52],[-57.88,-17.46],[-58.02,-17.51],[-58.05,-17.46],[-58.11,-17.46],[-58.15,-17.39],[-58.25,-17.36],[-58.4,-17.19],[-58.38,-17.12],[-58.42,-17.12],[-58.42,-16.99],[-58.47,-16.94],[-58.47,-16.7],[-58.44,-16.61],[-58.34,-16.55],[-58.33,-16.48],[-58.36,-16.44],[-58.32,-16.39],[-58.31,-16.27],[-58.39,-16.27],[-58.43,-16.32],[-58.56,-16.32],[-60.17,-16.26],[-60.24,-15.48],[-60.57,-15.1],[-60.38,-15.11],[-60.43,-14.81],[-60.41,-14.68],[-60.35,-14.6],[-60.37,-14.54],[-60.33,-14.54],[-60.4,-14.42],[-60.39,-14.36],[-60.45,-14.29],[-60.44,-14.23],[-60.48,-14.19],[-60.47,-14.09],[-60.43,-14.08],[-60.38,-14.0],[-60.42,-13.98],[-60.4,-13.96],[-60.44,-13.93],[-60.45,-13.86],[-60.48,-13.86],[-60.47,-13.8],[-60.54,-13.8],[-60.53,-13.78],[-60.58,-13.78],[-60.62,-13.74],[-60.67,-13.75],[-60.74,-13.69],[-60.79,-13.69],[-60.91,-13.62],[-60.96,-13.54],[-61.04,-13.54],[-61.03,-13.47],[-61.07,-13.46],[-61.08,-13.49],[-61.13,-13.47],[-61.14,-13.52],[-61.22,-13.53],[-61.33,-13.47],[-61.47,-13.55],[-61.56,-13.53],[-61.58,-13.49],[-61.67,-13.5],[-61.72,-13.54],[-61.82,-13.54],[-61.87,-13.44],[-62.11,-13.26],[-62.11,-13.15],[-62.16,-13.11],[-62.17,-13.14],[-62.24,-13.12],[-62.27,-13.15],[-62.37,-13.15],[-62.46,-13.07],[-62.63,-13.05],[-62.67,-12.96],[-62.76,-12.99],[-62.77,-13.02],[-62.92,-12.85],[-63.0,-12.85],[-63.08,-12.65],[-63.14,-12.64],[-63.26,-12.72],[-63.35,-12.7],[-63.43,-12.65],[-63.47,-12.56],[-63.77,-12.45],[-63.88,-12.47],[-63.86,-12.49],[-63.94,-12.56],[-64.13,-12.49],[-64.15,-12.53],[-64.19,-12.48],[-64.28,-12.51],[-64.29,-12.47],[-64.39,-12.46],[-64.5,-12.36],[-64.47,-12.3],[-64.49,-12.23],[-64.65,-12.19],[-64.68,-12.1],[-64.73,-12.16],[-64.73,-12.11],[-64.81,-12.03],[-64.99,-12.0],[-65.05,-11.75],[-65.11,-11.75],[-65.1,-11.7],[-65.13,-11.71],[-65.13,-11.78],[-65.2,-11.75],[-65.16,-11.62],[-65.21,-11.6],[-65.23,-11.51],[-65.3,-11.5],[-65.34,-11.39],[-65.31,-11.33],[-65.35,-11.33],[-65.38,-11.27],[-65.35,-11.23],[-65.38,-11.22],[-65.39,-11.16],[-65.32,-11.11],[-65.34,-11.04],[-65.29,-10.98],[-65.31,-10.87],[-65.4,-10.81],[-65.37,-10.67],[-65.42,-10.65],[-65.43,-10.47],[-65.4,-10.47],[-65.35,-10.33],[-65.28,-10.24],[-65.33,-9.94],[-65.29,-9.85],[-65.38,-9.7],[-65.44,-9.68],[-65.49,-9.72],[-65.5,-9.79],[-65.56,-9.83],[-65.67,-9.78],[-65.71,-9.8],[-65.69,-9.75],[-65.75,-9.77],[-65.78,-9.73],[-65.8,-9.79],[-65.81,-9.75],[-65.85,-9.79],[-65.89,-9.76],[-66.02,-9.81],[-66.08,-9.77],[-66.1,-9.81],[-66.17,-9.79],[-66.21,-9.83],[-66.35,-9.84],[-66.42,-9.9],[-66.43,-9.87],[-66.62,-9.89],[-66.63,-9.94],[-66.88,-10.08],[-67.08,-10.29],[-67.14,-10.29],[-67.18,-10.34],[-67.23,-10.31],[-67.33,-10.32],[-67.32,-10.37],[-67.41,-10.37],[-67.44,-10.45],[-67.6,-10.53],[-67.73,-10.72],[-67.87,-10.65],[-68.05,-10.67],[-68.12,-10.73],[-68.11,-10.76],[-68.28,-10.99],[-68.37,-11.0],[-68.41,-11.04],[-68.47,-11.03],[-68.59,-11.11],[-68.77,-11.14],[-68.75,-11.0],[-68.9,-11.02],[-69.39,-10.93],[-69.69,-10.97],[-69.78,-10.93],[-69.95,-10.93],[-70.13,-11.03],[-70.32,-11.07],[-70.43,-11.03],[-70.51,-10.94],[-70.62,-11.01],[-70.62,-9.85],[-70.52,-9.74],[-70.6,-9.57],[-70.56,-9.58],[-70.57,-9.53],[-70.51,-9.49],[-70.53,-9.47],[-70.5,-9.43],[-70.6,-9.45],[-70.66,-9.53],[-70.75,-9.57],[-70.79,-9.64],[-70.88,-9.68],[-70.99,-9.82],[-71.13,-9.86],[-71.18,-9.94],[-71.29,-10.0],[-72.16,-10.0],[-72.16,-9.82],[-72.26,-9.76],[-72.25,-9.65],[-72.29,-9.61],[-72.29,-9.53],[-72.32,-9.54],[-72.36,-9.49],[-72.52,-9.48],[-72.72,-9.42],[-73.2,-9.42],[-73.07,-9.24],[-73.01,-9.22],[-73.01,-9.17],[-72.97,-9.16],[-72.95,-8.99],[-72.99,-8.93],[-73.05,-8.92],[-73.17,-8.7],[-73.26,-8.69],[-73.34,-8.61],[-73.33,-8.48],[-73.39,-8.47],[-73.41,-8.42],[-73.53,-8.37],[-73.53,-8.28],[-73.58,-8.22],[-73.63,-8.02],[-73.75,-7.96],[-73.77,-7.92],[-73.77,-7.86],[-73.72,-7.88],[-73.69,-7.85],[-73.7,-7.77],[-73.82,-7.72],[-73.99,-7.54],[-73.94,-7.52],[-73.92,-7.47],[-73.95,-7.35],[-73.87,-7.38],[-73.83,-7.34],[-73.69,-7.32],[-73.71,-7.22],[-73.8,-7.12],[-73.76,-7.06],[-73.72,-6.86],[-73.35,-6.56],[-73.21,-6.53],[-73.12,-6.4],[-73.19,-6.04],[-73.13,-5.99],[-73.12,-5.86],[-73.08,-5.85],[-72.95,-5.65],[-72.95,-5.45],[-72.87,-5.26],[-72.87,-5.17],[-72.9,-5.14],[-72.83,-5.12],[-72.83,-5.08],[-72.79,-5.09]],[[-72.29,-4.79],[-72.3,-4.8],[-72.29,-4.8],[-72.29,-4.79]],[[-71.88,-4.53],[-71.89,-4.52],[-71.89,-4.53],[-71.88,-4.53]],[[-71.42,-4.46],[-71.43,-4.46],[-71.43,-4.47],[-71.42,-4.46]],[[-71.21,-4.39],[-71.22,-4.39],[-71.22,-4.4],[-71.21,-4.39]],[[-68.16,1.73],[-68.13,1.73],[-68.13,1.74],[-68.15,1.75],[-68.16,1.73]],[[-72.79,-5.09],[-72.78,-5.1],[-72.78,-5.09],[-72.79,-5.09]]],[[[-60.46,-13.88],[-60.46,-13.89],[-60.47,-13.89],[-60.46,-13.88]]],[[[-71.42,-4.44],[-71.44,-4.42],[-71.41,-4.43],[-71.42,-4.44]]],[[[-71.65,-4.49],[-71.66,-4.47],[-71.64,-4.48],[-71.65,-4.49]]],[[[-71.82,-4.5],[-71.83,-4.49],[-71.82,-4.49],[-71.82,-4.5]]],[[[-71.74,-4.48],[-71.75,-4.47],[-71.74,-4.47],[-71.74,-4.48]]],[[[-70.84,-4.21],[-70.83,-4.22],[-70.85,-4.22],[-70.84,-4.21]]]]}},{"type":"Feature","properties":{"icao":"SBBS"},"geometry":{"type":"Polygon","coordinates":[[[-53.1,-16.71],[-53.63,-14.56],[-53.5,-12.96],[-53.05,-12.18],[-51.09,-10.52],[-49.04,-10.22],[-48.99,-10.04],[-48.88,-9.85],[-48.65,-9.69],[-48.37,-9.62],[-48.16,-9.65],[-48.01,-9.72],[-47.81,-9.9],[-47.7,-10.16],[-47.69,-10.29],[-47.32,-10.33],[-46.89,-12.02],[-45.61,-13.32],[-44.58,-14.78],[-44.1,-15.63],[-42.68,-16.41],[-41.82,-16.95],[-42.45,-18.76],[-42.44,-19.11],[-42.53,-20.0],[-42.75,-20.41],[-43.39,-20.16],[-43.97,-20.54],[-45.78,-22.8],[-45.86,-23.23],[-46.65,-23.63],[-47.57,-23.12],[-49.92,-22.33],[-51.36,-20.43],[-54.12,-17.41],[-53.1,-16.71]]]}},{"type":"Feature","properties":{"icao":"SBCW"},"geometry":{"type":"MultiPolygon","coordinates":[[[[-57.61,-30.18],[-57.47,-30.12],[-57.34,-30.0],[-57.32,-29.87],[-57.24,-29.78],[-57.14,-29.77],[-56.97,-29.64],[-56.97,-29.6],[-56.78,-29.44],[-56.78,-29.39],[-56.68,-29.33],[-56.59,-29.12],[-56.42,-29.07],[-56.41,-28.97],[-56.31,-28.92],[-56.3,-28.81],[-56.27,-28.78],[-56.19,-28.78],[-56.12,-28.68],[-56.01,-28.61],[-56.02,-28.51],[-55.89,-28.48],[-55.9,-28.39],[-55.87,-28.36],[-55.73,-28.38],[-55.71,-28.43],[-55.69,-28.42],[-55.67,-28.33],[-55.75,-28.29],[-55.77,-28.24],[-55.69,-28.22],[-55.6,-28.12],[-55.54,-28.16],[-55.5,-28.08],[-55.44,-28.1],[-55.37,-28.03],[-55.39,-27.99],[-55.2,-27.86],[-55.13,-27.9],[-55.12,-27.85],[-55.04,-27.86],[-55.03,-27.83],[-55.08,-27.79],[-54.94,-27.78],[-54.9,-27.72],[-54.9,-27.64],[-54.84,-27.62],[-54.82,-27.54],[-54.79,-27.54],[-54.78,-27.59],[-54.74,-27.56],[-54.68,-27.58],[-54.68,-27.51],[-54.62,-27.55],[-54.58,-27.46],[-54.52,-27.51],[-54.45,-27.48],[-54.47,-27.43],[-54.42,-27.41],[-54.36,-27.47],[-54.34,-27.41],[-54.28,-27.45],[-54.27,-27.4],[-54.21,-27.38],[-54.18,-27.26],[-54.16,-27.3],[-54.08,-27.3],[-53.95,-27.16],[-53.9,-27.18],[-53.88,-27.13],[-53.84,-27.17],[-53.8,-27.15],[-53.82,-27.14],[-53.81,-27.1],[-53.78,-27.11],[-53.8,-27.05],[-53.76,-27.07],[-53.78,-27.03],[-53.76,-27.05],[-53.73,-26.97],[-53.67,-26.95],[-53.69,-26.87],[-53.66,-26.87],[-53.7,-26.85],[-53.7,-26.78],[-53.74,-26.78],[-53.72,-26.75],[-53.75,-26.75],[-53.74,-26.69],[-53.71,-26.67],[-53.75,-26.65],[-53.71,-26.57],[-53.74,-26.55],[-53.59,-26.26],[-53.72,-26.13],[-53.73,-26.05],[-53.84,-25.96],[-53.84,-25.92],[-53.82,-25.9],[-53.85,-25.88],[-53.82,-25.88],[-53.85,-25.83],[-53.82,-25.79],[-53.88,-25.71],[-53.85,-25.69],[-53.89,-25.63],[-53.92,-25.64],[-53.94,-25.61],[-53.96,-25.64],[-54.01,-25.57],[-54.08,-25.58],[-54.1,-25.63],[-54.13,-25.57],[-54.11,-25.5],[-54.21,-25.55],[-54.18,-25.59],[-54.24,-25.57],[-54.26,-25.6],[-54.3,-25.56],[-54.35,-25.61],[-54.38,-25.6],[-54.43,-25.71],[-54.49,-25.63],[-54.53,-25.64],[-54.54,-25.6],[-54.6,-25.59],[-54.62,-25.46],[-54.44,-25.16],[-54.47,-25.07],[-54.33,-24.64],[-54.34,-24.5],[-54.26,-24.38],[-54.27,-24.3],[-54.33,-24.24],[-54.33,-24.13],[-54.28,-24.07],[-54.43,-23.91],[-54.57,-23.88],[-54.57,-23.85],[-54.66,-23.82],[-54.72,-23.87],[-54.89,-23.9],[-54.94,-23.97],[-55.01,-23.96],[-55.05,-23.99],[-55.11,-23.96],[-55.23,-24.01],[-55.31,-23.96],[-55.35,-23.99],[-55.42,-23.95],[-55.45,-23.82],[-55.43,-23.71],[-55.46,-23.72],[-55.47,-23.65],[-55.54,-23.61],[-55.54,-23.45],[-55.5,-23.38],[-55.55,-23.32],[-55.52,-23.2],[-55.54,-23.16],[-55.6,-23.14],[-55.63,-23.0],[-55.69,-22.99],[-55.65,-22.95],[-55.67,-22.86],[-55.62,-22.77],[-55.61,-22.65],[-55.74,-22.53],[-55.74,-22.4],[-55.79,-22.39],[-55.85,-22.28],[-56.19,-22.29],[-56.34,-22.21],[-56.4,-22.08],[-56.52,-22.1],[-56.56,-22.19],[-56.65,-22.24],[-56.64,-22.26],[-56.71,-22.22],[-56.73,-22.26],[-56.81,-22.25],[-56.81,-22.29],[-56.84,-22.3],[-56.89,-22.25],[-57.0,-22.23],[-57.37,-22.23],[-57.4,-22.2],[-57.58,-22.17],[-57.61,-22.1],[-57.7,-22.09],[-57.81,-22.15],[-57.82,-22.12],[-57.93,-22.12],[-58.01,-22.05],[-57.97,-22.01],[-57.95,-21.9],[-57.92,-21.89],[-57.97,-21.84],[-57.92,-21.81],[-57.91,-21.77],[-57.95,-21.75],[-57.89,-21.69],[-57.93,-21.66],[-57.92,-21.58],[-57.97,-21.52],[-57.85,-21.34],[-57.92,-21.27],[-57.85,-21.23],[-57.87,-21.04],[-57.82,-20.94],[-57.86,-20.95],[-57.89,-20.9],[-57.93,-20.9],[-57.86,-20.82],[-57.96,-20.78],[-57.87,-20.73],[-57.92,-20.67],[-57.99,-20.7],[-57.97,-20.64],[-58.02,-20.61],[-57.99,-20.45],[-58.08,-20.38],[-58.09,-20.26],[-58.16,-20.26],[-58.16,-20.22],[-58.12,-20.2],[-58.16,-20.15],[-58.04,-20.1],[-57.95,-20.02],[-57.91,-20.04],[-57.87,-19.99],[-58.13,-19.76],[-57.79,-19.05],[-57.71,-19.04],[-57.72,-18.91],[-57.77,-18.91],[-57.76,-18.86],[-57.56,-18.25],[-57.46,-18.23],[-57.57,-18.14],[-57.71,-17.83],[-57.09,-17.8],[-54.69,-17.57],[-54.12,-17.41],[-51.36,-20.43],[-49.92,-22.33],[-47.57,-23.12],[-46.65,-23.63],[-45.86,-23.23],[-45.78,-22.8],[-43.97,-20.54],[-43.39,-20.16],[-42.75,-20.41],[-42.01,-20.62],[-40.98,-20.41],[-40.82,-20.69],[-40.57,-20.9],[-40.25,-20.95],[-40.01,-20.87],[-39.81,-20.75],[-38.15,-22.43],[-40.96,-24.67],[-43.75,-26.75],[-45.4,-28.79],[-46.84,-30.41],[-50.4,-34.0],[-53.0,-34.0],[-53.38,-33.88],[-53.37,-33.75],[-53.43,-33.74],[-53.43,-33.7],[-53.52,-33.69],[-53.52,-33.18],[-53.43,-33.05],[-53.24,-32.94],[-53.28,-32.93],[-53.28,-32.9],[-53.07,-32.75],[-53.24,-32.61],[-53.28,-32.62],[-53.42,-32.56],[-53.45,-32.48],[-53.52,-32.49],[-53.61,-32.42],[-53.63,-32.3],[-53.74,-32.13],[-53.71,-32.1],[-53.83,-32.06],[-53.85,-32.0],[-53.95,-31.96],[-53.96,-31.92],[-54.02,-31.89],[-54.1,-31.91],[-54.45,-31.68],[-54.42,-31.63],[-54.53,-31.5],[-54.72,-31.44],[-54.84,-31.45],[-54.87,-31.41],[-54.95,-31.39],[-55.01,-31.28],[-55.09,-31.33],[-55.25,-31.26],[-55.36,-31.05],[-55.57,-30.89],[-55.58,-30.85],[-55.64,-30.86],[-55.66,-30.96],[-55.87,-31.08],[-56.0,-31.07],[-56.02,-30.94],[-55.99,-30.85],[-56.02,-30.78],[-56.07,-30.74],[-56.13,-30.74],[-56.19,-30.6],[-56.26,-30.58],[-56.29,-30.52],[-56.38,-30.5],[-56.46,-30.39],[-56.55,-30.36],[-56.54,-30.31],[-56.62,-30.3],[-56.6,-30.28],[-56.64,-30.27],[-56.62,-30.25],[-56.64,-30.21],[-56.78,-30.17],[-56.78,-30.13],[-56.83,-30.09],[-57.07,-30.09],[-57.11,-30.11],[-57.17,-30.2],[-57.16,-30.24],[-57.23,-30.29],[-57.29,-30.29],[-57.31,-30.26],[-57.39,-30.3],[-57.47,-30.26],[-57.52,-30.28],[-57.61,-30.18]],[[-53.73,-26.69],[-53.72,-26.7],[-53.72,-26.69],[-53.73,-26.69]],[[-53.83,-25.92],[-53.83,-25.93],[-53.82,-25.91],[-53.83,-25.92]]],[[[-57.09,-30.11],[-57.08,-30.11],[-57.09,-30.12],[-57.09,-30.11]]]]}},{"type":"Feature","properties":{"icao":"SBRE"},"geometry":{"type":"Polygon","coordinates":[[[-40.78,0.93],[-39.0,0.0],[-37.95,-0.49],[-35.46,-1.74],[-32.12,-3.27],[-29.24,-3.62],[-28.39,-4.07],[-31.86,-9.1],[-35.08,-13.63],[-37.03,-16.3],[-38.24,-18.68],[-37.67,-18.86],[-38.34,-19.79],[-39.63,-20.51],[-39.81,-20.75],[-40.01,-20.87],[-40.25,-20.95],[-40.57,-20.9],[-40.82,-20.69],[-40.98,-20.41],[-42.01,-20.62],[-42.75,-20.41],[-42.53,-20.0],[-42.44,-19.11],[-42.45,-18.76],[-41.82,-16.95],[-42.68,-16.41],[-44.1,-15.63],[-44.58,-14.78],[-45.61,-13.32],[-46.89,-12.02],[-47.32,-10.33],[-47.15,-9.53],[-46.67,-8.86],[-45.78,-8.14],[-44.8,-6.3],[-44.2,-6.09],[-43.39,-4.7],[-43.16,-4.49],[-42.52,-4.18],[-41.86,-2.17],[-40.78,0.93]]]}},{"type":"Feature","properties":{"icao":"SCCZ"},"geometry":{"type":"Polygon","coordinates":[[[-71.98,-47.0],[-71.97,-47.08],[-71.85,-47.14],[-71.85,-47.22],[-71.89,-47.24],[-72.01,-47.2],[-72.02,-47.29],[-72.15,-47.41],[-72.32,-47.43],[-72.34,-47.48],[-72.29,-47.5],[-72.31,-47.6],[-72.52,-47.91],[-72.38,-48.07],[-72.33,-48.07],[-72.33,-48.29],[-72.29,-48.35],[-72.36,-48.35],[-72.4,-48.41],[-72.5,-48.42],[-72.6,-48.48],[-72.54,-48.78],[-72.78,-48.94],[-72.92,-48.94],[-72.99,-48.99],[-73.17,-49.22],[-73.16,-49.26],[-73.08,-49.26],[-73.13,-49.28],[-73.13,-49.31],[-73.46,-49.32],[-73.45,-49.39],[-73.52,-49.44],[-73.52,-49.51],[-73.58,-49.54],[-73.5,-49.61],[-73.53,-49.69],[-73.42,-49.79],[-73.5,-49.84],[-73.5,-49.89],[-73.55,-49.92],[-73.45,-50.0],[-73.53,-50.15],[-73.34,-50.25],[-73.28,-50.32],[-73.25,-50.58],[-73.16,-50.66],[-73.17,-50.75],[-73.08,-50.78],[-72.75,-50.62],[-72.6,-50.68],[-72.47,-50.6],[-72.28,-50.65],[-72.33,-50.74],[-72.23,-50.86],[-72.25,-51.03],[-72.34,-51.04],[-72.4,-51.13],[-72.37,-51.18],[-72.27,-51.22],[-72.26,-51.26],[-72.33,-51.32],[-72.35,-51.49],[-72.41,-51.52],[-72.44,-51.58],[-72.35,-51.59],[-72.29,-51.7],[-72.18,-51.72],[-71.97,-51.86],[-71.94,-51.91],[-71.98,-51.96],[-71.93,-52.0],[-70.0,-52.0],[-69.48,-52.15],[-69.19,-52.15],[-68.82,-52.28],[-68.55,-52.33],[-68.61,-52.69],[-68.61,-54.9],[-67.97,-54.88],[-67.12,-54.93],[-66.42,-55.12],[-66.08,-55.18],[-65.73,-55.38],[-65.73,-56.38],[-67.27,-56.38],[-67.27,-60.0],[-74.0,-60.0],[-74.0,-90.0],[-90.0,-90.0],[-90.0,-47.0],[-71.98,-47.0]]]}},{"type":"Feature","properties":{"icao":"SCEZ"},"geometry":{"type":"Polygon","coordinates":[[[-90.0,-28.5],[-69.65,-28.5],[-69.65,-28.58],[-69.73,-28.69],[-69.7,-28.8],[-69.75,-28.92],[-69.77,-29.14],[-69.89,-29.16],[-70.01,-29.36],[-69.93,-29.52],[-69.94,-29.62],[-69.88,-29.67],[-69.86,-29.84],[-69.94,-30.1],[-69.83,-30.12],[-69.81,-30.21],[-69.93,-30.37],[-69.97,-30.4],[-70.07,-30.38],[-70.16,-30.48],[-70.23,-30.65],[-70.22,-30.71],[-70.28,-30.79],[-70.3,-31.01],[-70.27,-31.03],[-70.39,-31.17],[-70.44,-31.09],[-70.51,-31.15],[-70.56,-31.48],[-70.5,-31.69],[-70.46,-31.7],[-70.45,-31.84],[-70.36,-31.89],[-70.28,-31.89],[-70.2,-31.97],[-70.27,-32.04],[-70.39,-32.05],[-70.3,-32.14],[-70.32,-32.27],[-70.22,-32.33],[-70.24,-32.43],[-70.14,-32.48],[-70.13,-32.57],[-70.17,-32.6],[-70.15,-32.73],[-70.0,-32.9],[-70.04,-33.02],[-70.09,-33.04],[-70.03,-33.31],[-69.96,-33.32],[-69.89,-33.22],[-69.8,-33.3],[-69.74,-33.43],[-69.83,-33.48],[-69.88,-33.65],[-69.86,-33.76],[-69.89,-33.83],[-69.87,-33.94],[-69.83,-33.98],[-69.88,-34.15],[-69.82,-34.23],[-69.91,-34.3],[-69.97,-34.25],[-70.04,-34.28],[-70.01,-34.4],[-70.13,-34.49],[-70.23,-34.63],[-70.22,-34.67],[-70.32,-34.76],[-70.26,-34.8],[-70.37,-35.03],[-70.36,-35.14],[-70.43,-35.2],[-70.56,-35.21],[-70.58,-35.26],[-70.54,-35.31],[-70.42,-35.34],[-70.44,-35.46],[-70.39,-35.51],[-70.4,-35.66],[-70.33,-35.8],[-70.42,-35.9],[-70.38,-35.92],[-70.4,-35.97],[-70.37,-36.04],[-70.43,-36.17],[-70.57,-36.12],[-70.63,-36.23],[-70.7,-36.25],[-70.71,-36.33],[-70.67,-36.38],[-70.69,-36.41],[-70.89,-36.38],[-70.89,-36.45],[-70.96,-36.48],[-71.03,-36.46],[-71.05,-36.61],[-71.02,-36.66],[-71.07,-36.7],[-71.11,-36.66],[-71.14,-36.82],[-71.17,-36.83],[-71.17,-36.86],[-71.13,-36.86],[-71.14,-36.91],[-71.1,-36.96],[-71.2,-36.98],[-71.09,-37.1],[-71.14,-37.13],[-71.14,-37.21],[-71.21,-37.28],[-71.19,-37.38],[-71.12,-37.44],[-71.15,-37.52],[-71.13,-37.59],[-71.18,-37.61],[-71.2,-37.69],[-71.1,-37.88],[-71.09,-37.98],[-71.0,-38.09],[-71.04,-38.12],[-71.02,-38.37],[-70.91,-38.5],[-90.0,-38.5],[-90.0,-28.5]]]}},{"type":"Feature","properties":{"icao":"SCFZ"},"geometry":{"type":"Polygon","coordinates":[[[-90.0,-18.35],[-70.37,-18.35],[-70.33,-18.31],[-70.16,-18.32],[-70.05,-18.26],[-69.98,-18.27],[-69.87,-18.18],[-69.75,-17.98],[-69.8,-17.83],[-69.78,-17.78],[-69.82,-17.76],[-69.8,-17.65],[-69.66,-17.66],[-69.46,-17.51],[-69.46,-17.61],[-69.34,-17.72],[-69.31,-17.79],[-69.3,-17.95],[-69.1,-18.03],[-69.07,-18.07],[-69.14,-18.17],[-69.04,-18.31],[-68.98,-18.75],[-68.91,-18.88],[-68.96,-18.94],[-68.87,-19.06],[-68.68,-19.18],[-68.62,-19.27],[-68.53,-19.3],[-68.41,-19.4],[-68.62,-19.7],[-68.69,-19.74],[-68.61,-19.82],[-68.53,-19.84],[-68.52,-19.93],[-68.56,-20.04],[-68.78,-20.08],[-68.78,-20.12],[-68.7,-20.14],[-68.71,-20.24],[-68.66,-20.32],[-68.76,-20.39],[-68.68,-20.5],[-68.44,-20.63],[-68.55,-20.73],[-68.55,-20.88],[-68.5,-20.94],[-68.38,-20.96],[-68.17,-21.3],[-68.18,-21.6],[-68.06,-21.76],[-68.06,-21.98],[-67.94,-22.09],[-67.92,-22.24],[-67.95,-22.32],[-67.85,-22.55],[-67.89,-22.71],[-67.88,-22.83],[-67.78,-22.88],[-67.57,-22.9],[-67.18,-22.8],[-66.99,-22.99],[-67.0,-23.04],[-67.33,-24.03],[-68.2,-24.37],[-68.33,-24.49],[-68.39,-24.47],[-68.4,-24.55],[-68.57,-24.75],[-68.58,-24.82],[-68.47,-24.91],[-68.35,-25.11],[-68.4,-25.14],[-68.48,-25.13],[-68.59,-25.2],[-68.55,-25.31],[-68.58,-25.39],[-68.57,-25.57],[-68.53,-25.57],[-68.57,-25.65],[-68.48,-25.72],[-68.39,-26.19],[-68.57,-26.31],[-68.59,-26.51],[-68.27,-26.92],[-68.32,-26.96],[-68.33,-27.05],[-68.64,-27.06],[-68.73,-27.1],[-68.84,-27.05],[-68.8,-27.11],[-68.87,-27.21],[-68.88,-27.26],[-68.85,-27.3],[-69.0,-27.49],[-69.0,-27.56],[-69.06,-27.63],[-69.05,-27.7],[-69.09,-27.73],[-69.11,-27.89],[-69.17,-27.97],[-69.24,-27.98],[-69.31,-28.17],[-69.39,-28.22],[-69.46,-28.21],[-69.5,-28.34],[-69.64,-28.37],[-69.65,-28.5],[-90.0,-28.5],[-90.0,-18.35]]]}},{"type":"Feature","properties":{"icao":"SCIZ"},"geometry":{"type":"Polygon","coordinates":[[[-120.0,-15.0],[-90.0,-15.0],[-90.0,-90.0],[-131.0,-90.0],[-131.0,-30.0],[-120.0,-30.0],[-120.0,-15.0]]]}},{"type":"Feature","properties":{"icao":"SCTZ"},"geometry":{"type":"Polygon","coordinates":[[[-90.0,-38.5],[-70.9,-38.5],[-70.83,-38.57],[-70.95,-38.75],[-71.09,-38.75],[-71.43,-38.93],[-71.41,-39.01],[-71.44,-39.04],[-71.39,-39.3],[-71.47,-39.4],[-71.47,-39.49],[-71.53,-39.52],[-71.48,-39.57],[-71.49,-39.62],[-71.61,-39.63],[-71.69,-39.57],[-71.72,-39.63],[-71.68,-39.67],[-71.71,-39.71],[-71.69,-39.85],[-71.64,-39.85],[-71.59,-39.9],[-71.61,-39.96],[-71.69,-40.03],[-71.66,-40.08],[-71.68,-40.11],[-71.82,-40.09],[-71.8,-40.2],[-71.83,-40.23],[-71.75,-40.31],[-71.69,-40.29],[-71.65,-40.37],[-71.72,-40.44],[-71.77,-40.41],[-71.82,-40.43],[-71.85,-40.56],[-71.88,-40.55],[-71.83,-40.63],[-71.95,-40.73],[-71.85,-40.94],[-71.89,-40.99],[-71.83,-41.05],[-71.84,-41.17],[-71.88,-41.17],[-71.84,-41.25],[-71.88,-41.37],[-71.82,-41.58],[-71.89,-41.61],[-71.89,-41.65],[-71.76,-41.87],[-71.73,-42.12],[-71.91,-42.19],[-71.97,-42.14],[-72.03,-42.14],[-72.06,-42.18],[-72.04,-42.21],[-72.12,-42.3],[-72.05,-42.38],[-72.07,-42.43],[-72.03,-42.5],[-72.13,-42.58],[-72.1,-42.76],[-72.13,-43.03],[-72.06,-43.11],[-71.74,-43.17],[-71.73,-43.32],[-71.79,-43.3],[-71.89,-43.33],[-71.89,-43.37],[-71.93,-43.39],[-71.9,-43.41],[-71.93,-43.46],[-71.85,-43.48],[-71.87,-43.55],[-71.78,-43.54],[-71.7,-43.63],[-71.61,-43.63],[-71.58,-43.66],[-71.61,-43.68],[-71.6,-43.71],[-71.66,-43.71],[-71.75,-43.79],[-71.75,-43.85],[-71.65,-43.95],[-71.77,-44.09],[-71.85,-44.11],[-71.79,-44.21],[-71.82,-44.27],[-71.79,-44.3],[-71.84,-44.38],[-71.81,-44.41],[-71.71,-44.38],[-71.22,-44.42],[-71.11,-44.51],[-71.13,-44.58],[-71.21,-44.6],[-71.24,-44.66],[-71.22,-44.74],[-71.3,-44.81],[-71.37,-44.81],[-71.45,-44.74],[-71.6,-44.78],[-71.76,-44.75],[-71.81,-44.79],[-71.94,-44.79],[-72.03,-44.75],[-72.07,-44.77],[-72.06,-44.89],[-72.03,-44.91],[-71.93,-44.91],[-71.89,-44.94],[-71.75,-44.92],[-71.71,-44.96],[-71.57,-44.97],[-71.48,-45.12],[-71.38,-45.17],[-71.3,-45.28],[-71.37,-45.36],[-71.5,-45.39],[-71.46,-45.46],[-71.48,-45.51],[-71.66,-45.52],[-71.76,-45.56],[-71.72,-45.58],[-71.77,-45.7],[-71.73,-45.79],[-71.75,-45.83],[-71.63,-45.89],[-71.6,-45.98],[-71.72,-46.09],[-71.89,-46.15],[-71.74,-46.25],[-71.73,-46.38],[-71.66,-46.53],[-71.68,-46.59],[-71.65,-46.69],[-71.82,-46.79],[-71.93,-46.8],[-71.95,-46.94],[-71.91,-47.01],[-71.96,-47.03],[-71.98,-47.0],[-90.0,-47.0],[-90.0,-38.5]]]}},{"type":"Feature","properties":{"icao":"SEFG"},"geometry":{"type":"Polygon","coordinates":[[[-78.79,1.41],[-78.55,1.19],[-78.45,1.16],[-78.35,1.04],[-78.21,1.0],[-77.97,0.81],[-77.82,0.8],[-77.72,0.84],[-77.67,0.82],[-77.65,0.78],[-77.7,0.73],[-77.48,0.61],[-77.48,0.45],[-77.46,0.39],[-77.4,0.36],[-77.38,0.39],[-77.25,0.35],[-77.15,0.38],[-77.08,0.32],[-77.08,0.28],[-76.84,0.24],[-76.76,0.25],[-76.72,0.29],[-76.59,0.23],[-76.54,0.26],[-76.4,0.25],[-76.4,0.39],[-76.27,0.44],[-76.22,0.4],[-76.12,0.39],[-76.1,0.35],[-76.02,0.34],[-75.93,0.2],[-75.79,0.08],[-75.6,0.07],[-75.53,0.0],[-75.58,0.0],[-75.57,-0.02],[-75.53,-0.01],[-75.42,-0.08],[-75.29,-0.09],[-75.3,-0.13],[-75.37,-0.12],[-75.38,-0.15],[-75.62,-0.11],[-75.63,-0.26],[-75.54,-0.33],[-75.44,-0.33],[-75.4,-0.44],[-75.35,-0.44],[-75.34,-0.48],[-75.24,-0.53],[-75.23,-0.61],[-75.28,-0.65],[-75.28,-0.73],[-75.25,-0.75],[-75.21,-0.87],[-75.23,-0.93],[-75.19,-0.98],[-75.31,-0.98],[-75.36,-0.94],[-75.54,-1.54],[-75.61,-1.57],[-76.04,-2.13],[-76.47,-2.47],[-76.64,-2.6],[-77.83,-3.0],[-78.09,-3.22],[-78.11,-3.29],[-78.2,-3.36],[-78.12,-3.48],[-78.14,-3.53],[-78.18,-3.51],[-78.24,-3.53],[-78.24,-3.44],[-78.27,-3.41],[-78.33,-3.44],[-78.37,-3.77],[-78.5,-3.95],[-78.58,-4.16],[-78.57,-4.26],[-78.63,-4.32],[-78.61,-4.48],[-78.73,-4.65],[-78.87,-4.7],[-78.92,-4.79],[-78.91,-4.83],[-79.03,-5.0],[-79.14,-4.96],[-79.26,-4.97],[-79.42,-4.8],[-79.48,-4.63],[-79.48,-4.53],[-79.51,-4.51],[-79.54,-4.53],[-79.63,-4.43],[-79.81,-4.49],[-79.89,-4.39],[-79.99,-4.38],[-80.1,-4.29],[-80.17,-4.29],[-80.18,-4.34],[-80.33,-4.47],[-80.39,-4.48],[-80.44,-4.44],[-80.42,-4.32],[-80.31,-4.2],[-80.44,-4.2],[-80.44,-4.12],[-80.48,-4.1],[-80.48,-4.05],[-80.4,-3.98],[-80.29,-4.02],[-80.15,-3.91],[-80.16,-3.8],[-80.19,-3.78],[-80.19,-3.6],[-80.22,-3.58],[-80.21,-3.5],[-80.24,-3.48],[-80.22,-3.43],[-80.29,-3.4],[-92.0,-3.4],[-92.0,1.42],[-78.79,1.41]]]}},{"type":"Feature","properties":{"icao":"SGFA"},"geometry":{"type":"Polygon","coordinates":[[[-62.65,-22.25],[-62.26,-21.06],[-62.27,-20.57],[-61.93,-20.1],[-61.74,-19.63],[-60.68,-19.47],[-59.98,-19.29],[-59.11,-19.35],[-58.2,-19.79],[-58.16,-19.85],[-58.2,-19.88],[-58.21,-19.96],[-58.14,-20.11],[-58.17,-20.16],[-58.12,-20.2],[-58.16,-20.22],[-58.16,-20.26],[-58.09,-20.26],[-58.08,-20.38],[-57.99,-20.45],[-58.02,-20.51],[-58.0,-20.56],[-58.02,-20.61],[-57.97,-20.64],[-57.99,-20.7],[-57.92,-20.67],[-57.87,-20.73],[-57.96,-20.78],[-57.86,-20.82],[-57.93,-20.9],[-57.89,-20.9],[-57.86,-20.95],[-57.82,-20.94],[-57.87,-21.04],[-57.85,-21.23],[-57.92,-21.27],[-57.85,-21.34],[-57.97,-21.52],[-57.92,-21.58],[-57.93,-21.66],[-57.89,-21.69],[-57.95,-21.75],[-57.91,-21.79],[-57.97,-21.85],[-57.92,-21.89],[-57.95,-21.9],[-57.97,-22.01],[-58.01,-22.03],[-57.99,-22.08],[-57.89,-22.13],[-57.82,-22.12],[-57.81,-22.15],[-57.7,-22.09],[-57.61,-22.1],[-57.58,-22.17],[-57.4,-22.2],[-57.37,-22.23],[-57.0,-22.23],[-56.89,-22.25],[-56.84,-22.3],[-56.81,-22.29],[-56.81,-22.25],[-56.73,-22.26],[-56.71,-22.22],[-56.64,-22.26],[-56.65,-22.24],[-56.56,-22.19],[-56.52,-22.1],[-56.4,-22.08],[-56.34,-22.21],[-56.19,-22.29],[-55.85,-22.28],[-55.79,-22.39],[-55.74,-22.4],[-55.74,-22.53],[-55.61,-22.65],[-55.62,-22.77],[-55.67,-22.86],[-55.65,-22.95],[-55.69,-22.99],[-55.63,-23.0],[-55.6,-23.14],[-55.54,-23.16],[-55.52,-23.2],[-55.55,-23.32],[-55.5,-23.38],[-55.54,-23.45],[-55.54,-23.61],[-55.47,-23.65],[-55.46,-23.72],[-55.43,-23.71],[-55.45,-23.82],[-55.42,-23.95],[-55.35,-23.99],[-55.31,-23.96],[-55.23,-24.01],[-55.11,-23.96],[-55.05,-23.99],[-55.01,-23.96],[-54.94,-23.97],[-54.89,-23.9],[-54.72,-23.87],[-54.66,-23.82],[-54.57,-23.85],[-54.57,-23.88],[-54.43,-23.91],[-54.28,-24.07],[-54.33,-24.13],[-54.33,-24.24],[-54.27,-24.3],[-54.26,-24.38],[-54.34,-24.5],[-54.33,-24.64],[-54.47,-25.07],[-54.44,-25.16],[-54.62,-25.46],[-54.59,-25.67],[-54.66,-25.67],[-54.59,-25.82],[-54.61,-25.97],[-54.68,-25.99],[-54.64,-26.08],[-54.68,-26.16],[-54.62,-26.22],[-54.68,-26.26],[-54.65,-26.32],[-54.7,-26.39],[-54.7,-26.45],[-54.81,-26.55],[-54.79,-26.65],[-54.82,-26.68],[-54.93,-26.68],[-54.96,-26.79],[-55.06,-26.8],[-55.15,-26.88],[-55.14,-26.96],[-55.22,-26.97],[-55.27,-26.94],[-55.4,-26.98],[-55.46,-27.05],[-55.46,-27.11],[-55.55,-27.11],[-55.57,-27.17],[-55.62,-27.18],[-55.58,-27.24],[-55.59,-27.33],[-55.74,-27.45],[-55.82,-27.44],[-55.9,-27.34],[-55.98,-27.35],[-56.11,-27.3],[-56.29,-27.41],[-56.28,-27.47],[-56.38,-27.61],[-56.49,-27.58],[-56.58,-27.45],[-56.71,-27.46],[-56.74,-27.57],[-56.88,-27.6],[-57.0,-27.51],[-57.0,-27.46],[-57.08,-27.49],[-57.33,-27.41],[-57.51,-27.44],[-57.7,-27.33],[-57.81,-27.33],[-57.86,-27.29],[-58.01,-27.26],[-58.28,-27.25],[-58.61,-27.3],[-58.59,-27.23],[-58.66,-27.19],[-58.65,-27.14],[-58.55,-27.11],[-58.55,-27.04],[-58.5,-27.05],[-58.48,-26.92],[-58.32,-26.87],[-58.36,-26.81],[-58.29,-26.8],[-58.3,-26.77],[-58.25,-26.75],[-58.25,-26.65],[-58.19,-26.65],[-58.23,-26.47],[-58.18,-26.46],[-58.21,-26.4],[-58.15,-26.32],[-58.17,-26.27],[-58.11,-26.24],[-58.16,-26.18],[-58.11,-26.18],[-58.09,-26.12],[-57.85,-26.01],[-57.89,-25.95],[-57.84,-25.92],[-57.86,-25.86],[-57.8,-25.84],[-57.82,-25.77],[-57.73,-25.72],[-57.77,-25.68],[-57.68,-25.66],[-57.67,-25.6],[-57.61,-25.62],[-57.6,-25.57],[-57.56,-25.56],[-57.55,-25.46],[-57.67,-25.34],[-57.67,-25.28],[-57.76,-25.23],[-57.78,-25.16],[-57.87,-25.08],[-57.98,-25.09],[-58.0,-25.04],[-58.06,-25.05],[-58.22,-24.93],[-58.33,-25.0],[-58.49,-24.85],[-58.67,-24.83],[-58.71,-24.78],[-58.81,-24.77],[-58.98,-24.66],[-59.12,-24.62],[-59.33,-24.5],[-59.47,-24.34],[-60.05,-24.01],[-60.33,-24.05],[-60.45,-23.96],[-60.57,-23.96],[-60.6,-23.9],[-60.85,-23.87],[-60.93,-23.8],[-60.99,-23.81],[-61.09,-23.69],[-61.09,-23.62],[-61.17,-23.55],[-61.24,-23.55],[-61.32,-23.47],[-61.5,-23.42],[-61.53,-23.37],[-61.51,-23.35],[-61.55,-23.35],[-61.62,-23.28],[-61.69,-23.28],[-61.86,-23.09],[-61.99,-23.03],[-62.04,-22.87],[-62.14,-22.79],[-62.18,-22.71],[-62.2,-22.72],[-62.19,-22.65],[-62.27,-22.6],[-62.23,-22.56],[-62.25,-22.52],[-62.45,-22.42],[-62.46,-22.37],[-62.52,-22.38],[-62.54,-22.33],[-62.6,-22.32],[-62.65,-22.25]]]}},{"type":"Feature","properties":{"icao":"SKED"},"geometry":{"type":"Polygon","coordinates":[[[-77.42,15.0],[-74.0,15.0],[-74.0,14.33],[-71.42,12.5],[-71.0,12.0],[-71.51,11.77],[-71.97,11.65],[-72.24,11.15],[-72.34,11.16],[-72.49,11.09],[-72.48,11.05],[-72.6,10.9],[-72.65,10.88],[-72.71,10.7],[-72.82,10.58],[-72.84,10.49],[-72.89,10.46],[-72.91,10.11],[-72.99,9.94],[-72.99,9.88],[-72.95,9.84],[-73.06,9.67],[-73.08,9.57],[-73.15,9.55],[-73.19,9.44],[-73.24,9.41],[-73.37,9.18],[-73.17,9.18],[-73.01,9.3],[-72.96,9.21],[-72.96,9.16],[-72.99,9.15],[-72.94,9.09],[-72.88,9.11],[-72.88,9.14],[-72.77,9.11],[-72.65,8.63],[-74.87,7.63],[-77.42,8.58],[-77.42,15.0]]]}},{"type":"Feature","properties":{"icao":"SKED"},"geometry":{"type":"Polygon","coordinates":[[[-77.42,15.0],[-74.0,15.0],[-74.0,14.33],[-71.42,12.5],[-71.0,12.0],[-71.51,11.77],[-71.97,11.65],[-72.24,11.15],[-72.34,11.16],[-72.49,11.09],[-72.48,11.05],[-72.6,10.9],[-72.65,10.88],[-72.71,10.7],[-72.82,10.58],[-72.84,10.49],[-72.89,10.46],[-72.91,10.11],[-72.99,9.94],[-72.99,9.88],[-72.95,9.84],[-73.06,9.67],[-73.08,9.57],[-73.15,9.55],[-73.19,9.44],[-73.24,9.41],[-73.37,9.18],[-73.17,9.18],[-73.01,9.3],[-72.96,9.21],[-72.96,9.16],[-72.99,9.15],[-72.94,9.09],[-72.88,9.11],[-72.88,9.14],[-72.77,9.11],[-72.65,8.63],[-74.87,7.63],[-77.42,8.58],[-77.42,15.0]]]}},{"type":"Feature","properties":{"icao":"SKEC"},"geometry":{"type":"MultiPolygon","coordinates":[[[[-77.42,8.58],[-74.87,7.63],[-72.65,8.63],[-72.39,8.37],[-72.39,8.25],[-72.35,8.17],[-72.37,8.11],[-72.35,8.01],[-72.41,8.04],[-72.42,7.99],[-72.49,7.93],[-72.45,7.87],[-72.48,7.78],[-72.46,7.58],[-72.48,7.48],[-72.44,7.4],[-72.19,7.37],[-72.17,7.24],[-72.02,7.01],[-71.83,7.01],[-71.82,7.05],[-71.76,7.07],[-71.67,7.02],[-71.66,7.05],[-71.47,7.01],[-71.13,7.03],[-71.09,6.98],[-70.96,6.98],[-70.9,7.06],[-70.69,7.09],[-70.64,7.06],[-70.56,7.08],[-70.51,7.01],[-70.38,6.98],[-70.32,6.93],[-70.08,7.0],[-69.45,6.11],[-69.32,6.15],[-69.28,6.09],[-69.22,6.09],[-69.07,6.21],[-68.81,6.18],[-68.67,6.13],[-68.47,6.19],[-68.29,6.17],[-68.16,6.22],[-67.97,6.21],[-67.85,6.3],[-67.63,6.28],[-67.47,6.19],[-67.49,6.11],[-67.42,6.0],[-67.61,5.81],[-67.65,5.67],[-67.61,5.53],[-67.67,5.45],[-67.79,5.39],[-67.85,5.3],[-67.79,5.04],[-67.83,4.93],[-67.82,4.76],[-67.88,4.52],[-67.8,4.43],[-67.78,4.33],[-67.81,4.22],[-67.73,4.11],[-67.63,3.78],[-67.6,3.74],[-67.51,3.75],[-67.48,3.72],[-67.41,3.53],[-67.31,3.44],[-67.3,3.39],[-67.39,3.29],[-67.39,3.25],[-67.48,3.21],[-67.86,2.87],[-67.86,2.79],[-67.83,2.83],[-67.76,2.84],[-67.72,2.81],[-67.61,2.81],[-67.57,2.67],[-67.49,2.67],[-67.48,2.62],[-67.18,2.37],[-67.21,2.24],[-67.16,2.12],[-67.11,2.11],[-67.13,1.99],[-67.06,1.9],[-66.97,1.64],[-66.87,1.22],[-67.1,1.17],[-67.07,1.55],[-67.11,1.71],[-67.39,2.14],[-67.58,2.08],[-67.82,1.79],[-67.97,1.74],[-68.03,1.78],[-68.11,1.95],[-68.18,1.97],[-68.21,2.04],[-68.29,1.84],[-68.24,1.83],[-68.25,1.79],[-68.24,1.78],[-68.18,1.78],[-68.19,1.75],[-68.16,1.73],[-69.4,1.73],[-69.56,1.78],[-69.66,1.72],[-69.74,1.74],[-69.78,1.7],[-69.86,1.71],[-69.85,1.06],[-69.71,1.1],[-69.71,1.06],[-69.46,1.06],[-69.42,1.02],[-69.32,1.06],[-69.26,1.03],[-69.18,0.95],[-69.19,0.89],[-69.14,0.87],[-69.18,0.71],[-69.11,0.63],[-69.19,0.64],[-69.2,0.6],[-69.29,0.61],[-69.3,0.65],[-69.36,0.62],[-69.45,0.73],[-69.5,0.73],[-69.54,0.68],[-69.57,0.69],[-69.61,0.62],[-69.68,0.67],[-69.8,0.58],[-69.82,0.6],[-70.0,0.58],[-70.0,0.55],[-70.04,0.55],[-70.07,-0.13],[-69.91,-0.32],[-69.86,-0.33],[-69.73,-0.46],[-69.59,-0.52],[-69.59,-0.61],[-69.55,-0.65],[-69.61,-0.75],[-69.55,-0.81],[-69.51,-0.94],[-69.42,-1.0],[-69.43,-1.1],[-69.37,-1.19],[-69.37,-1.35],[-69.45,-1.48],[-69.93,-4.22],[-69.95,-4.23],[-70.07,-4.06],[-70.16,-4.02],[-70.18,-3.9],[-70.29,-3.81],[-70.35,-3.8],[-70.45,-3.88],[-70.53,-3.88],[-70.56,-3.84],[-70.65,-3.83],[-70.7,-3.79],[-70.03,-2.76],[-70.07,-2.74],[-70.09,-2.64],[-70.14,-2.71],[-70.17,-2.63],[-70.22,-2.64],[-70.25,-2.54],[-70.32,-2.58],[-70.36,-2.56],[-70.3,-2.53],[-70.3,-2.5],[-70.37,-2.49],[-70.42,-2.53],[-70.47,-2.45],[-70.5,-2.47],[-70.55,-2.42],[-70.58,-2.42],[-70.56,-2.48],[-70.63,-2.47],[-70.62,-2.4],[-70.67,-2.4],[-70.66,-2.35],[-70.83,-2.28],[-70.84,-2.23],[-70.88,-2.21],[-70.93,-2.25],[-70.99,-2.2],[-70.98,-2.29],[-71.05,-2.26],[-71.12,-2.28],[-71.11,-2.34],[-71.15,-2.34],[-71.16,-2.38],[-71.21,-2.34],[-71.28,-2.34],[-71.38,-2.4],[-71.44,-2.26],[-71.48,-2.27],[-71.46,-2.33],[-71.48,-2.34],[-71.5,-2.24],[-71.63,-2.19],[-71.7,-2.22],[-71.71,-2.13],[-71.79,-2.2],[-71.83,-2.2],[-71.86,-2.3],[-71.92,-2.31],[-71.91,-2.37],[-71.93,-2.35],[-71.98,-2.37],[-72.04,-2.33],[-72.13,-2.47],[-72.15,-2.43],[-72.23,-2.43],[-72.24,-2.46],[-72.35,-2.49],[-72.38,-2.42],[-72.56,-2.43],[-72.6,-2.39],[-72.67,-2.49],[-72.7,-2.42],[-72.73,-2.46],[-72.77,-2.42],[-72.92,-2.5],[-72.96,-2.38],[-72.99,-2.4],[-73.02,-2.35],[-73.05,-2.4],[-73.06,-2.35],[-73.1,-2.37],[-73.16,-2.26],[-73.06,-2.14],[-73.1,-2.11],[-73.1,-1.91],[-73.14,-1.9],[-73.14,-1.83],[-73.22,-1.77],[-73.24,-1.83],[-73.25,-1.8],[-73.31,-1.81],[-73.3,-1.83],[-73.31,-1.86],[-73.53,-1.74],[-73.46,-1.6],[-73.49,-1.6],[-73.49,-1.51],[-73.54,-1.45],[-73.59,-1.45],[-73.55,-1.43],[-73.57,-1.34],[-73.62,-1.34],[-73.62,-1.28],[-73.73,-1.27],[-73.75,-1.22],[-73.78,-1.28],[-73.87,-1.25],[-73.9,-1.15],[-73.96,-1.15],[-73.97,-1.1],[-74.01,-1.13],[-74.03,-1.03],[-74.09,-1.08],[-74.16,-1.03],[-74.27,-1.01],[-74.27,-0.93],[-74.32,-0.89],[-74.27,-0.9],[-74.26,-0.84],[-74.28,-0.85],[-74.28,-0.8],[-74.32,-0.81],[-74.31,-0.78],[-74.38,-0.74],[-74.34,-0.7],[-74.37,-0.68],[-74.39,-0.56],[-74.42,-0.57],[-74.43,-0.51],[-74.52,-0.48],[-74.61,-0.36],[-74.79,-0.3],[-74.78,-0.21],[-74.83,-0.14],[-74.9,-0.2],[-75.03,-0.09],[-75.2,-0.01],[-75.29,-0.09],[-75.42,-0.08],[-75.53,-0.01],[-75.57,-0.02],[-75.58,0.0],[-75.53,0.0],[-75.58,0.06],[-75.79,0.08],[-75.93,0.2],[-76.02,0.34],[-76.1,0.35],[-76.12,0.39],[-76.22,0.4],[-76.27,0.44],[-76.4,0.39],[-76.4,0.25],[-76.54,0.26],[-76.59,0.23],[-76.72,0.29],[-76.76,0.25],[-76.84,0.24],[-77.08,0.28],[-77.08,0.32],[-77.15,0.38],[-77.25,0.35],[-77.38,0.39],[-77.4,0.36],[-77.46,0.39],[-77.48,0.45],[-77.48,0.61],[-77.7,0.73],[-77.65,0.78],[-77.67,0.82],[-77.72,0.84],[-77.82,0.8],[-77.97,0.81],[-78.21,1.0],[-78.35,1.04],[-78.45,1.16],[-78.55,1.19],[-78.78,1.41],[-82.92,1.41],[-82.91,4.53],[-80.0,4.5],[-79.05,6.26],[-78.78,6.46],[-78.3,6.73],[-77.88,7.25],[-77.81,7.46],[-77.72,7.5],[-77.77,7.64],[-77.74,7.73],[-77.67,7.67],[-77.58,7.51],[-77.42,7.72],[-77.31,7.75],[-77.35,7.83],[-77.34,7.89],[-77.17,7.93],[-77.23,8.05],[-77.24,8.18],[-77.34,8.32],[-77.33,8.37],[-77.4,8.47],[-77.44,8.47],[-77.42,8.58]]],[[[-68.16,1.73],[-68.15,1.75],[-68.13,1.74],[-68.13,1.73],[-68.16,1.73]]]]}},{"type":"Feature","properties":{"icao":"SKEC"},"geometry":{"type":"MultiPolygon","coordinates":[[[[-77.42,8.58],[-74.87,7.63],[-72.65,8.63],[-72.39,8.37],[-72.39,8.25],[-72.35,8.17],[-72.37,8.11],[-72.35,8.01],[-72.41,8.04],[-72.42,7.99],[-72.49,7.93],[-72.45,7.87],[-72.48,7.78],[-72.46,7.58],[-72.48,7.48],[-72.44,7.4],[-72.19,7.37],[-72.17,7.24],[-72.02,7.01],[-71.83,7.01],[-71.82,7.05],[-71.76,7.07],[-71.67,7.02],[-71.66,7.05],[-71.47,7.01],[-71.13,7.03],[-71.09,6.98],[-70.96,6.98],[-70.9,7.06],[-70.69,7.09],[-70.64,7.06],[-70.56,7.08],[-70.51,7.01],[-70.38,6.98],[-70.32,6.93],[-70.08,7.0],[-69.45,6.11],[-69.32,6.15],[-69.28,6.09],[-69.22,6.09],[-69.07,6.21],[-68.81,6.18],[-68.67,6.13],[-68.47,6.19],[-68.29,6.17],[-68.16,6.22],[-67.97,6.21],[-67.85,6.3],[-67.63,6.28],[-67.47,6.19],[-67.49,6.11],[-67.42,6.0],[-67.61,5.81],[-67.65,5.67],[-67.61,5.53],[-67.67,5.45],[-67.79,5.39],[-67.85,5.3],[-67.79,5.04],[-67.83,4.93],[-67.82,4.76],[-67.88,4.52],[-67.8,4.43],[-67.78,4.33],[-67.81,4.22],[-67.73,4.11],[-67.63,3.78],[-67.6,3.74],[-67.51,3.75],[-67.48,3.72],[-67.41,3.53],[-67.31,3.44],[-67.3,3.39],[-67.39,3.29],[-67.39,3.25],[-67.48,3.21],[-67.86,2.87],[-67.86,2.79],[-67.83,2.83],[-67.76,2.84],[-67.72,2.81],[-67.61,2.81],[-67.57,2.67],[-67.49,2.67],[-67.48,2.62],[-67.18,2.37],[-67.21,2.24],[-67.16,2.12],[-67.11,2.11],[-67.13,1.99],[-67.06,1.9],[-66.97,1.64],[-66.87,1.22],[-67.1,1.17],[-67.07,1.55],[-67.11,1.71],[-67.39,2.14],[-67.58,2.08],[-67.82,1.79],[-67.97,1.74],[-68.03,1.78],[-68.11,1.95],[-68.18,1.97],[-68.21,2.04],[-68.29,1.84],[-68.24,1.83],[-68.25,1.79],[-68.24,1.78],[-68.18,1.78],[-68.19,1.75],[-68.16,1.73],[-69.4,1.73],[-69.56,1.78],[-69.66,1.72],[-69.74,1.74],[-69.78,1.7],[-69.86,1.71],[-69.85,1.06],[-69.71,1.1],[-69.71,1.06],[-69.46,1.06],[-69.42,1.02],[-69.32,1.06],[-69.26,1.03],[-69.18,0.95],[-69.19,0.89],[-69.14,0.87],[-69.18,0.71],[-69.11,0.63],[-69.19,0.64],[-69.2,0.6],[-69.29,0.61],[-69.3,0.65],[-69.36,0.62],[-69.45,0.73],[-69.5,0.73],[-69.54,0.68],[-69.57,0.69],[-69.61,0.62],[-69.68,0.67],[-69.8,0.58],[-69.82,0.6],[-70.0,0.58],[-70.0,0.55],[-70.04,0.55],[-70.07,-0.13],[-69.91,-0.32],[-69.86,-0.33],[-69.73,-0.46],[-69.59,-0.52],[-69.59,-0.61],[-69.55,-0.65],[-69.61,-0.75],[-69.55,-0.81],[-69.51,-0.94],[-69.42,-1.0],[-69.43,-1.1],[-69.37,-1.19],[-69.37,-1.35],[-69.45,-1.48],[-69.93,-4.22],[-69.95,-4.23],[-70.07,-4.06],[-70.16,-4.02],[-70.18,-3.9],[-70.29,-3.81],[-70.35,-3.8],[-70.45,-3.88],[-70.53,-3.88],[-70.56,-3.84],[-70.65,-3.83],[-70.7,-3.79],[-70.03,-2.76],[-70.07,-2.74],[-70.09,-2.64],[-70.14,-2.71],[-70.17,-2.63],[-70.22,-2.64],[-70.25,-2.54],[-70.32,-2.58],[-70.36,-2.56],[-70.3,-2.53],[-70.3,-2.5],[-70.37,-2.49],[-70.42,-2.53],[-70.47,-2.45],[-70.5,-2.47],[-70.55,-2.42],[-70.58,-2.42],[-70.56,-2.48],[-70.63,-2.47],[-70.62,-2.4],[-70.67,-2.4],[-70.66,-2.35],[-70.83,-2.28],[-70.84,-2.23],[-70.88,-2.21],[-70.93,-2.25],[-70.99,-2.2],[-70.98,-2.29],[-71.05,-2.26],[-71.12,-2.28],[-71.11,-2.34],[-71.15,-2.34],[-71.16,-2.38],[-71.21,-2.34],[-71.28,-2.34],[-71.38,-2.4],[-71.44,-2.26],[-71.48,-2.27],[-71.46,-2.33],[-71.48,-2.34],[-71.5,-2.24],[-71.63,-2.19],[-71.7,-2.22],[-71.71,-2.13],[-71.79,-2.2],[-71.83,-2.2],[-71.86,-2.3],[-71.92,-2.31],[-71.91,-2.37],[-71.93,-2.35],[-71.98,-2.37],[-72.04,-2.33],[-72.13,-2.47],[-72.15,-2.43],[-72.23,-2.43],[-72.24,-2.46],[-72.35,-2.49],[-72.38,-2.42],[-72.56,-2.43],[-72.6,-2.39],[-72.67,-2.49],[-72.7,-2.42],[-72.73,-2.46],[-72.77,-2.42],[-72.92,-2.5],[-72.96,-2.38],[-72.99,-2.4],[-73.02,-2.35],[-73.05,-2.4],[-73.06,-2.35],[-73.1,-2.37],[-73.16,-2.26],[-73.06,-2.14],[-73.1,-2.11],[-73.1,-1.91],[-73.14,-1.9],[-73.14,-1.83],[-73.22,-1.77],[-73.24,-1.83],[-73.25,-1.8],[-73.31,-1.81],[-73.3,-1.83],[-73.31,-1.86],[-73.53,-1.74],[-73.46,-1.6],[-73.49,-1.6],[-73.49,-1.51],[-73.54,-1.45],[-73.59,-1.45],[-73.55,-1.43],[-73.57,-1.34],[-73.62,-1.34],[-73.62,-1.28],[-73.73,-1.27],[-73.75,-1.22],[-73.78,-1.28],[-73.87,-1.25],[-73.9,-1.15],[-73.96,-1.15],[-73.97,-1.1],[-74.01,-1.13],[-74.03,-1.03],[-74.09,-1.08],[-74.16,-1.03],[-74.27,-1.01],[-74.27,-0.93],[-74.32,-0.89],[-74.27,-0.9],[-74.26,-0.84],[-74.28,-0.85],[-74.28,-0.8],[-74.32,-0.81],[-74.31,-0.78],[-74.38,-0.74],[-74.34,-0.7],[-74.37,-0.68],[-74.39,-0.56],[-74.42,-0.57],[-74.43,-0.51],[-74.52,-0.48],[-74.61,-0.36],[-74.79,-0.3],[-74.78,-0.21],[-74.83,-0.14],[-74.9,-0.2],[-75.03,-0.09],[-75.2,-0.01],[-75.29,-0.09],[-75.42,-0.08],[-75.53,-0.01],[-75.57,-0.02],[-75.58,0.0],[-75.53,0.0],[-75.58,0.06],[-75.79,0.08],[-75.93,0.2],[-76.02,0.34],[-76.1,0.35],[-76.12,0.39],[-76.22,0.4],[-76.27,0.44],[-76.4,0.39],[-76.4,0.25],[-76.54,0.26],[-76.59,0.23],[-76.72,0.29],[-76.76,0.25],[-76.84,0.24],[-77.08,0.28],[-77.08,0.32],[-77.15,0.38],[-77.25,0.35],[-77.38,0.39],[-77.4,0.36],[-77.46,0.39],[-77.48,0.45],[-77.48,0.61],[-77.7,0.73],[-77.65,0.78],[-77.67,0.82],[-77.72,0.84],[-77.82,0.8],[-77.97,0.81],[-78.21,1.0],[-78.35,1.04],[-78.45,1.16],[-78.55,1.19],[-78.78,1.41],[-82.92,1.41],[-82.91,4.53],[-80.0,4.5],[-79.05,6.26],[-78.78,6.46],[-78.3,6.73],[-77.88,7.25],[-77.81,7.46],[-77.72,7.5],[-77.77,7.64],[-77.74,7.73],[-77.67,7.67],[-77.58,7.51],[-77.42,7.72],[-77.31,7.75],[-77.35,7.83],[-77.34,7.89],[-77.17,7.93],[-77.23,8.05],[-77.24,8.18],[-77.34,8.32],[-77.33,8.37],[-77.4,8.47],[-77.44,8.47],[-77.42,8.58]]],[[[-68.16,1.73],[-68.15,1.75],[-68.13,1.74],[-68.13,1.73],[-68.16,1.73]]]]}},{"type":"Feature","properties":{"icao":"SLLF"},"geometry":{"type":"MultiPolygon","coordinates":[[[[-69.56,-10.95],[-69.39,-10.93],[-68.9,-11.02],[-68.78,-10.99],[-68.75,-11.0],[-68.77,-11.14],[-68.59,-11.11],[-68.47,-11.03],[-68.41,-11.04],[-68.37,-11.0],[-68.28,-10.99],[-68.11,-10.76],[-68.12,-10.73],[-68.05,-10.67],[-67.87,-10.65],[-67.73,-10.72],[-67.6,-10.53],[-67.44,-10.45],[-67.41,-10.37],[-67.32,-10.37],[-67.33,-10.32],[-67.23,-10.31],[-67.18,-10.34],[-67.14,-10.29],[-67.08,-10.29],[-66.88,-10.08],[-66.63,-9.94],[-66.62,-9.89],[-66.43,-9.87],[-66.42,-9.9],[-66.35,-9.84],[-66.21,-9.83],[-66.17,-9.79],[-66.1,-9.81],[-66.08,-9.77],[-66.02,-9.81],[-65.89,-9.76],[-65.85,-9.79],[-65.81,-9.75],[-65.8,-9.79],[-65.78,-9.73],[-65.75,-9.77],[-65.69,-9.75],[-65.71,-9.8],[-65.67,-9.78],[-65.56,-9.83],[-65.5,-9.79],[-65.49,-9.72],[-65.44,-9.68],[-65.38,-9.7],[-65.29,-9.85],[-65.33,-9.94],[-65.28,-10.2],[-65.4,-10.47],[-65.43,-10.47],[-65.42,-10.65],[-65.37,-10.67],[-65.4,-10.81],[-65.31,-10.87],[-65.29,-10.98],[-65.34,-11.04],[-65.32,-11.11],[-65.39,-11.16],[-65.38,-11.22],[-65.35,-11.23],[-65.38,-11.27],[-65.35,-11.33],[-65.31,-11.33],[-65.34,-11.39],[-65.3,-11.5],[-65.23,-11.51],[-65.21,-11.6],[-65.16,-11.62],[-65.2,-11.75],[-65.13,-11.78],[-65.12,-11.7],[-65.11,-11.75],[-65.05,-11.75],[-64.99,-12.0],[-64.81,-12.03],[-64.73,-12.11],[-64.73,-12.16],[-64.68,-12.1],[-64.65,-12.19],[-64.49,-12.23],[-64.47,-12.3],[-64.5,-12.36],[-64.39,-12.46],[-64.29,-12.47],[-64.28,-12.51],[-64.19,-12.48],[-64.15,-12.53],[-64.13,-12.49],[-63.94,-12.56],[-63.86,-12.49],[-63.88,-12.47],[-63.77,-12.45],[-63.47,-12.56],[-63.43,-12.65],[-63.35,-12.7],[-63.26,-12.72],[-63.14,-12.64],[-63.08,-12.65],[-63.0,-12.85],[-62.92,-12.85],[-62.77,-13.02],[-62.76,-12.99],[-62.67,-12.96],[-62.63,-13.05],[-62.46,-13.07],[-62.37,-13.15],[-62.27,-13.15],[-62.24,-13.12],[-62.17,-13.14],[-62.16,-13.11],[-62.11,-13.15],[-62.11,-13.26],[-61.87,-13.44],[-61.82,-13.54],[-61.72,-13.54],[-61.67,-13.5],[-61.58,-13.49],[-61.56,-13.53],[-61.47,-13.55],[-61.33,-13.47],[-61.22,-13.53],[-61.14,-13.52],[-61.13,-13.47],[-61.08,-13.49],[-61.07,-13.46],[-61.03,-13.47],[-61.04,-13.54],[-60.96,-13.54],[-60.91,-13.62],[-60.79,-13.69],[-60.74,-13.69],[-60.67,-13.75],[-60.62,-13.74],[-60.58,-13.78],[-60.53,-13.78],[-60.54,-13.8],[-60.47,-13.8],[-60.48,-13.86],[-60.45,-13.86],[-60.44,-13.93],[-60.4,-13.96],[-60.42,-13.98],[-60.38,-13.98],[-60.38,-14.0],[-60.43,-14.08],[-60.47,-14.09],[-60.48,-14.19],[-60.44,-14.23],[-60.45,-14.29],[-60.39,-14.36],[-60.4,-14.42],[-60.33,-14.54],[-60.37,-14.54],[-60.35,-14.6],[-60.41,-14.68],[-60.43,-14.81],[-60.38,-15.11],[-60.57,-15.1],[-60.24,-15.48],[-60.16,-16.27],[-58.56,-16.32],[-58.43,-16.32],[-58.39,-16.27],[-58.31,-16.27],[-58.32,-16.39],[-58.36,-16.44],[-58.33,-16.48],[-58.34,-16.55],[-58.44,-16.61],[-58.47,-16.7],[-58.47,-16.94],[-58.42,-16.99],[-58.42,-17.12],[-58.38,-17.12],[-58.4,-17.19],[-58.25,-17.36],[-58.12,-17.41],[-58.11,-17.46],[-58.05,-17.46],[-58.0,-17.52],[-57.88,-17.46],[-57.77,-17.55],[-57.79,-17.65],[-57.71,-17.73],[-57.7,-17.86],[-57.57,-18.14],[-57.46,-18.23],[-57.56,-18.25],[-57.76,-18.86],[-57.77,-18.91],[-57.72,-18.91],[-57.71,-19.04],[-57.79,-19.05],[-58.13,-19.76],[-57.87,-19.99],[-57.91,-20.04],[-57.95,-20.02],[-58.04,-20.1],[-58.16,-20.15],[-58.14,-20.11],[-58.21,-19.96],[-58.16,-19.83],[-58.2,-19.79],[-59.11,-19.35],[-59.98,-19.29],[-60.68,-19.47],[-61.74,-19.63],[-61.93,-20.1],[-62.27,-20.57],[-62.26,-21.06],[-62.65,-22.25],[-62.82,-22.12],[-62.81,-22.0],[-63.94,-22.0],[-64.03,-22.24],[-64.06,-22.24],[-64.12,-22.4],[-64.25,-22.58],[-64.28,-22.82],[-64.33,-22.87],[-64.34,-22.75],[-64.4,-22.72],[-64.44,-22.64],[-64.41,-22.54],[-64.49,-22.44],[-64.53,-22.44],[-64.52,-22.41],[-64.57,-22.37],[-64.54,-22.29],[-64.65,-22.19],[-64.73,-22.2],[-64.98,-22.09],[-65.57,-22.08],[-65.76,-22.11],[-65.92,-21.93],[-66.04,-21.92],[-66.04,-21.87],[-66.08,-21.83],[-66.23,-21.78],[-66.29,-22.08],[-66.32,-22.08],[-66.33,-22.12],[-66.62,-22.19],[-66.64,-22.22],[-66.68,-22.2],[-66.74,-22.24],[-66.78,-22.43],[-67.02,-22.53],[-67.01,-22.64],[-67.12,-22.71],[-67.18,-22.81],[-67.57,-22.9],[-67.78,-22.88],[-67.88,-22.83],[-67.89,-22.71],[-67.85,-22.55],[-67.95,-22.32],[-67.92,-22.24],[-67.94,-22.09],[-68.06,-21.98],[-68.06,-21.76],[-68.18,-21.6],[-68.17,-21.3],[-68.38,-20.96],[-68.5,-20.94],[-68.55,-20.88],[-68.55,-20.73],[-68.44,-20.63],[-68.68,-20.5],[-68.76,-20.39],[-68.66,-20.32],[-68.71,-20.24],[-68.7,-20.14],[-68.78,-20.12],[-68.78,-20.08],[-68.56,-20.04],[-68.52,-19.93],[-68.53,-19.84],[-68.61,-19.82],[-68.69,-19.74],[-68.62,-19.7],[-68.41,-19.4],[-68.53,-19.3],[-68.62,-19.27],[-68.68,-19.18],[-68.87,-19.06],[-68.96,-18.94],[-68.91,-18.88],[-68.98,-18.75],[-69.04,-18.31],[-69.14,-18.17],[-69.07,-18.07],[-69.1,-18.03],[-69.3,-17.95],[-69.34,-17.72],[-69.46,-17.61],[-69.46,-17.38],[-69.57,-17.29],[-69.64,-17.29],[-69.54,-17.15],[-69.37,-17.08],[-69.38,-17.0],[-69.31,-16.96],[-69.32,-16.94],[-69.18,-16.79],[-69.16,-16.72],[-69.01,-16.68],[-69.03,-16.56],[-68.99,-16.44],[-68.81,-16.34],[-68.96,-16.19],[-69.1,-16.22],[-69.24,-16.14],[-69.41,-15.62],[-69.32,-15.44],[-69.27,-15.42],[-69.27,-15.34],[-69.21,-15.31],[-69.19,-15.26],[-69.13,-15.27],[-69.17,-15.18],[-69.29,-15.1],[-69.37,-14.98],[-69.36,-14.8],[-69.24,-14.75],[-69.23,-14.58],[-69.15,-14.59],[-69.15,-14.5],[-68.98,-14.39],[-68.98,-14.23],[-68.84,-14.21],[-68.85,-14.12],[-68.97,-13.97],[-68.99,-13.75],[-69.05,-13.72],[-69.08,-13.65],[-69.0,-13.66],[-69.01,-13.61],[-68.94,-13.49],[-68.94,-13.22],[-68.97,-13.2],[-68.94,-13.07],[-68.97,-13.0],[-68.96,-12.85],[-68.92,-12.79],[-68.89,-12.8],[-68.88,-12.75],[-68.84,-12.75],[-68.85,-12.73],[-68.74,-12.71],[-68.76,-12.61],[-68.68,-12.53],[-68.92,-11.99],[-69.56,-10.95]],[[-60.46,-13.88],[-60.47,-13.89],[-60.46,-13.89],[-60.46,-13.88]]],[[[-58.16,-20.15],[-58.16,-20.16],[-58.17,-20.16],[-58.16,-20.15]]]]}},{"type":"Feature","properties":{"icao":"SMPM"},"geometry":{"type":"Polygon","coordinates":[[[-57.31,5.04],[-57.34,5.05],[-57.31,5.17],[-57.26,5.2],[-57.22,5.16],[-57.19,5.17],[-57.24,5.26],[-57.24,5.22],[-57.28,5.21],[-57.3,5.3],[-57.35,5.31],[-57.18,5.61],[-57.19,5.76],[-57.15,5.98],[-57.0,5.97],[-57.0,8.92],[-56.0,9.08],[-54.0,9.33],[-54.01,5.54],[-54.13,5.41],[-54.14,5.36],[-54.3,5.24],[-54.42,5.07],[-54.47,4.91],[-54.47,4.74],[-54.42,4.71],[-54.41,4.58],[-54.45,4.52],[-54.39,4.33],[-54.39,4.19],[-54.32,4.15],[-54.36,4.04],[-54.3,3.99],[-54.24,3.87],[-54.19,3.85],[-54.2,3.82],[-54.12,3.8],[-54.04,3.63],[-54.0,3.65],[-53.98,3.59],[-54.06,3.32],[-54.2,3.18],[-54.16,2.97],[-54.19,2.92],[-54.18,2.84],[-54.32,2.63],[-54.36,2.5],[-54.44,2.44],[-54.43,2.34],[-54.53,2.3],[-54.55,2.34],[-54.7,2.33],[-54.72,2.41],[-54.69,2.41],[-54.69,2.45],[-54.75,2.48],[-54.8,2.44],[-54.87,2.44],[-54.97,2.56],[-54.93,2.63],[-55.1,2.52],[-55.14,2.58],[-55.24,2.49],[-55.34,2.52],[-55.37,2.41],[-55.5,2.44],[-55.74,2.4],[-55.77,2.45],[-55.97,2.53],[-56.0,2.4],[-56.04,2.34],[-56.08,2.36],[-56.1,2.34],[-56.13,2.25],[-56.05,2.23],[-56.05,2.18],[-55.91,2.04],[-55.91,1.88],[-55.96,1.84],[-56.27,1.89],[-56.36,1.94],[-56.41,1.92],[-56.48,1.94],[-56.55,2.01],[-56.7,2.02],[-56.82,2.2],[-56.82,2.27],[-56.87,2.28],[-56.88,2.36],[-56.93,2.38],[-56.96,2.47],[-56.94,2.5],[-56.99,2.5],[-57.03,2.64],[-57.06,2.64],[-57.11,2.74],[-57.1,2.77],[-57.14,2.77],[-57.12,2.82],[-57.18,2.81],[-57.21,2.84],[-57.23,2.91],[-57.18,2.95],[-57.23,2.95],[-57.24,3.02],[-57.21,3.03],[-57.21,3.07],[-57.27,3.1],[-57.25,3.13],[-57.3,3.14],[-57.29,3.35],[-57.31,3.38],[-57.49,3.33],[-57.59,3.39],[-57.66,3.37],[-57.7,3.41],[-57.68,3.53],[-57.83,3.65],[-57.91,3.87],[-58.0,3.89],[-58.0,3.93],[-58.06,3.99],[-58.09,4.13],[-57.85,4.62],[-57.88,4.76],[-57.93,4.78],[-57.93,4.83],[-57.86,4.92],[-57.82,4.95],[-57.77,4.93],[-57.69,5.02],[-57.54,5.03],[-57.43,5.0],[-57.31,5.04]],[[-57.3,5.04],[-57.31,5.03],[-57.3,5.03],[-57.3,5.04]]]}},{"type":"Feature","properties":{"icao":"SOOO"},"geometry":{"type":"Polygon","coordinates":[[[-54.0,9.33],[-48.0,10.0],[-37.5,13.5],[-35.0,7.67],[-37.08,6.59],[-37.33,6.42],[-38.65,5.69],[-40.0,5.0],[-48.0,5.0],[-51.61,4.41],[-51.8,3.86],[-51.92,3.78],[-51.92,3.73],[-51.97,3.71],[-51.99,3.62],[-52.19,3.3],[-52.33,3.17],[-52.35,3.13],[-52.33,3.06],[-52.4,2.93],[-52.38,2.91],[-52.45,2.85],[-52.53,2.65],[-52.56,2.65],[-52.53,2.6],[-52.55,2.52],[-52.64,2.45],[-52.67,2.37],[-52.85,2.29],[-52.9,2.19],[-52.99,2.17],[-53.1,2.23],[-53.19,2.22],[-53.27,2.29],[-53.4,2.27],[-53.46,2.33],[-53.5,2.33],[-53.68,2.28],[-53.75,2.32],[-53.76,2.36],[-53.8,2.36],[-53.81,2.32],[-53.91,2.28],[-53.93,2.3],[-53.96,2.24],[-54.08,2.2],[-54.11,2.13],[-54.18,2.18],[-54.33,2.16],[-54.37,2.21],[-54.46,2.22],[-54.54,2.27],[-54.6,2.34],[-54.55,2.34],[-54.53,2.3],[-54.43,2.34],[-54.44,2.44],[-54.36,2.5],[-54.32,2.63],[-54.21,2.76],[-54.16,2.96],[-54.19,3.06],[-54.17,3.1],[-54.21,3.15],[-54.15,3.25],[-54.06,3.32],[-53.98,3.59],[-54.0,3.65],[-54.04,3.63],[-54.12,3.8],[-54.2,3.82],[-54.19,3.85],[-54.24,3.87],[-54.3,3.99],[-54.36,4.04],[-54.32,4.15],[-54.39,4.19],[-54.39,4.33],[-54.45,4.52],[-54.41,4.58],[-54.42,4.71],[-54.47,4.74],[-54.47,4.91],[-54.42,5.07],[-54.3,5.24],[-54.14,5.36],[-54.13,5.41],[-54.01,5.54],[-54.0,9.33]]]}},{"type":"Feature","properties":{"icao":"SOOO"},"geometry":{"type":"Polygon","coordinates":[[[-54.0,9.33],[-48.0,10.0],[-37.5,13.5],[-35.0,7.67],[-37.08,6.59],[-37.33,6.42],[-38.65,5.69],[-40.0,5.0],[-48.0,5.0],[-51.64,4.39],[-51.8,3.86],[-51.92,3.78],[-51.92,3.73],[-51.97,3.71],[-51.99,3.62],[-52.19,3.3],[-52.33,3.17],[-52.35,3.13],[-52.33,3.06],[-52.4,2.93],[-52.38,2.91],[-52.45,2.85],[-52.53,2.65],[-52.56,2.65],[-52.53,2.6],[-52.55,2.52],[-52.64,2.45],[-52.67,2.37],[-52.85,2.29],[-52.9,2.19],[-52.99,2.17],[-53.1,2.23],[-53.19,2.22],[-53.27,2.29],[-53.4,2.27],[-53.46,2.33],[-53.5,2.33],[-53.68,2.28],[-53.75,2.32],[-53.76,2.36],[-53.8,2.36],[-53.81,2.32],[-53.91,2.28],[-53.93,2.3],[-53.96,2.24],[-54.08,2.2],[-54.11,2.13],[-54.18,2.18],[-54.33,2.16],[-54.37,2.21],[-54.46,2.22],[-54.54,2.27],[-54.6,2.34],[-54.55,2.34],[-54.53,2.3],[-54.43,2.34],[-54.44,2.44],[-54.36,2.5],[-54.32,2.63],[-54.21,2.76],[-54.16,2.96],[-54.19,3.06],[-54.17,3.1],[-54.21,3.15],[-54.15,3.25],[-54.06,3.32],[-53.98,3.59],[-54.0,3.65],[-54.04,3.63],[-54.12,3.8],[-54.2,3.82],[-54.19,3.85],[-54.24,3.87],[-54.3,3.99],[-54.36,4.04],[-54.32,4.15],[-54.39,4.19],[-54.39,4.33],[-54.45,4.52],[-54.41,4.58],[-54.42,4.71],[-54.47,4.74],[-54.47,4.91],[-54.42,5.07],[-54.3,5.24],[-54.14,5.36],[-54.13,5.41],[-54.01,5.54],[-54.0,9.33]]]}},{"type":"Feature","properties":{"icao":"SPIM"},"geometry":{"type":"MultiPolygon","coordinates":[[[[-90.0,-3.4],[-80.29,-3.4],[-80.22,-3.43],[-80.24,-3.48],[-80.21,-3.5],[-80.22,-3.58],[-80.19,-3.6],[-80.19,-3.78],[-80.16,-3.8],[-80.15,-3.91],[-80.29,-4.02],[-80.4,-3.98],[-80.48,-4.05],[-80.48,-4.1],[-80.44,-4.12],[-80.44,-4.2],[-80.31,-4.2],[-80.42,-4.32],[-80.44,-4.44],[-80.39,-4.48],[-80.33,-4.47],[-80.18,-4.34],[-80.17,-4.29],[-80.1,-4.29],[-79.99,-4.38],[-79.89,-4.39],[-79.81,-4.49],[-79.63,-4.43],[-79.54,-4.53],[-79.51,-4.51],[-79.48,-4.53],[-79.48,-4.63],[-79.42,-4.8],[-79.26,-4.97],[-79.14,-4.96],[-79.03,-5.0],[-78.91,-4.83],[-78.92,-4.79],[-78.87,-4.7],[-78.73,-4.65],[-78.61,-4.48],[-78.63,-4.32],[-78.57,-4.26],[-78.58,-4.16],[-78.5,-3.95],[-78.37,-3.77],[-78.34,-3.46],[-78.3,-3.41],[-78.24,-3.44],[-78.24,-3.53],[-78.19,-3.51],[-78.14,-3.53],[-78.12,-3.48],[-78.2,-3.36],[-78.11,-3.29],[-78.09,-3.22],[-77.83,-3.0],[-76.64,-2.6],[-76.04,-2.13],[-75.61,-1.57],[-75.54,-1.54],[-75.36,-0.94],[-75.31,-0.98],[-75.19,-0.97],[-75.23,-0.93],[-75.21,-0.87],[-75.28,-0.73],[-75.28,-0.65],[-75.23,-0.61],[-75.24,-0.53],[-75.34,-0.48],[-75.35,-0.44],[-75.4,-0.44],[-75.44,-0.33],[-75.54,-0.33],[-75.63,-0.26],[-75.62,-0.11],[-75.33,-0.14],[-75.21,-0.01],[-75.11,-0.04],[-74.9,-0.2],[-74.84,-0.14],[-74.81,-0.15],[-74.78,-0.21],[-74.79,-0.3],[-74.66,-0.33],[-74.52,-0.48],[-74.42,-0.52],[-74.42,-0.57],[-74.39,-0.56],[-74.37,-0.68],[-74.34,-0.7],[-74.38,-0.74],[-74.31,-0.78],[-74.32,-0.81],[-74.28,-0.8],[-74.28,-0.85],[-74.26,-0.84],[-74.27,-0.9],[-74.32,-0.89],[-74.27,-0.93],[-74.27,-1.01],[-74.16,-1.03],[-74.09,-1.08],[-74.03,-1.03],[-74.01,-1.13],[-73.97,-1.1],[-73.96,-1.15],[-73.9,-1.15],[-73.87,-1.25],[-73.78,-1.28],[-73.75,-1.22],[-73.73,-1.27],[-73.62,-1.28],[-73.62,-1.34],[-73.57,-1.34],[-73.55,-1.43],[-73.59,-1.45],[-73.54,-1.45],[-73.49,-1.51],[-73.49,-1.6],[-73.46,-1.6],[-73.53,-1.74],[-73.31,-1.86],[-73.31,-1.81],[-73.25,-1.8],[-73.24,-1.83],[-73.22,-1.77],[-73.14,-1.83],[-73.14,-1.9],[-73.1,-1.91],[-73.1,-2.11],[-73.06,-2.14],[-73.16,-2.26],[-73.1,-2.37],[-73.06,-2.35],[-73.05,-2.4],[-73.02,-2.35],[-72.99,-2.4],[-72.96,-2.38],[-72.92,-2.5],[-72.77,-2.42],[-72.74,-2.46],[-72.7,-2.42],[-72.67,-2.49],[-72.6,-2.39],[-72.56,-2.43],[-72.38,-2.42],[-72.35,-2.49],[-72.24,-2.46],[-72.23,-2.43],[-72.15,-2.43],[-72.13,-2.47],[-72.04,-2.33],[-71.98,-2.37],[-71.94,-2.35],[-71.91,-2.37],[-71.92,-2.31],[-71.86,-2.3],[-71.83,-2.2],[-71.79,-2.2],[-71.71,-2.13],[-71.7,-2.22],[-71.63,-2.19],[-71.5,-2.24],[-71.48,-2.34],[-71.46,-2.33],[-71.48,-2.27],[-71.44,-2.26],[-71.38,-2.4],[-71.28,-2.34],[-71.21,-2.34],[-71.16,-2.38],[-71.15,-2.34],[-71.11,-2.34],[-71.12,-2.28],[-71.05,-2.26],[-70.98,-2.29],[-70.99,-2.2],[-70.93,-2.25],[-70.88,-2.21],[-70.84,-2.23],[-70.83,-2.28],[-70.66,-2.35],[-70.67,-2.4],[-70.62,-2.4],[-70.63,-2.47],[-70.56,-2.48],[-70.58,-2.42],[-70.55,-2.42],[-70.5,-2.47],[-70.47,-2.45],[-70.42,-2.53],[-70.37,-2.49],[-70.3,-2.5],[-70.3,-2.53],[-70.36,-2.56],[-70.32,-2.58],[-70.25,-2.54],[-70.22,-2.64],[-70.17,-2.63],[-70.14,-2.71],[-70.09,-2.64],[-70.07,-2.74],[-70.03,-2.76],[-70.7,-3.79],[-70.65,-3.83],[-70.56,-3.84],[-70.53,-3.88],[-70.45,-3.88],[-70.35,-3.8],[-70.29,-3.81],[-70.18,-3.9],[-70.16,-4.02],[-70.07,-4.06],[-69.96,-4.21],[-69.95,-4.26],[-69.98,-4.3],[-70.04,-4.34],[-70.08,-4.31],[-70.04,-4.28],[-70.11,-4.25],[-70.12,-4.28],[-70.17,-4.27],[-70.19,-4.36],[-70.21,-4.3],[-70.26,-4.3],[-70.24,-4.27],[-70.29,-4.29],[-70.31,-4.24],[-70.28,-4.2],[-70.32,-4.14],[-70.35,-4.17],[-70.37,-4.13],[-70.43,-4.12],[-70.44,-4.16],[-70.49,-4.15],[-70.51,-4.19],[-70.5,-4.15],[-70.53,-4.13],[-70.57,-4.21],[-70.56,-4.17],[-70.62,-4.19],[-70.62,-4.12],[-70.65,-4.16],[-70.67,-4.13],[-70.67,-4.2],[-70.76,-4.15],[-70.82,-4.19],[-70.83,-4.25],[-70.86,-4.24],[-70.84,-4.27],[-70.93,-4.38],[-70.98,-4.34],[-71.03,-4.4],[-71.04,-4.37],[-71.11,-4.37],[-71.11,-4.4],[-71.15,-4.37],[-71.15,-4.4],[-71.16,-4.38],[-71.2,-4.42],[-71.2,-4.37],[-71.27,-4.38],[-71.26,-4.43],[-71.32,-4.41],[-71.3,-4.46],[-71.32,-4.43],[-71.34,-4.47],[-71.34,-4.42],[-71.39,-4.42],[-71.42,-4.46],[-71.51,-4.43],[-71.49,-4.48],[-71.54,-4.46],[-71.58,-4.52],[-71.63,-4.51],[-71.61,-4.47],[-71.64,-4.5],[-71.7,-4.51],[-71.77,-4.48],[-71.86,-4.52],[-71.9,-4.51],[-71.94,-4.61],[-72.05,-4.62],[-72.05,-4.67],[-72.11,-4.72],[-72.15,-4.71],[-72.22,-4.78],[-72.25,-4.76],[-72.26,-4.79],[-72.31,-4.77],[-72.31,-4.8],[-72.36,-4.8],[-72.37,-4.88],[-72.45,-4.91],[-72.45,-4.96],[-72.5,-4.95],[-72.5,-4.98],[-72.58,-4.99],[-72.6,-5.06],[-72.73,-5.04],[-72.74,-5.07],[-72.83,-5.08],[-72.83,-5.12],[-72.9,-5.14],[-72.87,-5.17],[-72.87,-5.26],[-72.95,-5.45],[-72.95,-5.65],[-73.08,-5.85],[-73.12,-5.86],[-73.13,-5.99],[-73.19,-6.04],[-73.12,-6.4],[-73.21,-6.53],[-73.35,-6.56],[-73.72,-6.86],[-73.76,-7.06],[-73.8,-7.12],[-73.71,-7.22],[-73.69,-7.32],[-73.83,-7.34],[-73.87,-7.38],[-73.95,-7.35],[-73.92,-7.47],[-73.94,-7.52],[-73.99,-7.54],[-73.82,-7.72],[-73.7,-7.77],[-73.69,-7.85],[-73.72,-7.88],[-73.77,-7.86],[-73.77,-7.92],[-73.75,-7.96],[-73.63,-8.02],[-73.58,-8.22],[-73.53,-8.28],[-73.53,-8.37],[-73.41,-8.42],[-73.39,-8.47],[-73.33,-8.48],[-73.34,-8.61],[-73.26,-8.69],[-73.17,-8.7],[-73.05,-8.92],[-72.99,-8.93],[-72.95,-8.99],[-72.97,-9.16],[-73.01,-9.17],[-73.01,-9.22],[-73.07,-9.24],[-73.2,-9.42],[-72.72,-9.42],[-72.52,-9.48],[-72.36,-9.49],[-72.32,-9.54],[-72.29,-9.53],[-72.29,-9.61],[-72.25,-9.65],[-72.26,-9.76],[-72.16,-9.82],[-72.16,-10.0],[-71.29,-10.0],[-71.18,-9.94],[-71.13,-9.86],[-70.99,-9.82],[-70.88,-9.68],[-70.79,-9.64],[-70.75,-9.57],[-70.66,-9.53],[-70.6,-9.45],[-70.5,-9.43],[-70.53,-9.47],[-70.51,-9.49],[-70.57,-9.53],[-70.56,-9.58],[-70.6,-9.57],[-70.52,-9.74],[-70.62,-9.85],[-70.62,-11.01],[-70.51,-10.94],[-70.43,-11.03],[-70.32,-11.07],[-70.13,-11.03],[-69.95,-10.93],[-69.78,-10.93],[-69.73,-10.97],[-69.57,-10.95],[-68.92,-11.99],[-68.68,-12.5],[-68.77,-12.64],[-68.73,-12.66],[-68.74,-12.71],[-68.85,-12.73],[-68.84,-12.75],[-68.88,-12.75],[-68.89,-12.8],[-68.92,-12.79],[-68.96,-12.85],[-68.97,-13.0],[-68.94,-13.07],[-68.97,-13.2],[-68.94,-13.22],[-68.94,-13.49],[-69.01,-13.61],[-69.0,-13.66],[-69.08,-13.65],[-69.05,-13.72],[-68.99,-13.75],[-68.97,-13.97],[-68.85,-14.12],[-68.84,-14.21],[-68.98,-14.23],[-68.98,-14.39],[-69.15,-14.5],[-69.15,-14.59],[-69.23,-14.58],[-69.24,-14.75],[-69.36,-14.8],[-69.37,-14.98],[-69.29,-15.1],[-69.17,-15.18],[-69.13,-15.27],[-69.19,-15.26],[-69.21,-15.31],[-69.27,-15.34],[-69.27,-15.42],[-69.32,-15.44],[-69.41,-15.62],[-69.24,-16.14],[-69.1,-16.22],[-68.96,-16.19],[-68.81,-16.34],[-68.99,-16.44],[-69.03,-16.56],[-69.01,-16.68],[-69.16,-16.72],[-69.18,-16.79],[-69.32,-16.94],[-69.31,-16.96],[-69.38,-17.0],[-69.37,-17.08],[-69.54,-17.15],[-69.64,-17.28],[-69.57,-17.29],[-69.46,-17.38],[-69.46,-17.51],[-69.66,-17.66],[-69.8,-17.65],[-69.82,-17.76],[-69.78,-17.78],[-69.8,-17.83],[-69.75,-17.98],[-69.84,-18.15],[-69.98,-18.27],[-70.05,-18.26],[-70.16,-18.32],[-70.33,-18.31],[-70.37,-18.35],[-90.0,-18.35],[-90.0,-3.4]],[[-71.44,-4.42],[-71.42,-4.44],[-71.41,-4.43],[-71.44,-4.42]],[[-71.65,-4.49],[-71.64,-4.48],[-71.66,-4.47],[-71.65,-4.49]],[[-71.82,-4.5],[-71.82,-4.49],[-71.83,-4.49],[-71.82,-4.5]],[[-71.74,-4.48],[-71.74,-4.47],[-71.75,-4.47],[-71.74,-4.48]],[[-70.83,-4.22],[-70.84,-4.21],[-70.85,-4.22],[-70.83,-4.22]]],[[[-72.79,-5.09],[-72.78,-5.09],[-72.78,-5.1],[-72.79,-5.09]]],[[[-72.3,-4.8],[-72.29,-4.79],[-72.29,-4.8],[-72.3,-4.8]]],[[[-71.89,-4.52],[-71.88,-4.53],[-71.89,-4.53],[-71.89,-4.52]]],[[[-71.42,-4.46],[-71.43,-4.47],[-71.43,-4.46],[-71.42,-4.46]]],[[[-71.22,-4.39],[-71.21,-4.39],[-71.22,-4.4],[-71.22,-4.39]]]]}},{"type":"Feature","properties":{"icao":"SUEO"},"geometry":{"type":"Polygon","coordinates":[[[-57.62,-30.18],[-57.55,-30.22],[-57.56,-30.26],[-57.52,-30.28],[-57.47,-30.26],[-57.39,-30.3],[-57.31,-30.26],[-57.29,-30.29],[-57.23,-30.29],[-57.16,-30.24],[-57.17,-30.2],[-57.11,-30.11],[-57.0,-30.08],[-56.91,-30.11],[-56.83,-30.09],[-56.78,-30.13],[-56.78,-30.17],[-56.64,-30.21],[-56.62,-30.25],[-56.64,-30.27],[-56.6,-30.28],[-56.62,-30.3],[-56.54,-30.31],[-56.55,-30.36],[-56.46,-30.39],[-56.38,-30.5],[-56.29,-30.52],[-56.26,-30.58],[-56.19,-30.6],[-56.13,-30.74],[-56.07,-30.74],[-56.02,-30.78],[-55.99,-30.85],[-56.02,-30.94],[-56.0,-31.07],[-55.87,-31.08],[-55.66,-30.96],[-55.64,-30.86],[-55.58,-30.85],[-55.57,-30.89],[-55.36,-31.05],[-55.25,-31.26],[-55.09,-31.33],[-55.01,-31.28],[-54.95,-31.39],[-54.87,-31.41],[-54.84,-31.45],[-54.72,-31.44],[-54.53,-31.5],[-54.42,-31.63],[-54.45,-31.68],[-54.1,-31.91],[-54.02,-31.89],[-53.96,-31.92],[-53.95,-31.96],[-53.85,-32.0],[-53.83,-32.06],[-53.71,-32.1],[-53.74,-32.13],[-53.63,-32.3],[-53.61,-32.42],[-53.52,-32.49],[-53.45,-32.48],[-53.42,-32.56],[-53.28,-32.62],[-53.24,-32.61],[-53.07,-32.75],[-53.28,-32.9],[-53.29,-32.92],[-53.24,-32.94],[-53.43,-33.05],[-53.51,-33.15],[-53.52,-33.69],[-53.43,-33.7],[-53.43,-33.74],[-53.37,-33.75],[-53.38,-33.88],[-53.0,-34.0],[-10.0,-34.0],[-10.0,-39.0],[-44.5,-39.0],[-45.0,-40.0],[-53.2,-36.76],[-54.83,-36.0],[-57.1,-34.88],[-57.83,-34.58],[-58.4,-34.0],[-58.52,-33.83],[-58.4,-33.03],[-57.98,-31.38],[-57.62,-30.18]],[[-57.09,-30.11],[-57.09,-30.12],[-57.08,-30.11],[-57.09,-30.11]]]}},{"type":"Feature","properties":{"icao":"SVZM"},"geometry":{"type":"Polygon","coordinates":[[[-71.76,7.07],[-71.83,7.01],[-72.02,7.01],[-72.17,7.24],[-72.19,7.37],[-72.44,7.4],[-72.48,7.48],[-72.46,7.54],[-72.48,7.78],[-72.45,7.87],[-72.49,7.93],[-72.42,7.99],[-72.41,8.04],[-72.35,8.01],[-72.37,8.1],[-72.35,8.17],[-72.39,8.25],[-72.39,8.37],[-72.65,8.61],[-72.77,9.11],[-72.88,9.14],[-72.88,9.11],[-72.94,9.09],[-72.99,9.15],[-72.96,9.16],[-72.96,9.21],[-73.01,9.3],[-73.17,9.18],[-73.37,9.18],[-73.24,9.41],[-73.19,9.44],[-73.15,9.55],[-73.08,9.57],[-73.06,9.67],[-72.95,9.84],[-72.99,9.88],[-72.99,9.94],[-72.91,10.11],[-72.89,10.46],[-72.84,10.49],[-72.82,10.58],[-72.71,10.7],[-72.65,10.88],[-72.6,10.9],[-72.48,11.05],[-72.49,11.09],[-72.34,11.16],[-72.24,11.15],[-71.97,11.65],[-71.51,11.77],[-71.0,12.0],[-71.42,12.5],[-70.5,12.5],[-67.97,11.4],[-67.07,15.68],[-65.0,15.0],[-62.5,11.0],[-61.78,10.73],[-62.05,10.08],[-61.93,9.98],[-61.47,9.98],[-59.95,8.92],[-60.25,8.92],[-59.8,8.28],[-59.84,8.23],[-59.94,8.22],[-60.01,8.05],[-60.05,8.02],[-60.11,8.03],[-60.22,7.97],[-60.37,7.83],[-60.49,7.84],[-60.54,7.81],[-60.59,7.64],[-60.62,7.64],[-60.65,7.57],[-60.71,7.55],[-60.7,7.48],[-60.59,7.35],[-60.63,7.23],[-60.54,7.13],[-60.46,7.2],[-60.35,7.18],[-60.34,7.14],[-60.28,7.12],[-60.29,7.06],[-60.36,7.01],[-60.37,6.95],[-60.43,6.96],[-60.5,6.89],[-60.66,6.84],[-60.71,6.77],[-60.79,6.82],[-60.84,6.8],[-60.91,6.83],[-60.92,6.75],[-61.13,6.73],[-61.22,6.56],[-61.14,6.44],[-61.17,6.31],[-61.12,6.27],[-61.11,6.2],[-61.26,6.13],[-61.34,5.99],[-61.4,5.96],[-60.75,5.21],[-60.67,5.17],[-60.59,4.93],[-60.74,4.76],[-60.91,4.7],[-60.94,4.65],[-60.93,4.59],[-60.99,4.51],[-61.07,4.52],[-61.15,4.48],[-61.22,4.53],[-61.33,4.54],[-61.36,4.51],[-61.32,4.48],[-61.35,4.44],[-61.48,4.44],[-61.54,4.38],[-61.54,4.27],[-61.75,4.26],[-61.9,4.17],[-61.94,4.11],[-61.99,4.13],[-61.99,4.16],[-62.06,4.16],[-62.14,4.09],[-62.36,4.15],[-62.51,4.09],[-62.54,4.03],[-62.74,4.03],[-62.79,3.92],[-62.73,3.72],[-62.76,3.67],[-62.84,3.71],[-62.96,3.68],[-63.07,3.71],[-63.15,3.9],[-63.31,3.96],[-63.47,3.91],[-63.53,3.96],[-63.63,3.94],[-63.8,4.02],[-63.96,4.03],[-64.19,4.24],[-64.28,4.25],[-64.33,4.2],[-64.59,4.25],[-64.64,4.23],[-64.6,4.04],[-64.44,3.95],[-64.21,3.92],[-64.15,3.83],[-64.08,3.6],[-64.13,3.37],[-64.3,3.16],[-64.29,3.0],[-64.22,2.74],[-64.25,2.57],[-64.23,2.49],[-64.2,2.45],[-64.05,2.44],[-63.82,2.31],[-63.55,2.41],[-63.39,2.43],[-63.36,2.4],[-63.39,2.15],[-63.69,2.09],[-63.79,1.97],[-63.9,1.98],[-64.04,2.04],[-64.09,1.64],[-64.29,1.49],[-64.34,1.39],[-64.4,1.41],[-64.35,1.52],[-64.4,1.54],[-64.75,1.24],[-64.81,1.31],[-64.88,1.23],[-64.91,1.25],[-64.96,1.17],[-65.28,0.9],[-65.42,0.85],[-65.62,0.85],[-65.76,0.78],[-65.89,0.77],[-66.13,0.81],[-66.32,0.74],[-66.88,1.23],[-66.88,1.34],[-66.93,1.42],[-66.97,1.64],[-67.06,1.9],[-67.13,1.99],[-67.11,2.11],[-67.16,2.12],[-67.21,2.24],[-67.18,2.37],[-67.48,2.62],[-67.49,2.67],[-67.57,2.67],[-67.61,2.81],[-67.72,2.81],[-67.76,2.84],[-67.83,2.83],[-67.86,2.79],[-67.86,2.87],[-67.48,3.21],[-67.39,3.25],[-67.39,3.29],[-67.3,3.39],[-67.31,3.44],[-67.41,3.53],[-67.48,3.72],[-67.51,3.75],[-67.6,3.74],[-67.63,3.78],[-67.73,4.11],[-67.81,4.22],[-67.78,4.33],[-67.8,4.43],[-67.88,4.52],[-67.82,4.76],[-67.83,4.93],[-67.79,5.04],[-67.85,5.3],[-67.79,5.39],[-67.67,5.45],[-67.61,5.53],[-67.65,5.65],[-67.61,5.81],[-67.42,6.0],[-67.49,6.11],[-67.47,6.19],[-67.63,6.28],[-67.85,6.3],[-67.97,6.21],[-68.16,6.22],[-68.29,6.17],[-68.47,6.19],[-68.67,6.13],[-68.81,6.18],[-69.07,6.21],[-69.22,6.09],[-69.28,6.09],[-69.32,6.15],[-69.45,6.11],[-70.08,7.0],[-70.32,6.93],[-70.38,6.98],[-70.51,7.01],[-70.56,7.08],[-70.64,7.06],[-70.77,7.09],[-70.9,7.06],[-70.96,6.98],[-71.09,6.98],[-71.13,7.03],[-71.47,7.01],[-71.59,7.02],[-71.6,7.05],[-71.66,7.05],[-71.67,7.02],[-71.76,7.07]]]}},{"type":"Feature","properties":{"icao":"SYGC"},"geometry":{"type":"MultiPolygon","coordinates":[[[[-59.8,8.28],[-60.25,8.92],[-57.0,8.92],[-57.0,5.97],[-57.15,5.98],[-57.19,5.76],[-57.18,5.61],[-57.35,5.31],[-57.3,5.3],[-57.3,5.22],[-57.25,5.21],[-57.24,5.26],[-57.19,5.17],[-57.22,5.16],[-57.26,5.2],[-57.31,5.17],[-57.34,5.07],[-57.31,5.04],[-57.43,5.0],[-57.54,5.03],[-57.69,5.02],[-57.77,4.93],[-57.82,4.95],[-57.86,4.92],[-57.93,4.83],[-57.93,4.78],[-57.88,4.76],[-57.85,4.62],[-58.09,4.13],[-58.06,3.99],[-58.0,3.93],[-58.0,3.89],[-57.91,3.87],[-57.83,3.65],[-57.68,3.53],[-57.7,3.41],[-57.66,3.37],[-57.59,3.39],[-57.48,3.33],[-57.31,3.38],[-57.28,3.16],[-57.3,3.14],[-57.25,3.13],[-57.27,3.1],[-57.21,3.07],[-57.21,3.03],[-57.24,3.02],[-57.23,2.95],[-57.18,2.95],[-57.23,2.91],[-57.21,2.84],[-57.18,2.81],[-57.12,2.82],[-57.14,2.77],[-57.1,2.77],[-57.11,2.74],[-57.06,2.64],[-57.03,2.64],[-56.99,2.5],[-56.94,2.5],[-56.96,2.48],[-56.94,2.4],[-56.88,2.36],[-56.87,2.28],[-56.82,2.27],[-56.82,2.2],[-56.71,2.03],[-56.55,2.01],[-56.48,1.96],[-56.51,1.92],[-56.58,1.91],[-56.64,1.94],[-56.68,1.91],[-56.73,1.92],[-56.8,1.86],[-56.91,1.92],[-57.02,1.92],[-57.08,2.02],[-57.25,1.94],[-57.27,1.98],[-57.32,1.99],[-57.44,1.88],[-57.54,1.7],[-57.77,1.72],[-57.93,1.64],[-58.0,1.67],[-58.0,1.5],[-58.14,1.5],[-58.17,1.56],[-58.24,1.55],[-58.33,1.59],[-58.38,1.54],[-58.38,1.47],[-58.5,1.46],[-58.47,1.3],[-58.51,1.26],[-58.55,1.29],[-58.57,1.27],[-58.7,1.29],[-58.78,1.18],[-58.88,1.21],[-58.91,1.24],[-58.89,1.28],[-58.93,1.31],[-59.23,1.38],[-59.55,1.73],[-59.67,1.76],[-59.65,1.85],[-59.75,1.85],[-59.72,2.28],[-59.79,2.28],[-59.91,2.38],[-59.9,2.48],[-59.99,2.68],[-59.99,2.86],[-59.96,3.06],[-59.9,3.12],[-59.91,3.2],[-59.83,3.35],[-59.8,3.35],[-59.81,3.43],[-59.84,3.43],[-59.8,3.5],[-59.87,3.56],[-59.85,3.6],[-59.66,3.7],[-59.67,3.78],[-59.59,3.8],[-59.58,3.9],[-59.52,3.93],[-59.52,3.96],[-59.55,3.98],[-59.57,3.96],[-59.66,4.08],[-59.63,4.14],[-59.73,4.19],[-59.73,4.29],[-59.67,4.38],[-59.81,4.47],[-59.86,4.46],[-59.87,4.49],[-59.91,4.47],[-59.92,4.51],[-60.06,4.49],[-60.06,4.53],[-60.16,4.52],[-60.16,4.57],[-60.08,4.6],[-60.08,4.66],[-60.03,4.7],[-60.03,4.82],[-59.97,5.05],[-60.09,5.15],[-60.12,5.24],[-60.18,5.23],[-60.23,5.26],[-60.43,5.18],[-60.63,5.22],[-60.75,5.21],[-61.4,5.96],[-61.34,5.99],[-61.26,6.13],[-61.11,6.2],[-61.12,6.27],[-61.17,6.31],[-61.14,6.44],[-61.22,6.56],[-61.13,6.73],[-60.92,6.75],[-60.91,6.83],[-60.84,6.8],[-60.79,6.82],[-60.71,6.77],[-60.66,6.84],[-60.5,6.89],[-60.43,6.96],[-60.37,6.95],[-60.36,7.01],[-60.29,7.06],[-60.28,7.12],[-60.34,7.14],[-60.35,7.18],[-60.46,7.2],[-60.54,7.13],[-60.62,7.21],[-60.63,7.27],[-60.59,7.35],[-60.7,7.48],[-60.71,7.55],[-60.65,7.57],[-60.62,7.64],[-60.59,7.64],[-60.58,7.74],[-60.52,7.83],[-60.37,7.83],[-60.22,7.97],[-60.11,8.03],[-60.05,8.02],[-60.01,8.05],[-59.94,8.22],[-59.84,8.23],[-59.8,8.28]]],[[[-57.31,5.03],[-57.3,5.04],[-57.3,5.03],[-57.31,5.03]]]]}},{"type":"Feature","properties":{"icao":"TJZS"},"geometry":{"type":"Polygon","coordinates":[[[-67.65,21.24],[-66.75,22.0],[-65.13,22.1],[-64.0,22.0],[-61.9,20.0],[-61.5,18.0],[-62.0,18.0],[-63.0,17.37],[-63.0,15.33],[-63.25,15.0],[-65.0,15.0],[-68.0,16.0],[-68.0,19.0],[-69.15,19.65],[-67.65,21.24]]]}},{"type":"Feature","properties":{"icao":"TNCF"},"geometry":{"type":"Polygon","coordinates":[[[-70.5,12.5],[-71.42,12.5],[-74.0,14.33],[-74.0,16.0],[-73.0,17.0],[-71.67,17.0],[-71.67,16.0],[-68.0,16.0],[-67.07,15.68],[-67.97,11.4],[-70.5,12.5]]]}},{"type":"Feature","properties":{"icao":"TTZP"},"geometry":{"type":"Polygon","coordinates":[[[-65.0,15.0],[-63.25,15.0],[-63.0,15.33],[-63.0,17.37],[-62.0,18.0],[-45.0,18.0],[-40.0,22.3],[-37.5,17.0],[-37.5,13.5],[-48.0,10.0],[-54.0,9.33],[-56.0,9.08],[-57.0,8.92],[-59.95,8.92],[-61.47,9.98],[-61.93,9.98],[-62.05,10.08],[-61.78,10.73],[-62.5,11.0],[-65.0,15.0]]]}},{"type":"Feature","properties":{"icao":"UAAA"},"geometry":{"type":"Polygon","coordinates":[[[71.82,48.0],[74.28,48.13],[76.18,48.83],[76.18,49.8],[78.17,50.69],[79.87,51.02],[80.08,50.76],[80.07,50.85],[80.19,50.83],[80.2,50.91],[80.47,50.97],[80.48,51.08],[80.44,51.12],[80.44,51.21],[80.63,51.21],[80.63,51.27],[80.67,51.31],[80.93,51.25],[80.92,51.22],[81.07,51.17],[81.14,51.21],[81.16,51.15],[81.09,51.05],[81.07,50.95],[81.41,50.98],[81.45,50.91],[81.43,50.87],[81.48,50.83],[81.45,50.76],[81.77,50.77],[81.79,50.82],[81.8,50.78],[81.88,50.81],[82.01,50.8],[82.14,50.74],[82.22,50.74],[82.28,50.78],[82.53,50.75],[82.69,50.81],[82.75,50.94],[83.0,50.9],[83.1,50.97],[83.11,51.02],[83.18,50.99],[83.44,51.02],[83.41,50.98],[83.59,50.95],[83.92,50.82],[83.99,50.7],[84.24,50.51],[84.21,50.45],[84.26,50.34],[84.23,50.31],[84.32,50.22],[84.48,50.25],[84.56,50.2],[84.8,50.14],[84.85,50.09],[84.91,50.1],[85.0,50.06],[85.03,50.0],[84.99,50.0],[84.98,49.92],[85.11,49.87],[85.21,49.72],[85.19,49.65],[85.27,49.59],[85.42,49.56],[85.45,49.59],[85.58,49.6],[85.65,49.56],[85.93,49.55],[85.95,49.49],[86.11,49.52],[86.17,49.46],[86.24,49.55],[86.23,49.58],[86.43,49.64],[86.59,49.74],[86.61,49.8],[86.8,49.8],[86.78,49.71],[86.62,49.64],[86.63,49.58],[86.8,49.55],[86.78,49.53],[86.82,49.51],[86.81,49.45],[86.91,49.41],[86.9,49.35],[86.94,49.3],[87.0,49.3],[87.05,49.25],[87.27,49.22],[87.31,49.13],[87.31,49.1],[87.13,49.15],[86.99,49.1],[86.86,49.11],[86.83,49.05],[86.75,49.02],[86.72,48.99],[86.73,48.91],[86.8,48.87],[86.81,48.83],[86.75,48.79],[86.76,48.71],[86.63,48.62],[86.59,48.54],[86.43,48.49],[86.31,48.5],[86.23,48.44],[85.84,48.43],[85.73,48.37],[85.61,48.16],[85.61,48.07],[85.54,47.95],[85.62,47.63],[85.6,47.52],[85.71,47.38],[85.7,47.23],[85.6,47.21],[85.53,47.06],[85.22,47.05],[85.07,46.93],[84.98,46.92],[84.92,46.85],[84.7,46.83],[84.79,46.91],[84.7,47.0],[84.51,46.98],[84.44,47.01],[84.2,47.0],[84.06,46.96],[83.98,47.0],[83.58,47.06],[83.46,47.13],[83.41,47.12],[83.34,47.18],[83.04,47.22],[82.98,47.03],[82.93,47.01],[82.92,46.94],[82.8,46.74],[82.73,46.49],[82.55,46.23],[82.51,46.0],[82.27,45.57],[82.29,45.53],[82.41,45.47],[82.59,45.45],[82.63,45.38],[82.58,45.21],[82.49,45.12],[82.25,45.24],[82.03,45.16],[81.93,45.16],[81.91,45.21],[81.82,45.2],[81.79,45.31],[81.69,45.37],[81.5,45.28],[81.22,45.25],[81.17,45.21],[81.11,45.22],[81.08,45.17],[80.95,45.17],[80.9,45.13],[80.72,45.17],[80.66,45.12],[80.47,45.12],[80.38,45.04],[80.32,45.07],[80.23,45.03],[80.08,45.05],[80.08,45.01],[79.85,44.9],[79.96,44.88],[80.03,44.8],[80.28,44.84],[80.29,44.81],[80.34,44.82],[80.48,44.73],[80.48,44.7],[80.36,44.66],[80.4,44.61],[80.34,44.48],[80.45,44.0],[80.51,43.92],[80.52,43.83],[80.75,43.46],[80.66,43.31],[80.75,43.3],[80.8,43.18],[80.72,43.13],[80.62,43.14],[80.39,43.05],[80.42,42.97],[80.56,42.93],[80.59,42.89],[80.36,42.82],[80.26,42.83],[80.17,42.61],[80.22,42.54],[80.28,42.52],[80.22,42.48],[80.21,42.43],[80.23,42.35],[80.28,42.33],[80.26,42.29],[80.29,42.26],[80.28,42.23],[80.13,42.2],[80.12,42.28],[79.94,42.44],[79.85,42.42],[79.66,42.48],[79.63,42.45],[79.5,42.46],[79.36,42.59],[79.19,42.68],[79.18,42.78],[79.09,42.77],[79.07,42.74],[79.03,42.78],[78.94,42.77],[78.68,42.82],[78.52,42.9],[78.37,42.89],[78.36,42.86],[78.17,42.88],[78.06,42.84],[77.79,42.91],[77.45,42.94],[77.26,42.91],[77.19,42.96],[76.86,42.99],[76.76,42.95],[76.74,42.91],[76.51,42.92],[76.49,42.89],[76.38,42.87],[76.32,42.87],[76.28,42.92],[76.02,42.91],[75.85,42.95],[75.8,42.92],[75.73,42.8],[75.42,42.82],[75.32,42.86],[75.16,42.85],[74.84,43.01],[74.74,42.99],[74.67,43.08],[74.55,43.16],[74.32,43.21],[74.18,43.75],[74.91,44.25],[71.92,45.08],[71.82,48.0]]]}},{"type":"Feature","properties":{"icao":"UACN"},"geometry":{"type":"MultiPolygon","coordinates":[[[[62.07,54.06],[62.49,54.03],[62.39,54.0],[62.45,53.93],[62.54,53.9],[62.59,53.98],[62.57,54.05],[62.59,54.07],[62.6,54.07],[62.61,54.07],[62.62,54.07],[62.62,54.08],[62.66,54.08],[62.66,54.09],[62.77,54.09],[62.82,54.12],[63.13,54.11],[63.17,54.15],[63.15,54.18],[63.2,54.2],[63.41,54.19],[63.81,54.28],[63.98,54.28],[63.99,54.31],[64.03,54.28],[64.08,54.32],[64.45,54.33],[64.49,54.37],[64.6,54.37],[64.62,54.4],[64.75,54.4],[64.76,54.36],[64.98,54.42],[65.11,54.34],[65.22,54.34],[65.24,54.37],[65.19,54.45],[65.2,54.52],[65.35,54.58],[65.48,54.57],[65.45,54.63],[65.49,54.65],[65.76,54.6],[65.83,54.69],[65.97,54.71],[65.95,54.63],[66.02,54.62],[66.39,54.7],[66.74,54.73],[66.8,54.77],[67.05,54.77],[67.08,54.8],[67.28,54.82],[67.31,54.87],[67.64,54.85],[67.76,54.88],[67.81,54.96],[67.87,54.98],[68.01,54.94],[68.21,54.96],[68.22,55.02],[68.29,55.07],[68.2,55.13],[68.18,55.19],[68.62,55.19],[68.75,55.36],[69.01,55.29],[69.0,55.34],[68.92,55.36],[68.94,55.43],[69.09,55.41],[69.18,55.34],[69.37,55.37],[69.47,55.34],[69.69,55.34],[69.86,55.29],[69.92,55.21],[70.05,55.19],[70.15,55.13],[70.4,55.2],[70.46,55.28],[70.65,55.26],[70.82,55.3],[70.85,55.23],[71.02,55.05],[71.0,54.88],[71.05,54.84],[71.06,54.77],[71.16,54.7],[71.3,54.67],[71.3,54.61],[71.2,54.59],[71.22,54.34],[71.15,54.32],[71.02,54.35],[71.02,54.29],[71.11,54.25],[71.07,54.2],[71.13,54.18],[71.16,54.11],[71.21,54.11],[71.31,54.18],[71.4,54.18],[71.5,54.16],[71.51,54.11],[71.66,54.1],[71.75,54.14],[71.73,54.21],[71.77,54.25],[72.01,54.23],[72.06,54.21],[72.09,54.15],[72.17,54.13],[72.19,54.19],[72.08,54.23],[72.13,54.29],[72.04,54.36],[72.18,54.36],[72.26,54.32],[72.28,54.25],[72.32,54.24],[72.31,54.19],[72.49,54.14],[72.5,54.11],[72.36,54.09],[72.42,54.04],[72.38,53.95],[72.48,53.91],[72.55,53.99],[72.72,53.95],[72.67,54.05],[72.52,54.05],[72.54,54.11],[72.6,54.13],[72.98,54.1],[72.98,54.05],[73.04,54.05],[73.08,53.99],[73.29,53.95],[73.41,53.96],[73.41,53.99],[73.54,53.95],[73.51,54.01],[73.63,54.04],[73.63,54.07],[73.75,54.05],[73.69,53.86],[73.46,53.88],[73.43,53.85],[73.46,53.81],[73.35,53.8],[73.33,53.69],[73.26,53.68],[73.28,53.64],[73.25,53.57],[73.4,53.53],[73.38,53.48],[73.45,53.44],[73.58,53.52],[73.6,53.57],[73.65,53.56],[73.67,53.62],[73.84,53.59],[73.9,53.65],[74.07,53.63],[74.06,53.56],[74.15,53.55],[74.17,53.6],[74.24,53.59],[74.29,53.52],[74.28,53.49],[74.4,53.46],[74.49,53.58],[74.44,53.6],[74.47,53.68],[74.65,53.67],[74.69,53.76],[74.76,53.75],[74.8,53.82],[75.0,53.81],[75.02,53.78],[75.47,53.98],[75.49,54.0],[75.41,54.09],[75.71,54.13],[76.23,54.27],[76.21,54.29],[76.23,54.36],[76.32,54.33],[76.52,54.33],[76.66,54.35],[76.74,54.42],[76.93,54.46],[76.94,54.43],[76.78,54.38],[76.84,54.37],[76.87,54.31],[76.84,54.23],[76.75,54.16],[76.64,54.13],[76.62,54.16],[76.43,54.17],[76.43,54.13],[76.58,53.97],[77.46,53.54],[77.91,53.28],[78.31,52.89],[79.28,51.82],[79.87,51.02],[78.17,50.69],[76.18,49.8],[76.18,48.83],[74.28,48.13],[71.82,48.0],[71.92,45.08],[69.41,45.42],[64.54,47.19],[62.68,48.63],[62.42,50.39],[61.5,50.97],[61.59,51.25],[61.68,51.26],[61.55,51.34],[61.5,51.42],[61.35,51.4],[61.18,51.46],[61.0,51.47],[60.93,51.54],[60.92,51.61],[60.51,51.63],[60.39,51.7],[60.52,51.8],[60.4,51.81],[60.18,51.9],[60.19,51.87],[60.15,51.86],[60.05,51.93],[60.07,51.99],[60.3,52.02],[60.53,52.17],[60.7,52.16],[60.79,52.23],[60.96,52.27],[61.07,52.34],[60.97,52.51],[60.85,52.52],[60.83,52.63],[60.71,52.65],[60.73,52.75],[60.83,52.76],[61.07,52.91],[61.03,52.98],[61.12,52.97],[61.24,53.03],[61.38,52.99],[61.46,53.04],[61.64,52.96],[61.71,53.0],[61.89,53.01],[62.02,52.95],[62.14,53.01],[62.11,53.12],[61.8,53.16],[61.68,53.25],[61.51,53.21],[61.4,53.27],[61.24,53.27],[61.18,53.3],[61.16,53.39],[61.24,53.44],[61.25,53.5],[61.48,53.46],[61.59,53.5],[61.59,53.53],[61.52,53.59],[61.34,53.56],[60.91,53.62],[60.92,53.67],[61.04,53.64],[61.05,53.7],[61.22,53.8],[61.14,53.88],[60.98,53.91],[61.07,53.96],[61.17,53.96],[61.19,53.92],[61.25,53.91],[61.28,53.98],[61.25,54.02],[61.39,54.09],[61.48,54.07],[61.5,54.02],[61.58,54.0],[61.61,53.95],[61.64,54.0],[61.74,54.03],[61.79,53.98],[61.86,54.03],[61.84,54.01],[61.91,54.01],[61.87,53.97],[61.89,53.96],[62.03,53.95],[62.0,54.03],[62.07,54.06]]],[[[62.62,54.08],[62.61,54.07],[62.61,54.08],[62.62,54.08]]]]}},{"type":"Feature","properties":{"icao":"UAII"},"geometry":{"type":"Polygon","coordinates":[[[64.54,47.19],[69.41,45.42],[71.92,45.08],[74.91,44.25],[74.18,43.75],[74.32,43.21],[74.29,43.24],[74.16,43.24],[74.18,43.2],[74.16,43.18],[74.03,43.16],[73.95,43.19],[73.9,43.1],[73.78,43.11],[73.55,43.02],[73.56,42.99],[73.5,42.91],[73.51,42.8],[73.42,42.63],[73.42,42.55],[73.51,42.45],[73.5,42.41],[73.32,42.44],[73.3,42.51],[73.11,42.54],[72.91,42.53],[72.63,42.68],[72.52,42.68],[72.28,42.76],[72.09,42.74],[71.93,42.82],[71.81,42.83],[71.63,42.76],[71.52,42.81],[71.27,42.78],[71.23,42.69],[71.17,42.67],[71.17,42.61],[71.01,42.58],[71.1,42.5],[71.07,42.46],[71.02,42.49],[70.96,42.47],[70.94,42.39],[70.87,42.32],[70.88,42.26],[70.94,42.26],[70.84,42.19],[70.81,42.21],[70.76,42.19],[70.69,42.13],[70.63,42.0],[70.41,42.13],[70.32,42.03],[70.33,41.98],[70.2,41.91],[70.16,41.84],[70.07,41.81],[70.04,41.76],[69.99,41.79],[69.95,41.71],[69.83,41.72],[69.62,41.66],[69.52,41.56],[69.41,41.51],[69.44,41.47],[69.42,41.45],[69.21,41.46],[69.11,41.39],[69.09,41.34],[69.03,41.34],[68.95,41.2],[68.81,41.1],[68.75,40.99],[68.59,40.92],[68.57,40.86],[68.59,40.74],[68.65,40.67],[68.64,40.61],[68.48,40.59],[68.21,40.7],[68.05,40.81],[68.15,41.04],[67.94,41.18],[67.85,41.16],[67.78,41.2],[66.61,41.25],[66.53,41.9],[66.01,41.94],[66.01,42.36],[66.02,42.38],[66.11,42.35],[66.1,42.96],[65.83,42.87],[65.76,43.02],[65.72,43.04],[63.83,42.5],[62.0,43.49],[61.13,44.26],[61.14,44.21],[61.1,44.27],[61.09,44.37],[61.07,44.34],[61.05,44.38],[61.05,44.31],[60.1,44.85],[61.65,46.15],[64.54,47.19]]]}},{"type":"Feature","properties":{"icao":"UATT"},"geometry":{"type":"Polygon","coordinates":[[[61.5,50.97],[62.42,50.39],[62.68,48.63],[64.54,47.19],[61.65,46.15],[60.1,44.85],[58.62,45.61],[56.0,45.0],[56.0,41.32],[55.86,41.32],[55.82,41.28],[55.74,41.3],[55.65,41.28],[55.62,41.24],[55.58,41.28],[55.55,41.25],[55.5,41.26],[55.3,41.4],[55.17,41.54],[55.05,41.74],[54.95,41.82],[54.96,41.91],[54.84,42.02],[54.21,42.34],[53.62,42.3],[53.06,42.15],[52.46,41.77],[51.5,42.0],[49.5,42.83],[49.5,45.92],[49.43,46.13],[49.43,46.23],[49.27,46.3],[49.19,46.37],[49.04,46.39],[48.82,46.48],[48.78,46.54],[48.67,46.56],[48.64,46.61],[48.59,46.6],[48.48,46.66],[48.5,46.72],[48.57,46.77],[48.66,46.77],[48.78,46.68],[48.91,46.69],[49.01,46.77],[48.73,47.09],[48.64,47.25],[48.61,47.41],[48.38,47.43],[48.22,47.64],[48.06,47.76],[47.71,47.74],[47.41,47.82],[47.38,47.68],[47.21,47.74],[47.14,47.79],[47.12,47.82],[47.16,47.83],[47.15,47.86],[47.02,47.99],[47.21,48.07],[47.09,48.11],[47.12,48.16],[47.1,48.21],[46.92,48.34],[46.49,48.44],[46.78,48.94],[46.94,49.0],[47.05,49.14],[47.02,49.21],[46.78,49.33],[46.82,49.56],[46.86,49.61],[46.89,49.84],[46.92,49.87],[47.11,49.9],[47.23,49.97],[47.33,50.09],[47.33,50.13],[47.26,50.2],[47.33,50.24],[47.3,50.26],[47.32,50.33],[47.41,50.34],[47.44,50.42],[47.51,50.46],[47.62,50.44],[47.82,50.33],[47.99,50.18],[47.99,50.15],[48.1,50.09],[48.13,49.99],[48.22,49.91],[48.22,49.87],[48.31,49.87],[48.4,49.81],[48.74,49.93],[48.88,50.02],[48.85,50.09],[48.76,50.1],[48.78,50.18],[48.7,50.29],[48.64,50.6],[48.57,50.62],[48.56,50.65],[48.6,50.67],[48.82,50.6],[49.09,50.78],[49.42,50.86],[49.37,50.96],[49.32,50.99],[49.38,51.06],[49.37,51.1],[49.42,51.13],[49.74,51.11],[49.95,51.24],[50.37,51.34],[50.33,51.38],[50.37,51.41],[50.35,51.43],[50.51,51.47],[50.5,51.57],[50.56,51.64],[50.72,51.63],[50.66,51.57],[50.78,51.59],[50.79,51.66],[50.73,51.7],[50.75,51.77],[50.86,51.74],[50.88,51.68],[51.27,51.69],[51.35,51.66],[51.36,51.57],[51.24,51.56],[51.29,51.49],[51.43,51.48],[51.57,51.56],[51.65,51.51],[51.63,51.47],[51.67,51.47],[51.8,51.52],[51.76,51.61],[51.86,51.68],[52.12,51.66],[52.17,51.72],[52.28,51.72],[52.33,51.77],[52.37,51.74],[52.38,51.66],[52.52,51.5],[52.56,51.49],[52.55,51.46],[52.63,51.46],[52.66,51.49],[52.69,51.46],[52.78,51.53],[52.8,51.5],[52.9,51.5],[52.87,51.47],[52.93,51.5],[52.96,51.46],[52.98,51.49],[53.16,51.49],[53.15,51.53],[53.19,51.54],[53.2,51.51],[53.27,51.49],[53.36,51.52],[53.63,51.39],[53.6,51.37],[53.63,51.35],[53.61,51.29],[53.66,51.24],[53.75,51.2],[53.95,51.19],[54.13,51.12],[54.14,51.05],[54.17,51.07],[54.18,51.0],[54.28,50.89],[54.51,50.85],[54.42,50.63],[54.51,50.54],[54.61,50.54],[54.73,50.63],[54.66,50.76],[54.66,50.82],[54.71,50.89],[54.83,50.88],[54.9,50.84],[54.9,50.87],[54.99,50.88],[55.04,50.93],[55.11,50.88],[55.07,50.82],[55.35,50.66],[55.49,50.67],[55.55,50.62],[55.71,50.57],[55.73,50.61],[56.12,50.75],[56.13,50.84],[56.2,50.94],[56.36,50.91],[56.39,50.97],[56.48,50.98],[56.46,51.06],[56.5,51.09],[56.63,50.99],[56.74,50.97],[56.72,51.08],[56.84,51.08],[56.89,51.05],[56.96,51.08],[57.02,51.05],[57.18,51.1],[57.22,51.04],[57.29,51.02],[57.35,50.93],[57.53,50.88],[57.52,50.92],[57.63,50.95],[57.68,50.91],[57.73,50.93],[57.75,51.13],[57.83,51.14],[57.87,51.1],[57.93,51.12],[57.94,51.09],[58.0,51.08],[58.09,51.13],[58.11,51.08],[58.19,51.07],[58.21,51.13],[58.32,51.16],[58.36,51.08],[58.57,51.06],[58.6,51.02],[58.57,50.94],[58.59,50.83],[58.77,50.84],[58.79,50.77],[58.94,50.69],[59.22,50.68],[59.26,50.65],[59.48,50.66],[59.54,50.61],[59.52,50.51],[59.83,50.58],[60.0,50.83],[60.07,50.87],[60.19,50.84],[60.19,50.79],[60.35,50.68],[60.83,50.66],[61.43,50.79],[61.47,50.83],[61.5,50.97]]]}},{"type":"Feature","properties":{"icao":"UBBA"},"geometry":{"type":"MultiPolygon","coordinates":[[[[45.01,41.3],[45.26,41.46],[45.32,41.47],[45.39,41.43],[45.46,41.45],[45.56,41.41],[45.58,41.37],[45.72,41.37],[45.74,41.34],[45.7,41.34],[45.68,41.3],[45.81,41.22],[45.94,41.18],[46.1,41.18],[46.12,41.21],[46.15,41.18],[46.25,41.18],[46.27,41.14],[46.47,41.04],[46.63,41.06],[46.65,41.2],[46.72,41.3],[46.69,41.3],[46.64,41.38],[46.35,41.49],[46.31,41.59],[46.25,41.64],[46.29,41.78],[46.38,41.83],[46.42,41.91],[46.53,41.88],[46.55,41.81],[46.75,41.86],[46.84,41.73],[46.92,41.72],[46.92,41.68],[47.0,41.63],[47.01,41.56],[47.12,41.58],[47.23,41.44],[47.21,41.41],[47.25,41.4],[47.26,41.32],[47.48,41.27],[47.54,41.21],[47.63,41.24],[47.77,41.19],[47.9,41.23],[47.94,41.36],[48.03,41.43],[48.05,41.49],[48.25,41.52],[48.4,41.61],[48.51,41.88],[48.6,41.84],[50.0,42.63],[51.5,42.0],[51.5,37.9],[48.84,38.45],[48.7,38.4],[48.61,38.41],[48.59,38.46],[48.46,38.56],[48.45,38.61],[48.31,38.6],[48.29,38.65],[48.25,38.66],[48.24,38.73],[48.11,38.77],[48.01,38.86],[48.01,38.9],[48.06,38.9],[48.09,38.94],[48.29,38.96],[48.37,39.01],[48.3,39.11],[48.15,39.19],[48.13,39.24],[48.2,39.32],[48.37,39.37],[47.99,39.7],[47.9,39.65],[47.81,39.65],[47.57,39.51],[47.38,39.46],[47.33,39.38],[47.08,39.26],[47.0,39.15],[46.85,39.14],[46.76,39.02],[46.7,39.01],[46.55,38.87],[46.51,38.94],[46.54,39.08],[46.49,39.12],[46.5,39.15],[46.44,39.16],[46.44,39.19],[46.53,39.21],[46.55,39.17],[46.63,39.22],[46.55,39.25],[46.51,39.34],[46.43,39.35],[46.39,39.43],[46.41,39.46],[46.54,39.47],[46.51,39.52],[46.57,39.56],[46.53,39.59],[46.44,39.57],[46.43,39.62],[46.37,39.64],[46.18,39.58],[46.17,39.64],[46.07,39.68],[46.0,39.78],[45.84,39.82],[45.81,39.93],[45.58,40.0],[45.63,40.04],[45.76,40.03],[45.8,40.0],[45.88,40.02],[45.89,40.1],[45.95,40.13],[45.98,40.21],[45.91,40.27],[45.94,40.26],[45.96,40.27],[45.65,40.37],[45.55,40.47],[45.43,40.52],[45.45,40.58],[45.37,40.62],[45.36,40.67],[45.41,40.74],[45.57,40.82],[45.59,40.9],[45.52,40.91],[45.47,40.98],[45.41,40.97],[45.43,41.03],[45.34,41.0],[45.3,41.04],[45.21,41.02],[45.16,41.05],[45.15,41.1],[45.12,41.06],[45.05,41.05],[45.07,41.11],[45.2,41.15],[45.13,41.21],[45.02,41.19],[45.05,41.25],[45.01,41.3]]],[[[46.63,41.36],[46.64,41.36],[46.64,41.35],[46.63,41.36]]]]}},{"type":"Feature","properties":{"icao":"UBBA"},"geometry":{"type":"Polygon","coordinates":[[[46.14,38.83],[46.06,38.88],[46.02,38.87],[46.0,38.82],[46.0,38.87],[45.95,38.89],[45.9,38.87],[45.44,38.99],[45.45,39.05],[45.32,39.17],[45.34,39.19],[45.17,39.21],[45.09,39.35],[44.97,39.43],[44.9,39.6],[44.82,39.63],[44.77,39.71],[45.0,39.74],[45.08,39.79],[45.18,39.71],[45.19,39.59],[45.29,39.61],[45.34,39.55],[45.44,39.53],[45.46,39.5],[45.7,39.61],[45.79,39.58],[45.84,39.48],[45.79,39.39],[46.0,39.3],[46.01,39.15],[46.1,39.03],[46.15,38.9],[46.14,38.83]]]}},{"type":"Feature","properties":{"icao":"UBBA"},"geometry":{"type":"MultiPolygon","coordinates":[[[[45.01,41.3],[45.26,41.46],[45.32,41.47],[45.39,41.43],[45.46,41.45],[45.56,41.41],[45.58,41.37],[45.72,41.37],[45.74,41.34],[45.7,41.34],[45.68,41.3],[45.81,41.22],[45.94,41.18],[46.1,41.18],[46.12,41.21],[46.15,41.18],[46.25,41.18],[46.27,41.14],[46.47,41.04],[46.63,41.06],[46.65,41.2],[46.72,41.3],[46.69,41.3],[46.64,41.38],[46.35,41.49],[46.31,41.59],[46.25,41.64],[46.29,41.78],[46.38,41.83],[46.42,41.91],[46.53,41.88],[46.55,41.81],[46.75,41.86],[46.84,41.73],[46.92,41.72],[46.92,41.68],[47.0,41.63],[47.01,41.56],[47.12,41.58],[47.23,41.44],[47.21,41.41],[47.25,41.4],[47.26,41.32],[47.48,41.27],[47.54,41.21],[47.63,41.24],[47.77,41.19],[47.9,41.23],[47.94,41.36],[48.03,41.43],[48.05,41.49],[48.25,41.52],[48.4,41.61],[48.51,41.88],[48.6,41.84],[50.0,42.63],[51.5,42.0],[51.5,37.9],[48.84,38.45],[48.7,38.4],[48.61,38.41],[48.59,38.46],[48.46,38.56],[48.45,38.61],[48.31,38.6],[48.29,38.65],[48.25,38.66],[48.24,38.73],[48.11,38.77],[48.01,38.86],[48.01,38.9],[48.06,38.9],[48.09,38.94],[48.29,38.96],[48.37,39.01],[48.3,39.11],[48.15,39.19],[48.13,39.24],[48.2,39.32],[48.37,39.37],[47.99,39.7],[47.9,39.65],[47.81,39.65],[47.57,39.51],[47.38,39.46],[47.33,39.38],[47.08,39.26],[47.0,39.15],[46.85,39.14],[46.76,39.02],[46.7,39.01],[46.55,38.87],[46.51,38.94],[46.54,39.08],[46.49,39.12],[46.5,39.15],[46.44,39.16],[46.44,39.19],[46.53,39.21],[46.55,39.17],[46.63,39.22],[46.55,39.25],[46.51,39.34],[46.43,39.35],[46.39,39.43],[46.41,39.46],[46.54,39.47],[46.51,39.52],[46.57,39.56],[46.53,39.59],[46.44,39.57],[46.43,39.62],[46.37,39.64],[46.18,39.58],[46.17,39.64],[46.07,39.68],[46.0,39.78],[45.84,39.82],[45.81,39.93],[45.58,40.0],[45.63,40.04],[45.76,40.03],[45.8,40.0],[45.88,40.02],[45.89,40.1],[45.95,40.13],[45.98,40.21],[45.91,40.27],[45.94,40.26],[45.96,40.27],[45.65,40.37],[45.55,40.47],[45.43,40.52],[45.45,40.58],[45.37,40.62],[45.36,40.67],[45.41,40.74],[45.57,40.82],[45.59,40.9],[45.52,40.91],[45.47,40.98],[45.41,40.97],[45.43,41.03],[45.34,41.0],[45.3,41.04],[45.21,41.02],[45.16,41.05],[45.15,41.1],[45.12,41.06],[45.05,41.05],[45.07,41.11],[45.2,41.15],[45.13,41.21],[45.02,41.19],[45.05,41.25],[45.01,41.3]]],[[[46.63,41.36],[46.64,41.36],[46.64,41.35],[46.63,41.36]]]]}},{"type":"Feature","properties":{"icao":"UCFM"},"geometry":{"type":"Polygon","coordinates":[[[73.11,42.21],[70.88,42.26],[70.87,42.32],[70.94,42.39],[70.96,42.47],[71.02,42.49],[71.07,42.46],[71.1,42.5],[71.01,42.58],[71.17,42.61],[71.17,42.67],[71.23,42.69],[71.27,42.78],[71.52,42.81],[71.63,42.76],[71.81,42.83],[71.93,42.82],[72.09,42.74],[72.28,42.76],[72.52,42.68],[72.63,42.68],[72.91,42.53],[73.11,42.54],[73.3,42.51],[73.32,42.44],[73.5,42.41],[73.51,42.45],[73.42,42.55],[73.42,42.63],[73.51,42.8],[73.5,42.91],[73.56,42.99],[73.55,43.02],[73.78,43.11],[73.9,43.1],[73.95,43.19],[74.05,43.16],[74.16,43.18],[74.18,43.2],[74.16,43.24],[74.29,43.24],[74.55,43.16],[74.67,43.08],[74.74,42.99],[74.84,43.01],[75.2,42.84],[75.32,42.86],[75.42,42.82],[75.73,42.8],[75.8,42.92],[75.85,42.95],[76.02,42.91],[76.28,42.92],[76.32,42.87],[76.38,42.87],[76.49,42.89],[76.51,42.92],[76.74,42.91],[76.76,42.95],[76.86,42.99],[77.19,42.96],[77.26,42.91],[77.44,42.94],[77.79,42.91],[78.06,42.84],[78.17,42.88],[78.36,42.86],[78.37,42.89],[78.52,42.9],[78.68,42.82],[78.94,42.77],[79.03,42.78],[79.07,42.74],[79.09,42.77],[79.18,42.78],[79.19,42.68],[79.36,42.59],[79.5,42.46],[79.63,42.45],[79.66,42.48],[79.85,42.42],[79.94,42.44],[80.12,42.28],[80.13,42.2],[80.2,42.23],[80.27,42.2],[80.25,42.09],[80.28,42.06],[80.13,42.03],[79.88,42.04],[79.84,42.02],[79.84,41.97],[79.77,41.87],[79.67,41.79],[79.48,41.78],[79.47,41.85],[79.4,41.84],[79.36,41.8],[79.27,41.79],[79.22,41.73],[78.94,41.65],[78.83,41.57],[78.7,41.55],[78.64,41.47],[78.39,41.41],[78.39,41.27],[78.3,41.24],[78.18,41.07],[78.11,41.07],[78.06,41.03],[77.98,41.08],[77.55,40.99],[77.38,41.03],[77.15,41.02],[77.07,41.06],[76.86,41.02],[76.84,40.98],[76.79,40.97],[76.79,40.85],[76.63,40.76],[76.65,40.63],[76.53,40.53],[76.5,40.44],[76.34,40.36],[76.31,40.46],[76.19,40.38],[76.09,40.41],[75.97,40.38],[75.91,40.29],[75.83,40.33],[75.73,41.43],[74.87,41.78],[73.11,42.21]]]}},{"type":"Feature","properties":{"icao":"UCFO"},"geometry":{"type":"Polygon","coordinates":[[[70.95,42.26],[73.11,42.21],[74.87,41.78],[75.73,41.43],[75.829,40.34],[75.69,40.28],[75.69,40.34],[75.64,40.38],[75.72,40.44],[75.72,40.49],[75.64,40.51],[75.6,40.66],[75.46,40.61],[75.41,40.55],[75.22,40.44],[74.99,40.45],[74.82,40.52],[74.83,40.49],[74.79,40.45],[74.9,40.34],[74.86,40.32],[74.7,40.35],[74.68,40.26],[74.58,40.27],[74.34,40.08],[74.25,40.13],[74.08,40.07],[74.04,40.09],[73.94,40.02],[73.98,40.0],[73.91,39.92],[73.92,39.87],[73.86,39.84],[73.83,39.78],[73.85,39.74],[73.91,39.73],[73.94,39.59],[73.84,39.46],[73.46,39.47],[73.38,39.45],[73.34,39.39],[73.24,39.41],[73.22,39.36],[73.18,39.35],[72.92,39.37],[72.77,39.34],[72.68,39.39],[72.62,39.39],[72.58,39.35],[72.5,39.38],[72.48,39.35],[72.34,39.33],[72.25,39.17],[72.17,39.26],[72.11,39.26],[72.04,39.37],[71.94,39.32],[71.92,39.28],[71.8,39.27],[71.75,39.32],[71.8,39.38],[71.8,39.43],[71.76,39.46],[71.56,39.45],[71.56,39.57],[71.5,39.61],[71.41,39.57],[71.35,39.58],[71.31,39.52],[71.24,39.55],[71.19,39.51],[71.1,39.51],[71.07,39.41],[70.99,39.4],[70.94,39.43],[70.91,39.38],[70.77,39.39],[70.75,39.49],[70.66,39.57],[70.51,39.62],[70.47,39.58],[70.37,39.59],[70.27,39.53],[70.21,39.6],[70.78,39.67],[70.6,39.96],[70.64,39.98],[70.65,40.07],[70.68,40.09],[71.95,40.2],[72.53,40.52],[72.58,40.67],[72.12,41.13],[71.57,41.25],[71.07,41.58],[70.93,42.0],[70.95,42.26]]]}},{"type":"Feature","properties":{"icao":"UDDD"},"geometry":{"type":"Polygon","coordinates":[[[43.47,41.13],[43.57,41.15],[43.75,41.11],[43.84,41.17],[44.16,41.19],[44.17,41.24],[44.24,41.24],[44.26,41.21],[44.35,41.23],[44.45,41.18],[44.59,41.19],[44.61,41.23],[44.86,41.21],[44.81,41.24],[44.81,41.3],[44.88,41.26],[44.95,41.26],[45.01,41.3],[45.05,41.25],[45.02,41.19],[45.13,41.21],[45.2,41.15],[45.07,41.11],[45.05,41.05],[45.12,41.06],[45.15,41.1],[45.16,41.05],[45.21,41.02],[45.3,41.04],[45.34,41.0],[45.43,41.03],[45.41,40.97],[45.47,40.98],[45.49,40.93],[45.59,40.9],[45.6,40.87],[45.57,40.82],[45.41,40.74],[45.36,40.67],[45.37,40.62],[45.45,40.58],[45.43,40.52],[45.55,40.47],[45.65,40.37],[45.91,40.3],[45.96,40.27],[45.91,40.25],[45.98,40.22],[45.95,40.13],[45.89,40.1],[45.88,40.02],[45.8,40.0],[45.76,40.03],[45.63,40.04],[45.58,40.0],[45.81,39.93],[45.84,39.82],[46.0,39.78],[46.07,39.68],[46.17,39.64],[46.18,39.58],[46.37,39.64],[46.43,39.62],[46.44,39.57],[46.53,39.59],[46.57,39.56],[46.51,39.52],[46.54,39.47],[46.41,39.46],[46.39,39.43],[46.43,39.35],[46.51,39.34],[46.55,39.25],[46.63,39.22],[46.55,39.17],[46.53,39.21],[46.44,39.19],[46.44,39.16],[46.5,39.15],[46.49,39.12],[46.54,39.08],[46.51,38.94],[46.55,38.87],[46.35,38.91],[46.14,38.83],[46.15,38.9],[46.1,39.03],[46.01,39.15],[46.0,39.3],[45.79,39.39],[45.84,39.48],[45.82,39.55],[45.77,39.59],[45.7,39.61],[45.46,39.5],[45.44,39.53],[45.34,39.55],[45.29,39.61],[45.19,39.59],[45.18,39.71],[45.08,39.79],[45.0,39.74],[44.76,39.71],[44.7,39.79],[44.61,39.82],[44.49,39.97],[44.32,40.04],[43.89,40.02],[43.67,40.1],[43.65,40.14],[43.71,40.18],[43.66,40.22],[43.68,40.26],[43.59,40.34],[43.62,40.42],[43.55,40.48],[43.65,40.53],[43.64,40.56],[43.75,40.68],[43.75,40.74],[43.68,40.84],[43.68,40.93],[43.47,41.03],[43.47,41.13]]]}},{"type":"Feature","properties":{"icao":"UEEE"},"geometry":{"type":"Polygon","coordinates":[[[114.72,76.33],[131.98,74.33],[143.58,73.2],[158.0,72.0],[168.0,72.5],[168.0,70.5],[165.0,68.67],[162.0,66.55],[158.0,66.55],[158.0,65.75],[149.67,64.0],[145.5,63.57],[145.0,62.0],[142.0,62.0],[139.95,60.85],[138.17,59.75],[135.33,59.17],[132.0,58.0],[131.67,57.27],[131.4,56.92],[131.0,56.17],[129.38,54.85],[128.17,54.67],[126.37,54.94],[124.92,55.72],[122.33,55.5],[119.67,56.68],[119.33,58.42],[114.87,59.6],[113.88,59.32],[108.78,60.72],[107.0,62.0],[107.0,65.5],[106.92,67.0],[106.5,69.25],[112.0,72.0],[114.73,73.83],[114.72,76.33]]]}},{"type":"Feature","properties":{"icao":"UGGG"},"geometry":{"type":"Polygon","coordinates":[[[41.83,41.43],[41.71,41.5],[41.65,41.48],[40.33,41.9],[39.92,43.19],[40.1,43.57],[40.44,43.56],[40.53,43.52],[40.67,43.56],[40.9,43.48],[40.89,43.46],[40.95,43.42],[41.01,43.43],[41.06,43.38],[41.13,43.4],[41.31,43.33],[41.41,43.36],[41.43,43.3],[41.62,43.22],[41.75,43.23],[41.82,43.2],[41.88,43.25],[42.06,43.19],[42.46,43.25],[42.45,43.21],[42.67,43.14],[42.67,43.17],[42.77,43.19],[42.9,43.17],[42.93,43.12],[43.04,43.09],[43.04,43.03],[43.19,42.93],[43.56,42.87],[43.64,42.8],[43.79,42.75],[43.81,42.73],[43.73,42.63],[43.76,42.59],[43.93,42.56],[44.03,42.61],[44.22,42.63],[44.3,42.71],[44.41,42.71],[44.49,42.75],[44.69,42.75],[44.78,42.62],[44.88,42.75],[44.96,42.75],[45.08,42.69],[45.17,42.7],[45.33,42.53],[45.58,42.55],[45.78,42.46],[45.73,42.39],[45.72,42.33],[45.75,42.31],[45.64,42.29],[45.61,42.23],[45.64,42.19],[45.91,42.09],[45.93,42.03],[46.07,42.04],[46.1,41.99],[46.13,42.02],[46.17,41.99],[46.25,42.0],[46.31,41.94],[46.38,41.96],[46.42,41.91],[46.41,41.87],[46.29,41.78],[46.25,41.64],[46.31,41.59],[46.35,41.49],[46.64,41.38],[46.72,41.28],[46.65,41.2],[46.63,41.06],[46.47,41.04],[46.27,41.14],[46.25,41.18],[46.15,41.18],[46.12,41.21],[46.1,41.18],[45.94,41.18],[45.81,41.22],[45.68,41.3],[45.7,41.34],[45.74,41.34],[45.72,41.37],[45.58,41.37],[45.56,41.41],[45.46,41.45],[45.39,41.43],[45.3,41.47],[44.95,41.26],[44.81,41.3],[44.81,41.24],[44.86,41.21],[44.61,41.23],[44.59,41.19],[44.45,41.18],[44.35,41.23],[44.26,41.21],[44.24,41.24],[44.17,41.24],[44.16,41.19],[43.84,41.17],[43.73,41.11],[43.57,41.15],[43.47,41.13],[43.44,41.18],[43.38,41.2],[43.23,41.18],[43.2,41.25],[43.12,41.25],[43.2,41.29],[43.19,41.31],[43.02,41.38],[42.9,41.5],[42.85,41.47],[42.79,41.51],[42.83,41.59],[42.61,41.59],[42.57,41.51],[42.51,41.47],[42.52,41.44],[42.2,41.51],[42.05,41.49],[41.98,41.53],[41.83,41.43]],[[46.64,41.36],[46.63,41.36],[46.64,41.35],[46.64,41.36]]]}},{"type":"Feature","properties":{"icao":"UHHH"},"geometry":{"type":"Polygon","coordinates":[[[133.09,45.27],[133.16,45.47],[133.23,45.52],[133.32,45.49],[133.34,45.55],[133.41,45.57],[133.41,45.61],[133.47,45.61],[133.44,45.65],[133.48,45.65],[133.48,45.68],[133.43,45.69],[133.48,45.74],[133.46,45.77],[133.5,45.79],[133.47,45.79],[133.46,45.83],[133.49,45.83],[133.48,45.86],[133.52,45.89],[133.59,45.87],[133.61,45.94],[133.67,45.94],[133.74,46.06],[133.69,46.15],[133.77,46.17],[133.8,46.22],[133.85,46.2],[133.86,46.25],[133.91,46.26],[133.89,46.3],[133.91,46.31],[133.92,46.33],[133.89,46.32],[133.87,46.35],[133.94,46.39],[133.85,46.47],[133.91,46.58],[134.01,46.65],[134.05,46.76],[134.02,46.82],[134.11,47.06],[134.22,47.12],[134.22,47.2],[134.15,47.25],[134.18,47.32],[134.33,47.44],[134.49,47.44],[134.57,47.49],[134.75,47.68],[134.76,47.77],[134.67,47.83],[134.66,47.89],[134.6,47.9],[134.55,47.98],[134.57,48.05],[134.67,48.16],[134.67,48.24],[134.71,48.28],[134.63,48.3],[134.57,48.37],[134.48,48.35],[134.39,48.39],[134.06,48.34],[134.01,48.28],[133.91,48.27],[133.86,48.18],[133.78,48.2],[133.64,48.13],[133.55,48.12],[133.5,48.07],[133.35,48.11],[133.16,48.11],[133.03,48.06],[133.01,48.02],[132.86,47.99],[132.81,47.93],[132.67,47.95],[132.67,47.89],[132.59,47.79],[132.6,47.74],[132.54,47.71],[132.3,47.75],[132.26,47.71],[132.0,47.71],[131.97,47.66],[131.8,47.67],[131.7,47.71],[131.58,47.66],[131.48,47.74],[131.23,47.73],[131.12,47.68],[130.98,47.7],[130.95,47.72],[130.95,47.82],[130.89,47.9],[130.68,48.04],[130.65,48.1],[130.75,48.18],[130.75,48.22],[130.83,48.3],[130.73,48.42],[130.76,48.49],[130.72,48.51],[130.63,48.48],[130.6,48.51],[130.6,48.58],[130.52,48.61],[130.6,48.77],[130.68,48.85],[130.66,48.88],[130.52,48.85],[130.4,48.9],[130.23,48.86],[129.93,49.03],[129.91,49.1],[129.84,49.12],[129.84,49.17],[129.74,49.2],[129.73,49.27],[129.55,49.29],[129.53,49.4],[129.49,49.43],[129.38,49.43],[129.34,49.35],[129.23,49.4],[129.09,49.35],[128.98,49.46],[128.76,49.47],[128.74,49.5],[128.8,49.56],[128.78,49.59],[128.71,49.56],[128.56,49.6],[128.38,49.59],[128.26,49.5],[128.07,49.54],[127.97,49.61],[127.82,49.58],[127.78,49.63],[127.68,49.67],[127.65,49.78],[127.58,49.78],[127.52,49.82],[127.54,49.93],[127.49,50.02],[127.59,50.16],[127.6,50.22],[127.35,50.3],[127.33,50.35],[127.36,50.43],[127.3,50.45],[127.29,50.49],[127.36,50.58],[127.28,50.69],[127.3,50.74],[127.23,50.78],[127.12,50.93],[126.92,51.06],[126.9,51.2],[126.98,51.31],[126.87,51.31],[126.91,51.27],[126.9,51.24],[126.82,51.28],[126.83,51.33],[126.92,51.34],[126.92,51.39],[126.78,51.44],[126.83,51.53],[126.68,51.59],[126.74,51.64],[126.73,51.7],[126.66,51.72],[126.56,51.86],[126.46,51.94],[126.44,52.02],[126.52,52.03],[126.56,52.12],[126.44,52.18],[126.3,52.2],[126.33,52.25],[126.44,52.28],[126.33,52.31],[126.35,52.39],[126.26,52.47],[126.18,52.47],[126.21,52.52],[126.19,52.54],[126.07,52.6],[126.01,52.58],[125.97,52.61],[125.97,52.66],[126.06,52.67],[126.04,52.74],[126.11,52.76],[126.08,52.79],[126.04,52.8],[125.97,52.76],[125.83,52.9],[125.67,52.86],[125.66,52.92],[125.72,52.93],[125.74,52.98],[125.58,53.08],[125.5,53.05],[125.45,53.11],[125.12,53.2],[124.89,53.16],[124.88,53.09],[124.81,53.14],[124.72,53.15],[124.7,53.19],[124.45,53.21],[124.25,53.37],[124.12,53.34],[123.86,53.49],[123.68,53.49],[123.59,53.55],[123.53,53.49],[123.52,53.55],[123.48,53.55],[123.49,53.5],[123.46,53.5],[123.45,53.53],[123.23,53.56],[123.14,53.5],[123.02,53.51],[122.83,53.45],[122.38,53.45],[121.98,53.97],[122.33,55.5],[124.92,55.72],[126.37,54.94],[128.17,54.67],[129.38,54.85],[131.0,56.17],[131.4,56.92],[131.67,57.27],[132.0,58.0],[135.33,59.17],[138.17,59.75],[139.95,60.85],[142.0,62.0],[145.0,62.0],[146.0,61.0],[145.75,58.0],[143.42,56.42],[146.0,56.0],[150.0,54.87],[150.0,45.0],[146.83,43.0],[145.86,43.34],[145.8,43.44],[145.34,43.72],[145.33,43.84],[145.39,43.9],[145.43,44.04],[145.73,44.45],[145.67,44.5],[142.0,45.75],[140.0,45.75],[136.0,40.55],[135.93,40.5],[131.52,41.67],[130.7,42.29],[130.67,42.28],[130.66,42.39],[130.61,42.42],[130.56,42.54],[130.58,42.56],[130.62,42.54],[130.62,42.63],[130.53,42.7],[130.46,42.68],[130.4,42.72],[130.54,42.81],[130.77,42.83],[130.8,42.87],[131.0,42.85],[131.03,42.86],[131.01,42.92],[131.11,42.91],[131.11,43.06],[131.19,43.12],[131.19,43.21],[131.24,43.25],[131.27,43.37],[131.31,43.39],[131.3,43.47],[131.2,43.52],[131.18,43.56],[131.23,43.6],[131.2,43.82],[131.26,43.93],[131.25,44.02],[131.3,44.05],[131.1,44.69],[130.95,44.85],[131.05,44.87],[131.13,44.94],[131.2,44.91],[131.28,44.92],[131.34,44.98],[131.5,44.97],[131.47,44.99],[131.69,45.11],[131.68,45.15],[131.65,45.15],[131.68,45.22],[131.78,45.21],[131.82,45.3],[131.89,45.34],[131.99,45.25],[132.88,45.05],[132.94,45.01],[133.14,45.13],[133.09,45.27]]]}},{"type":"Feature","properties":{"icao":"UHMM"},"geometry":{"type":"Polygon","coordinates":[[[170.2,54.82],[169.0,54.0],[159.0,50.1],[150.0,45.0],[150.0,54.87],[146.0,56.0],[143.42,56.42],[145.75,58.0],[146.0,61.0],[145.0,62.0],[145.5,63.57],[149.67,64.0],[158.0,65.75],[158.0,66.55],[162.0,66.55],[165.0,68.67],[168.0,70.5],[168.0,72.5],[158.0,72.0],[143.58,73.2],[132.0,74.33],[114.72,76.33],[114.75,78.0],[180.0,87.63],[191.03,87.63],[191.03,65.0],[187.8,64.05],[184.86,62.64],[182.25,61.34],[180.0,60.0],[170.2,54.82]]]}},{"type":"Feature","properties":{"icao":"UIII"},"geometry":{"type":"Polygon","coordinates":[[[99.01,52.11],[99.0,52.88],[97.3,53.58],[96.0,54.0],[98.0,55.93],[97.53,57.45],[100.68,57.93],[102.5,58.05],[106.7,60.77],[108.03,61.27],[108.78,60.72],[113.88,59.32],[114.87,59.6],[119.33,58.42],[119.67,56.68],[122.33,55.5],[121.98,53.97],[122.33,53.5],[122.24,53.46],[122.13,53.47],[122.08,53.42],[121.84,53.42],[121.44,53.32],[121.34,53.33],[121.22,53.28],[120.87,53.29],[120.81,53.26],[120.83,53.24],[120.69,53.18],[120.63,53.1],[120.52,53.07],[120.27,52.86],[120.02,52.77],[120.06,52.7],[120.02,52.63],[120.06,52.58],[120.46,52.64],[120.72,52.54],[120.68,52.51],[120.67,52.41],[120.61,52.35],[120.62,52.31],[120.76,52.24],[120.74,52.23],[120.78,52.16],[120.75,52.14],[120.76,52.11],[120.68,52.04],[120.71,52.0],[120.64,51.92],[120.55,51.91],[120.54,51.88],[120.48,51.89],[120.47,51.85],[120.41,51.84],[120.17,51.68],[120.09,51.68],[120.1,51.65],[120.03,51.59],[120.05,51.56],[119.97,51.49],[119.99,51.45],[119.9,51.39],[119.93,51.35],[119.81,51.29],[119.81,51.22],[119.76,51.22],[119.77,51.14],[119.69,51.02],[119.62,51.01],[119.51,50.91],[119.49,50.75],[119.27,50.6],[119.24,50.45],[119.12,50.38],[119.23,50.34],[119.35,50.35],[119.37,50.32],[119.32,50.28],[119.36,50.23],[119.36,50.17],[119.3,50.08],[119.2,50.01],[119.07,49.98],[118.56,49.93],[118.56,49.9],[118.49,49.88],[118.48,49.83],[118.39,49.82],[118.38,49.78],[118.23,49.73],[118.2,49.68],[118.11,49.66],[118.1,49.63],[118.06,49.63],[118.07,49.61],[118.03,49.62],[117.87,49.54],[117.87,49.51],[117.48,49.63],[117.27,49.63],[116.95,49.72],[116.71,49.83],[116.61,49.94],[116.41,49.97],[116.26,50.03],[116.06,50.01],[115.74,49.88],[115.4,49.9],[115.18,50.02],[115.0,50.18],[114.75,50.25],[114.45,50.24],[114.33,50.28],[114.2,50.25],[114.08,50.18],[114.03,50.19],[113.87,50.08],[113.74,50.08],[113.48,49.97],[113.2,49.81],[113.13,49.72],[113.1,49.61],[112.97,49.59],[112.79,49.5],[112.72,49.49],[112.51,49.55],[111.9,49.39],[111.72,49.41],[111.5,49.34],[111.36,49.37],[111.32,49.33],[111.13,49.29],[110.96,49.18],[110.82,49.15],[110.6,49.16],[110.4,49.26],[110.33,49.19],[110.22,49.16],[109.92,49.21],[109.83,49.19],[109.76,49.23],[109.57,49.22],[109.51,49.24],[109.48,49.29],[109.22,49.36],[108.56,49.33],[108.37,49.44],[108.28,49.53],[108.15,49.55],[108.01,49.63],[108.01,49.68],[107.98,49.66],[107.94,49.68],[107.98,49.73],[107.95,49.83],[107.98,49.92],[107.82,49.93],[107.75,49.98],[107.66,49.95],[107.38,49.98],[107.33,50.02],[107.28,49.99],[107.14,50.02],[107.03,50.12],[106.99,50.21],[106.72,50.33],[106.57,50.35],[106.25,50.3],[106.09,50.35],[106.05,50.41],[105.6,50.43],[105.32,50.48],[105.12,50.39],[104.95,50.4],[104.82,50.35],[104.38,50.3],[104.35,50.26],[104.28,50.25],[104.24,50.19],[104.06,50.15],[103.79,50.21],[103.71,50.14],[103.44,50.22],[103.31,50.2],[103.23,50.31],[102.92,50.31],[102.85,50.37],[102.64,50.43],[102.51,50.54],[102.4,50.55],[102.29,50.61],[102.36,50.75],[102.22,50.84],[102.27,50.97],[102.19,51.07],[102.18,51.22],[102.15,51.26],[102.21,51.33],[102.07,51.4],[102.01,51.39],[101.76,51.46],[101.65,51.45],[101.58,51.5],[101.38,51.46],[101.24,51.55],[101.14,51.54],[100.53,51.75],[99.99,51.75],[99.73,51.9],[99.32,51.96],[99.27,52.02],[99.05,52.07],[99.01,52.11]]]}},{"type":"Feature","properties":{"icao":"UKBV"},"geometry":{"type":"Polygon","coordinates":[[[27.76,51.47],[27.89,51.63],[27.92,51.57],[28.03,51.56],[28.28,51.69],[28.27,51.63],[28.39,51.55],[28.5,51.59],[28.68,51.57],[28.65,51.53],[28.68,51.44],[28.74,51.47],[28.78,51.42],[28.83,51.56],[28.91,51.59],[29.01,51.57],[29.09,51.64],[29.16,51.65],[29.23,51.63],[29.21,51.59],[29.27,51.56],[29.26,51.49],[29.34,51.39],[29.41,51.42],[29.51,51.4],[29.54,51.47],[29.58,51.46],[29.69,51.52],[29.73,51.52],[29.78,51.45],[30.19,51.51],[30.33,51.43],[30.36,51.4],[30.34,51.36],[30.41,51.31],[30.57,51.26],[30.57,51.31],[30.67,51.35],[30.62,51.43],[30.59,51.43],[30.63,51.46],[30.57,51.52],[30.59,51.55],[30.56,51.54],[30.52,51.61],[30.59,51.66],[30.58,51.71],[30.63,51.71],[30.66,51.76],[30.63,51.78],[30.68,51.8],[30.66,51.83],[30.75,51.9],[30.81,51.9],[30.82,51.95],[30.9,51.97],[30.89,52.0],[30.95,52.02],[30.94,52.07],[31.16,52.09],[31.28,52.04],[31.33,52.1],[31.45,52.14],[31.7,52.1],[31.87,52.11],[31.95,52.09],[31.93,52.05],[32.0,52.03],[32.36,52.13],[32.33,52.22],[32.4,52.26],[32.36,52.3],[32.39,52.34],[32.58,52.32],[32.71,52.25],[32.88,52.27],[32.91,52.24],[33.2,52.38],[33.34,52.35],[33.39,52.37],[33.42,52.34],[33.49,52.36],[33.52,52.35],[33.49,52.31],[33.55,52.3],[33.71,52.36],[33.83,52.36],[33.87,52.3],[33.91,52.31],[33.94,52.25],[34.13,52.14],[34.12,52.08],[34.08,52.06],[34.15,51.96],[34.26,51.91],[34.26,51.86],[34.43,51.83],[34.46,51.74],[34.09,51.66],[34.26,51.58],[34.3,51.51],[34.22,51.41],[34.34,51.37],[34.27,51.26],[34.33,51.24],[34.39,51.27],[34.46,51.24],[33.89,50.21],[33.62,49.31],[33.37,48.95],[32.74,48.69],[32.6,48.52],[32.65,48.38],[32.89,48.12],[32.83,47.77],[29.88,48.19],[29.29,47.81],[29.23,47.8],[29.23,47.85],[29.28,47.9],[29.22,47.88],[29.18,48.0],[29.1,47.98],[29.11,47.96],[29.09,47.94],[28.99,47.98],[28.93,47.96],[28.86,48.03],[28.84,48.13],[28.7,48.13],[28.62,48.17],[28.55,48.17],[28.5,48.11],[28.5,48.06],[28.43,48.11],[28.43,48.18],[28.38,48.18],[28.35,48.13],[28.31,48.14],[28.37,48.2],[28.35,48.25],[28.22,48.21],[28.19,48.22],[28.19,48.26],[28.1,48.23],[28.08,48.32],[27.95,48.33],[27.89,48.37],[27.83,48.42],[27.85,49.76],[27.04,50.18],[27.75,51.38],[27.76,51.47]],[[29.1,47.96],[29.1,47.97],[29.09,47.96],[29.1,47.96]]]}},{"type":"Feature","properties":{"icao":"UKDV"},"geometry":{"type":"Polygon","coordinates":[[[38.33,46.98],[37.5,46.78],[37.37,46.57],[36.7,46.58],[36.0,46.97],[35.55,47.11],[33.92,47.59],[32.83,47.77],[32.89,48.12],[32.65,48.38],[32.6,48.52],[32.74,48.69],[33.37,48.95],[33.62,49.31],[33.89,50.21],[34.45,51.23],[34.66,51.25],[34.7,51.18],[34.82,51.18],[34.96,51.24],[35.13,51.22],[35.18,51.07],[35.24,51.04],[35.31,51.07],[35.43,51.05],[35.33,51.01],[35.35,50.95],[35.41,50.93],[35.39,50.88],[35.42,50.8],[35.49,50.78],[35.5,50.68],[35.41,50.66],[35.45,50.61],[35.41,50.59],[35.51,50.48],[35.59,50.46],[35.62,50.38],[35.7,50.36],[35.82,50.44],[36.09,50.46],[36.23,50.42],[36.23,50.39],[36.3,50.36],[36.32,50.29],[36.45,50.33],[36.6,50.3],[36.57,50.28],[36.58,50.25],[36.64,50.23],[36.75,50.3],[36.96,50.36],[37.16,50.35],[37.34,50.43],[37.49,50.44],[37.47,50.39],[37.5,50.35],[37.64,50.31],[37.65,50.18],[37.76,50.09],[37.91,50.05],[38.04,49.92],[38.2,49.95],[38.22,49.98],[38.19,50.07],[38.33,50.09],[38.37,50.0],[38.46,50.0],[38.5,49.97],[38.7,49.99],[38.7,49.94],[38.85,49.87],[38.93,49.87],[38.95,49.81],[39.06,49.81],[39.19,49.88],[39.28,49.76],[39.61,49.74],[39.64,49.64],[39.8,49.57],[39.9,49.56],[40.0,49.61],[40.15,49.62],[40.21,49.56],[40.22,49.51],[40.16,49.46],[40.2,49.24],[40.03,49.18],[39.93,49.05],[39.67,49.04],[39.84,48.9],[39.71,48.72],[39.72,48.68],[39.67,48.61],[39.85,48.57],[39.85,48.47],[39.9,48.45],[39.91,48.39],[39.95,48.37],[39.85,48.32],[39.91,48.3],[39.99,48.32],[40.02,48.25],[40.0,48.22],[39.94,48.22],[39.88,48.09],[39.82,48.05],[39.82,47.96],[39.76,47.84],[39.42,47.84],[39.38,47.88],[39.11,47.84],[38.88,47.88],[38.84,47.86],[38.83,47.81],[38.79,47.81],[38.76,47.68],[38.67,47.7],[38.62,47.64],[38.37,47.61],[38.29,47.53],[38.3,47.38],[38.25,47.37],[38.22,47.31],[38.34,47.29],[38.33,47.25],[38.25,47.23],[38.23,47.13],[38.33,46.98]]]}},{"type":"Feature","properties":{"icao":"UKFV"},"geometry":{"type":"Polygon","coordinates":[[[33.92,47.59],[36.0,46.97],[36.7,46.58],[37.37,46.57],[36.68,45.45],[36.68,45.38],[36.59,45.31],[36.6,45.24],[36.53,45.21],[36.61,44.94],[36.67,44.52],[36.27,42.73],[34.0,42.78],[30.75,42.8],[30.4,44.25],[30.08,44.91],[30.36,44.88],[32.91,46.12],[32.88,46.77],[33.05,47.73],[33.92,47.59]]]}},{"type":"Feature","properties":{"icao":"UKLV"},"geometry":{"type":"Polygon","coordinates":[[[22.78,49.05],[22.9,49.01],[22.87,49.04],[22.9,49.1],[22.71,49.18],[22.81,49.33],[22.7,49.44],[22.68,49.57],[23.22,50.05],[23.7,50.34],[23.72,50.39],[23.79,50.42],[23.94,50.41],[24.06,50.46],[24.11,50.64],[24.06,50.69],[24.07,50.72],[24.02,50.73],[24.03,50.77],[23.96,50.8],[23.99,50.84],[24.11,50.84],[24.15,50.87],[24.0,50.93],[23.97,50.99],[23.92,51.01],[23.92,51.07],[23.86,51.1],[23.87,51.16],[23.75,51.21],[23.72,51.27],[23.64,51.31],[23.71,51.4],[23.65,51.46],[23.68,51.48],[23.63,51.5],[23.67,51.5],[23.69,51.54],[23.64,51.57],[23.65,51.63],[23.74,51.66],[23.83,51.63],[23.88,51.65],[23.93,51.64],[23.94,51.59],[24.06,51.58],[24.35,51.76],[24.37,51.89],[24.42,51.93],[24.75,51.9],[24.84,51.93],[25.03,51.92],[25.14,51.97],[25.28,51.98],[25.44,51.92],[25.51,51.94],[25.68,51.91],[25.78,51.95],[25.89,51.92],[26.1,51.93],[26.2,51.88],[26.41,51.87],[26.49,51.81],[26.66,51.83],[26.89,51.76],[27.17,51.79],[27.2,51.78],[27.2,51.67],[27.28,51.67],[27.23,51.6],[27.34,51.63],[27.49,51.62],[27.52,51.67],[27.54,51.64],[27.74,51.61],[27.73,51.56],[27.67,51.52],[27.76,51.48],[27.75,51.38],[27.04,50.18],[27.85,49.76],[27.83,48.42],[27.77,48.46],[27.64,48.45],[27.59,48.49],[27.4,48.41],[27.33,48.45],[27.3,48.39],[27.24,48.37],[27.21,48.4],[27.13,48.38],[27.08,48.44],[27.04,48.43],[27.05,48.39],[26.98,48.36],[26.91,48.38],[26.88,48.43],[26.72,48.41],[26.83,48.34],[26.82,48.29],[26.78,48.27],[26.69,48.35],[26.69,48.31],[26.66,48.32],[26.58,48.22],[26.32,48.19],[26.32,48.15],[26.2,48.0],[25.92,47.98],[25.73,47.93],[25.63,47.95],[25.33,47.92],[25.24,47.89],[25.12,47.76],[24.91,47.72],[24.82,47.82],[24.71,47.85],[24.58,47.97],[24.43,47.97],[24.27,47.91],[24.13,47.91],[24.01,47.97],[23.89,47.93],[23.77,48.0],[23.51,47.98],[23.4,48.0],[23.3,48.05],[23.28,48.1],[23.18,48.12],[23.13,48.09],[23.1,48.0],[23.01,47.99],[22.94,48.02],[22.95,47.96],[22.9,47.96],[22.85,47.99],[22.89,48.0],[22.89,48.04],[22.83,48.12],[22.62,48.09],[22.59,48.19],[22.5,48.26],[22.38,48.24],[22.32,48.33],[22.33,48.36],[22.27,48.36],[22.25,48.39],[22.28,48.41],[22.2,48.42],[22.13,48.38],[22.16,48.41],[22.18,48.59],[22.36,48.7],[22.39,48.86],[22.5,49.0],[22.55,49.01],[22.56,49.08],[22.59,49.1],[22.68,49.04],[22.78,49.05]]]}},{"type":"Feature","properties":{"icao":"ULLL"},"geometry":{"type":"Polygon","coordinates":[[[27.525,57.43],[27.56,57.54],[27.35,57.52],[27.33,57.58],[27.4,57.62],[27.39,57.68],[27.53,57.71],[27.5,57.79],[27.56,57.83],[27.78,57.83],[27.83,57.86],[27.81,57.91],[27.73,57.91],[27.68,57.95],[27.7,58.0],[27.61,58.03],[27.62,58.07],[27.49,58.22],[27.51,58.29],[27.44,58.37],[27.48,58.65],[27.55,58.86],[27.74,59.0],[27.81,59.13],[27.89,59.18],[27.91,59.25],[28.17,59.3],[28.21,59.4],[27.64,59.61],[25.87,59.88],[26.55,60.13],[27.48,60.23],[27.63,60.33],[27.82,60.54],[27.8,60.55],[28.15,60.74],[28.17,60.78],[28.22,60.78],[28.54,60.96],[28.66,60.95],[28.73,61.06],[28.83,61.13],[29.25,61.27],[29.5,61.45],[29.5,61.49],[29.64,61.5],[29.75,61.57],[29.81,61.65],[30.31,61.94],[30.31,61.97],[30.63,62.16],[30.66,62.21],[30.95,62.31],[30.94,62.34],[31.23,62.51],[31.38,62.67],[31.42,62.76],[31.58,62.91],[31.46,63.03],[31.28,63.11],[31.23,63.23],[30.81,63.4],[30.51,63.46],[29.98,63.75],[30.24,63.82],[30.48,64.0],[30.55,64.11],[30.47,64.2],[30.51,64.22],[30.48,64.25],[30.05,64.4],[30.06,64.46],[30.01,64.52],[30.02,64.59],[30.14,64.64],[30.04,64.73],[30.09,64.78],[29.75,64.79],[29.68,64.82],[29.7,64.84],[29.66,64.85],[29.6,64.97],[29.62,65.06],[29.89,65.1],[29.82,65.14],[29.9,65.19],[29.88,65.21],[29.61,65.25],[29.77,65.33],[29.74,65.47],[29.88,65.56],[29.73,65.63],[30.0,65.69],[30.12,65.66],[30.12,65.77],[29.92,66.13],[29.67,66.29],[29.48,66.54],[29.09,66.82],[29.03,66.94],[29.05,66.98],[29.54,67.3],[29.96,67.52],[30.03,67.68],[29.69,67.79],[29.33,68.07],[28.66,68.2],[28.45,68.55],[28.72,68.74],[28.8,68.87],[28.5,68.88],[28.43,68.91],[28.93,69.06],[29.04,69.02],[29.19,69.07],[29.31,69.18],[29.33,69.24],[29.29,69.25],[29.34,69.31],[29.62,69.33],[29.83,69.42],[29.97,69.41],[30.11,69.46],[30.19,69.56],[30.15,69.64],[30.1,69.66],[30.19,69.67],[30.54,69.54],[30.82,69.54],[30.93,69.57],[30.93,69.69],[30.88,69.71],[30.89,69.74],[30.83,69.8],[31.13,70.0],[32.08,70.17],[32.08,74.0],[35.0,74.0],[35.0,81.0],[32.0,81.0],[32.0,90.0],[191.03,90.0],[191.03,87.63],[180.0,87.63],[114.75,78.0],[89.5,77.33],[81.83,75.33],[70.68,74.5],[70.92,73.67],[68.67,73.67],[66.28,71.5],[65.67,70.83],[66.78,68.87],[68.0,68.43],[67.03,67.4],[63.43,66.47],[60.07,64.47],[59.72,63.2],[59.5,62.0],[57.22,61.17],[55.7,60.72],[52.0,60.0],[50.0,60.0],[48.67,60.33],[46.33,60.07],[45.5,59.52],[45.0,58.77],[35.82,58.58],[34.57,58.2],[32.55,57.35],[31.17,56.92],[30.94,55.62],[30.85,55.63],[30.79,55.59],[30.74,55.66],[30.66,55.66],[30.62,55.74],[30.53,55.75],[30.49,55.81],[30.29,55.83],[30.29,55.86],[30.25,55.87],[30.12,55.83],[29.88,55.85],[29.81,55.78],[29.62,55.78],[29.57,55.72],[29.48,55.7],[29.37,55.75],[29.41,55.9],[29.48,55.92],[29.44,55.96],[29.22,55.99],[29.1,56.06],[28.8,55.96],[28.72,55.97],[28.67,56.1],[28.45,56.1],[28.36,56.05],[28.26,56.09],[28.24,56.13],[28.15,56.17],[28.19,56.19],[28.18,56.23],[28.24,56.29],[28.16,56.38],[28.19,56.45],[28.13,56.52],[28.09,56.51],[28.14,56.58],[28.05,56.58],[28.01,56.68],[27.9,56.75],[27.98,56.83],[27.9,56.82],[27.87,56.88],[27.66,56.84],[27.67,56.9],[27.74,56.92],[27.77,57.0],[27.71,57.01],[27.75,57.05],[27.75,57.09],[27.72,57.1],[27.82,57.14],[27.87,57.3],[27.68,57.37],[27.67,57.4],[27.525,57.43]],[[27.76,57.09],[27.77,57.08],[27.77,57.09],[27.76,57.09]]]}},{"type":"Feature","properties":{"icao":"UMKK"},"geometry":{"type":"Polygon","coordinates":[[[18.02,56.1],[20.96,55.28],[21.3,55.26],[21.39,55.29],[21.5,55.19],[21.63,55.19],[21.91,55.08],[22.03,55.09],[22.03,55.05],[22.07,55.03],[22.28,55.07],[22.45,55.05],[22.59,55.07],[22.66,54.97],[22.71,54.98],[22.77,54.94],[22.76,54.92],[22.85,54.9],[22.89,54.83],[22.89,54.79],[22.73,54.71],[22.75,54.63],[22.69,54.6],[22.7,54.47],[22.79,54.37],[21.47,54.32],[20.54,54.37],[19.64,54.46],[17.55,55.85],[18.02,56.1]]]}},{"type":"Feature","properties":{"icao":"UMMV"},"geometry":{"type":"Polygon","coordinates":[[[23.54,51.73],[23.64,51.79],[23.61,51.84],[23.61,51.88],[23.64,51.88],[23.62,51.93],[23.7,52.0],[23.65,52.09],[23.55,52.11],[23.49,52.15],[23.51,52.18],[23.43,52.17],[23.36,52.21],[23.21,52.22],[23.21,52.27],[23.18,52.28],[23.29,52.45],[23.41,52.55],[23.56,52.61],[23.92,52.67],[23.93,52.89],[23.96,52.95],[23.88,53.08],[23.92,53.16],[23.8,53.27],[23.61,53.6],[23.61,53.74],[23.56,53.78],[23.51,53.97],[23.61,53.92],[23.77,53.93],[23.81,53.9],[23.81,53.94],[23.92,53.97],[24.0,53.94],[24.16,53.96],[24.25,53.92],[24.43,53.91],[24.71,54.02],[24.71,53.95],[24.83,53.99],[24.84,54.04],[24.8,54.08],[24.85,54.14],[24.97,54.16],[25.05,54.13],[25.23,54.26],[25.5,54.32],[25.59,54.24],[25.52,54.18],[25.54,54.16],[25.66,54.14],[25.79,54.17],[25.78,54.23],[25.81,54.25],[25.77,54.25],[25.69,54.32],[25.56,54.33],[25.64,54.42],[25.62,54.47],[25.76,54.59],[25.75,54.82],[25.91,54.94],[25.98,54.96],[26.07,54.94],[26.22,54.99],[26.28,55.09],[26.26,55.11],[26.3,55.13],[26.68,55.15],[26.67,55.2],[26.73,55.21],[26.74,55.26],[26.87,55.28],[26.85,55.31],[26.67,55.35],[26.59,55.32],[26.45,55.35],[26.56,55.39],[26.52,55.52],[26.63,55.58],[26.65,55.71],[26.79,55.68],[26.87,55.71],[26.92,55.79],[27.11,55.85],[27.17,55.85],[27.25,55.79],[27.39,55.81],[27.6,55.78],[27.65,55.93],[27.8,55.98],[27.83,56.02],[27.81,56.04],[27.91,56.05],[27.97,56.12],[28.04,56.12],[28.12,56.17],[28.36,56.05],[28.45,56.1],[28.67,56.1],[28.72,55.97],[28.85,55.96],[29.02,56.05],[29.1,56.06],[29.22,55.99],[29.44,55.96],[29.48,55.92],[29.41,55.9],[29.37,55.75],[29.48,55.7],[29.57,55.72],[29.62,55.78],[29.81,55.78],[29.88,55.85],[30.12,55.83],[30.25,55.87],[30.29,55.86],[30.29,55.83],[30.49,55.81],[30.53,55.75],[30.62,55.74],[30.66,55.66],[30.74,55.66],[30.77,55.59],[30.85,55.63],[30.94,55.62],[30.96,55.55],[30.93,55.53],[30.96,55.49],[30.9,55.47],[30.94,55.4],[30.84,55.34],[30.83,55.29],[30.91,55.26],[30.99,55.15],[31.03,55.14],[31.0,55.12],[31.03,55.05],[30.93,55.03],[30.96,55.01],[30.95,54.96],[30.84,54.95],[30.83,54.88],[30.76,54.81],[31.02,54.71],[31.0,54.67],[31.21,54.66],[31.2,54.61],[31.09,54.5],[31.24,54.47],[31.33,54.3],[31.32,54.26],[31.57,54.14],[31.78,54.12],[31.78,54.08],[31.89,54.04],[31.77,53.8],[31.9,53.78],[32.13,53.82],[32.36,53.75],[32.37,53.72],[32.47,53.73],[32.51,53.7],[32.42,53.64],[32.45,53.64],[32.44,53.6],[32.48,53.55],[32.6,53.51],[32.61,53.48],[32.65,53.5],[32.66,53.46],[32.77,53.46],[32.74,53.33],[32.51,53.29],[32.44,53.2],[32.16,53.08],[31.96,53.08],[31.83,53.12],[31.76,53.19],[31.64,53.22],[31.59,53.19],[31.43,53.21],[31.38,53.14],[31.41,53.1],[31.35,53.09],[31.33,53.04],[31.26,53.03],[31.37,52.98],[31.4,52.92],[31.48,52.86],[31.55,52.85],[31.54,52.82],[31.6,52.79],[31.61,52.74],[31.51,52.69],[31.59,52.58],[31.68,52.56],[31.6,52.51],[31.63,52.49],[31.61,52.42],[31.64,52.41],[31.61,52.32],[31.67,52.27],[31.72,52.27],[31.7,52.2],[31.78,52.19],[31.8,52.11],[31.4,52.14],[31.28,52.04],[31.16,52.09],[30.94,52.07],[30.95,52.02],[30.89,52.0],[30.9,51.97],[30.82,51.95],[30.81,51.9],[30.75,51.9],[30.66,51.83],[30.68,51.8],[30.63,51.78],[30.66,51.77],[30.63,51.71],[30.58,51.71],[30.59,51.66],[30.52,51.61],[30.56,51.54],[30.59,51.55],[30.59,51.48],[30.63,51.47],[30.59,51.43],[30.62,51.43],[30.67,51.35],[30.57,51.31],[30.57,51.26],[30.41,51.31],[30.34,51.36],[30.36,51.4],[30.33,51.43],[30.19,51.51],[29.78,51.45],[29.73,51.52],[29.69,51.52],[29.58,51.46],[29.54,51.47],[29.51,51.4],[29.41,51.42],[29.34,51.39],[29.26,51.49],[29.27,51.56],[29.21,51.59],[29.23,51.63],[29.11,51.65],[29.01,51.57],[28.91,51.59],[28.83,51.56],[28.79,51.49],[28.8,51.43],[28.77,51.42],[28.74,51.47],[28.68,51.44],[28.65,51.51],[28.68,51.57],[28.5,51.59],[28.39,51.55],[28.27,51.63],[28.28,51.69],[28.03,51.56],[27.92,51.57],[27.89,51.63],[27.84,51.59],[27.84,51.54],[27.74,51.48],[27.67,51.52],[27.73,51.56],[27.73,51.62],[27.54,51.64],[27.53,51.67],[27.49,51.62],[27.34,51.63],[27.23,51.6],[27.28,51.67],[27.2,51.67],[27.2,51.78],[27.17,51.79],[26.89,51.76],[26.66,51.83],[26.49,51.81],[26.41,51.87],[26.2,51.88],[26.1,51.93],[25.89,51.92],[25.82,51.95],[25.68,51.91],[25.51,51.94],[25.44,51.92],[25.28,51.98],[25.14,51.97],[25.03,51.92],[24.84,51.93],[24.75,51.9],[24.42,51.93],[24.37,51.89],[24.37,51.78],[24.28,51.7],[24.06,51.58],[23.94,51.59],[23.93,51.64],[23.83,51.63],[23.74,51.66],[23.65,51.63],[23.64,51.57],[23.69,51.54],[23.67,51.5],[23.57,51.54],[23.54,51.73]]]}},{"type":"Feature","properties":{"icao":"UNKL"},"geometry":{"type":"Polygon","coordinates":[[[114.75,78.0],[114.72,76.33],[114.73,73.83],[112.0,72.0],[106.5,69.25],[106.92,67.0],[107.0,65.5],[107.0,62.0],[108.03,61.27],[106.7,60.77],[102.5,58.05],[100.68,57.93],[97.53,57.45],[98.0,55.93],[96.0,54.0],[97.3,53.58],[99.0,52.88],[99.01,52.11],[98.89,52.15],[98.86,52.05],[98.7,51.82],[98.34,51.74],[98.24,51.57],[98.26,51.51],[98.23,51.46],[98.05,51.44],[97.94,51.32],[97.95,51.22],[97.83,51.0],[97.91,50.92],[98.02,50.87],[97.96,50.77],[98.05,50.65],[98.15,50.59],[98.32,50.56],[98.26,50.42],[98.28,50.31],[98.25,50.25],[98.15,50.18],[98.11,50.09],[97.91,50.0],[97.89,49.96],[97.83,49.95],[97.79,49.99],[97.69,49.95],[97.58,49.95],[97.6,49.88],[97.32,49.76],[97.19,49.77],[96.98,49.92],[96.8,49.95],[96.68,49.9],[96.66,49.98],[96.41,49.9],[96.3,49.99],[96.06,50.02],[95.95,49.98],[95.88,50.04],[95.82,50.04],[95.77,50.02],[95.75,49.97],[95.48,49.92],[95.08,49.96],[94.98,50.06],[94.62,50.03],[94.51,50.17],[94.41,50.21],[94.35,50.46],[94.28,50.58],[93.46,50.6],[93.13,50.56],[92.98,50.63],[93.03,50.76],[93.0,50.79],[92.82,50.79],[92.75,50.76],[92.75,50.71],[92.62,50.7],[92.62,50.76],[92.45,50.79],[92.39,50.89],[92.33,50.89],[92.3,50.85],[92.29,50.72],[92.2,50.68],[92.02,50.68],[91.85,50.74],[91.75,50.72],[91.66,50.67],[91.66,50.58],[91.44,50.55],[91.44,50.46],[90.8,50.46],[90.74,50.49],[90.67,50.34],[90.78,50.29],[90.76,50.25],[90.68,50.21],[90.66,50.16],[90.54,50.18],[90.36,50.14],[90.27,50.02],[90.09,50.04],[89.9,49.98],[89.84,50.0],[89.66,49.98],[89.45,51.0],[88.28,51.53],[89.05,52.83],[88.67,54.58],[89.08,56.07],[88.17,57.35],[87.93,58.75],[83.0,60.92],[84.8,63.45],[82.78,66.55],[80.0,68.67],[78.58,70.87],[76.0,71.88],[74.47,72.98],[70.92,73.67],[70.68,74.5],[81.83,75.33],[89.5,77.33],[114.75,78.0]]]}},{"type":"Feature","properties":{"icao":"UNNT"},"geometry":{"type":"Polygon","coordinates":[[[83.0,60.92],[87.93,58.75],[88.17,57.35],[89.08,56.07],[88.67,54.58],[89.05,52.83],[88.28,51.53],[89.45,51.0],[89.66,49.98],[89.61,49.97],[89.6,49.93],[89.64,49.91],[89.64,49.82],[89.74,49.8],[89.7,49.72],[89.44,49.66],[89.38,49.59],[89.22,49.65],[89.19,49.59],[89.23,49.55],[89.11,49.5],[88.96,49.48],[88.93,49.56],[88.89,49.56],[88.85,49.52],[88.86,49.45],[88.69,49.47],[88.64,49.53],[88.56,49.48],[88.34,49.51],[88.22,49.49],[88.18,49.47],[88.19,49.43],[88.1,49.37],[88.2,49.3],[88.13,49.24],[88.06,49.27],[87.98,49.18],[87.51,49.14],[87.5,49.1],[87.38,49.08],[87.31,49.1],[87.27,49.22],[87.05,49.25],[87.0,49.3],[86.94,49.3],[86.9,49.35],[86.91,49.41],[86.81,49.45],[86.82,49.51],[86.78,49.53],[86.8,49.55],[86.63,49.58],[86.62,49.64],[86.78,49.71],[86.8,49.8],[86.61,49.8],[86.59,49.74],[86.43,49.64],[86.23,49.58],[86.24,49.55],[86.17,49.46],[86.11,49.52],[85.95,49.49],[85.93,49.55],[85.65,49.56],[85.58,49.6],[85.49,49.6],[85.42,49.56],[85.27,49.59],[85.19,49.65],[85.21,49.72],[85.11,49.87],[84.98,49.92],[84.99,50.0],[85.03,50.0],[85.0,50.06],[84.91,50.1],[84.85,50.09],[84.8,50.14],[84.56,50.2],[84.48,50.25],[84.32,50.22],[84.23,50.31],[84.26,50.34],[84.21,50.45],[84.24,50.51],[83.99,50.7],[83.92,50.82],[83.59,50.95],[83.41,50.98],[83.44,51.02],[83.21,50.99],[83.11,51.02],[83.1,50.97],[83.0,50.9],[82.75,50.94],[82.69,50.81],[82.53,50.75],[82.28,50.78],[82.22,50.74],[82.14,50.74],[82.01,50.8],[81.88,50.81],[81.8,50.78],[81.79,50.82],[81.77,50.77],[81.45,50.76],[81.48,50.83],[81.43,50.87],[81.45,50.91],[81.41,50.98],[81.07,50.95],[81.09,51.05],[81.16,51.15],[81.14,51.21],[81.07,51.17],[80.92,51.22],[80.93,51.25],[80.67,51.31],[80.63,51.27],[80.63,51.21],[80.44,51.21],[80.44,51.12],[80.48,51.08],[80.47,50.97],[80.2,50.91],[80.19,50.83],[80.07,50.85],[80.08,50.76],[79.28,51.82],[78.03,53.17],[77.77,53.37],[76.58,53.97],[76.43,54.13],[76.43,54.17],[76.62,54.16],[76.64,54.13],[76.75,54.16],[76.84,54.23],[76.87,54.31],[76.84,54.37],[76.78,54.38],[76.94,54.43],[76.93,54.46],[76.74,54.42],[76.66,54.35],[76.52,54.33],[76.32,54.33],[76.23,54.36],[76.21,54.31],[76.23,54.27],[75.71,54.13],[75.41,54.09],[75.49,54.0],[75.47,53.98],[75.02,53.78],[75.0,53.81],[74.8,53.82],[74.76,53.75],[74.69,53.76],[74.65,53.67],[74.47,53.68],[74.44,53.6],[74.49,53.58],[74.4,53.46],[74.28,53.49],[74.29,53.52],[74.24,53.59],[74.17,53.6],[74.15,53.55],[74.06,53.56],[74.07,53.63],[73.9,53.65],[73.84,53.59],[73.67,53.62],[73.65,53.56],[73.6,53.57],[73.58,53.52],[73.45,53.44],[73.38,53.48],[73.4,53.53],[73.25,53.57],[73.28,53.64],[73.26,53.68],[73.33,53.69],[73.35,53.8],[73.46,53.81],[73.43,53.85],[73.46,53.88],[73.69,53.86],[73.75,54.05],[73.63,54.07],[73.63,54.04],[73.51,54.01],[73.54,53.95],[73.42,53.99],[73.41,53.96],[73.29,53.95],[73.08,53.99],[73.04,54.05],[72.98,54.05],[72.98,54.1],[72.6,54.13],[72.54,54.11],[72.52,54.05],[72.67,54.05],[72.72,53.95],[72.55,53.99],[72.48,53.91],[72.38,53.95],[72.42,54.04],[72.36,54.09],[72.5,54.11],[72.49,54.14],[72.31,54.19],[72.32,54.24],[72.28,54.25],[72.26,54.32],[72.18,54.36],[72.04,54.36],[72.13,54.29],[72.08,54.23],[72.19,54.19],[72.17,54.13],[72.09,54.15],[72.06,54.21],[72.01,54.23],[71.77,54.25],[71.73,54.21],[71.75,54.14],[71.66,54.1],[71.51,54.11],[71.5,54.16],[71.4,54.18],[71.31,54.18],[71.21,54.11],[71.16,54.11],[71.13,54.18],[71.07,54.2],[71.11,54.25],[71.02,54.29],[71.02,54.35],[71.15,54.32],[71.22,54.34],[71.2,54.59],[71.3,54.61],[71.3,54.67],[71.16,54.7],[71.06,54.77],[71.05,54.84],[71.0,54.88],[71.02,55.05],[70.85,55.23],[70.82,55.3],[70.65,55.26],[70.46,55.28],[70.4,55.2],[70.15,55.13],[70.05,55.19],[69.92,55.21],[69.86,55.29],[69.69,55.34],[69.47,55.34],[69.37,55.37],[69.18,55.34],[69.16,55.37],[69.22,55.67],[71.17,57.7],[72.8,58.17],[73.87,59.0],[76.48,60.35],[77.05,60.72],[77.03,60.85],[77.38,60.95],[80.17,60.67],[83.0,60.92]]]}},{"type":"Feature","properties":{"icao":"URRV"},"geometry":{"type":"Polygon","coordinates":[[[38.84,47.86],[39.04,47.87],[39.13,47.84],[39.38,47.88],[39.42,47.84],[39.76,47.84],[39.82,47.96],[39.82,48.05],[39.88,48.09],[39.94,48.22],[40.0,48.22],[40.02,48.25],[39.99,48.32],[39.95,48.3],[39.85,48.32],[39.95,48.37],[39.91,48.39],[39.9,48.45],[39.85,48.47],[39.85,48.57],[39.67,48.61],[39.72,48.68],[39.71,48.72],[39.84,48.89],[39.67,49.04],[39.93,49.05],[40.03,49.18],[40.2,49.24],[40.17,49.39],[43.77,51.1],[44.98,51.2],[45.78,50.62],[47.51,50.46],[47.44,50.42],[47.41,50.34],[47.3,50.31],[47.33,50.24],[47.26,50.2],[47.34,50.11],[47.27,50.01],[47.11,49.9],[46.92,49.87],[46.89,49.84],[46.87,49.65],[46.82,49.56],[46.78,49.33],[47.02,49.21],[47.05,49.14],[46.94,49.0],[46.78,48.94],[46.49,48.44],[46.92,48.34],[47.1,48.21],[47.12,48.16],[47.09,48.11],[47.21,48.07],[47.02,47.99],[47.15,47.86],[47.16,47.83],[47.12,47.82],[47.14,47.79],[47.21,47.74],[47.38,47.68],[47.41,47.82],[47.71,47.74],[48.06,47.76],[48.22,47.64],[48.38,47.43],[48.61,47.41],[48.64,47.25],[48.73,47.09],[49.01,46.77],[48.91,46.69],[48.83,46.68],[48.73,46.7],[48.66,46.77],[48.57,46.77],[48.5,46.72],[48.48,46.66],[48.59,46.6],[48.64,46.61],[48.67,46.56],[48.78,46.54],[48.82,46.48],[49.04,46.39],[49.19,46.37],[49.27,46.3],[49.43,46.23],[49.43,46.13],[49.5,45.92],[49.5,42.83],[50.0,42.63],[48.6,41.84],[48.51,41.88],[48.4,41.61],[48.25,41.52],[48.05,41.49],[48.03,41.43],[47.94,41.36],[47.9,41.23],[47.73,41.19],[47.63,41.24],[47.54,41.21],[47.48,41.27],[47.26,41.32],[47.25,41.4],[47.21,41.41],[47.23,41.44],[47.12,41.58],[47.01,41.56],[47.0,41.63],[46.92,41.68],[46.92,41.72],[46.84,41.73],[46.75,41.86],[46.55,41.81],[46.53,41.88],[46.43,41.89],[46.38,41.96],[46.31,41.94],[46.25,42.0],[46.17,41.99],[46.13,42.02],[46.1,41.99],[46.07,42.04],[45.93,42.03],[45.91,42.09],[45.64,42.19],[45.61,42.21],[45.64,42.29],[45.75,42.31],[45.72,42.33],[45.73,42.39],[45.78,42.46],[45.58,42.55],[45.33,42.53],[45.17,42.7],[45.08,42.69],[44.96,42.75],[44.88,42.75],[44.78,42.62],[44.69,42.75],[44.49,42.75],[44.41,42.71],[44.3,42.71],[44.22,42.63],[44.03,42.61],[43.97,42.56],[43.76,42.59],[43.73,42.64],[43.81,42.73],[43.79,42.75],[43.64,42.8],[43.56,42.87],[43.19,42.93],[43.04,43.03],[43.04,43.09],[42.93,43.12],[42.9,43.17],[42.77,43.19],[42.67,43.17],[42.67,43.14],[42.45,43.21],[42.46,43.25],[42.06,43.19],[41.88,43.25],[41.82,43.2],[41.75,43.23],[41.62,43.22],[41.43,43.3],[41.41,43.36],[41.31,43.33],[41.13,43.4],[41.06,43.38],[41.01,43.43],[40.95,43.42],[40.89,43.46],[40.9,43.48],[40.67,43.56],[40.53,43.52],[40.44,43.56],[40.1,43.57],[39.92,43.19],[40.33,41.9],[37.72,42.68],[36.27,42.73],[36.67,44.52],[36.61,44.94],[36.53,45.21],[36.6,45.24],[36.59,45.31],[36.68,45.38],[36.68,45.45],[37.5,46.78],[38.33,46.98],[38.23,47.12],[38.25,47.23],[38.33,47.25],[38.34,47.29],[38.22,47.31],[38.31,47.41],[38.29,47.53],[38.37,47.61],[38.47,47.61],[38.46,47.64],[38.62,47.64],[38.67,47.7],[38.76,47.68],[38.79,47.81],[38.83,47.81],[38.84,47.86]]]}},{"type":"Feature","properties":{"icao":"USSV"},"geometry":{"type":"MultiPolygon","coordinates":[[[[62.49,54.03],[62.07,54.06],[62.0,54.03],[62.03,53.95],[61.89,53.96],[61.87,53.97],[61.91,54.01],[61.84,54.01],[61.86,54.03],[61.79,53.98],[61.74,54.03],[61.66,54.01],[61.61,53.95],[61.58,54.0],[61.5,54.02],[61.48,54.07],[61.39,54.09],[61.25,54.02],[61.28,53.98],[61.25,53.91],[61.19,53.92],[61.17,53.96],[61.0,53.93],[60.98,53.9],[61.14,53.88],[61.22,53.8],[61.05,53.7],[61.04,53.64],[60.92,53.67],[60.91,53.62],[61.34,53.56],[61.52,53.59],[61.59,53.53],[61.59,53.5],[61.48,53.46],[61.25,53.5],[61.24,53.44],[61.16,53.39],[61.18,53.3],[61.24,53.27],[61.4,53.27],[61.51,53.21],[61.68,53.25],[61.8,53.16],[62.11,53.12],[62.14,53.01],[62.02,52.95],[61.89,53.01],[61.71,53.0],[61.64,52.96],[61.46,53.04],[61.38,52.99],[61.24,53.03],[61.12,52.97],[61.03,52.98],[61.07,52.91],[60.83,52.76],[60.73,52.75],[60.71,52.65],[60.83,52.63],[60.85,52.52],[60.97,52.51],[61.07,52.34],[60.96,52.27],[60.79,52.23],[60.7,52.16],[60.53,52.17],[60.3,52.02],[60.07,51.99],[60.05,51.95],[58.32,52.58],[57.57,53.27],[58.65,54.2],[57.88,55.7],[56.08,56.5],[53.67,56.5],[52.2,56.42],[51.88,56.37],[50.8,56.47],[47.92,57.3],[46.75,57.23],[46.93,58.17],[45.0,58.77],[45.5,59.52],[46.33,60.07],[48.67,60.33],[50.0,60.0],[52.0,60.0],[55.7,60.72],[57.22,61.17],[59.5,62.0],[63.2,62.08],[63.67,61.28],[63.7,60.75],[64.13,59.5],[63.73,59.03],[64.13,57.82],[63.75,57.38],[63.75,57.0],[65.03,56.87],[68.33,55.82],[69.22,55.67],[69.16,55.37],[69.06,55.42],[68.94,55.43],[68.92,55.36],[69.0,55.34],[69.01,55.29],[68.75,55.36],[68.62,55.19],[68.18,55.19],[68.2,55.13],[68.29,55.07],[68.22,55.02],[68.21,54.96],[68.01,54.94],[67.87,54.98],[67.81,54.96],[67.76,54.88],[67.64,54.85],[67.31,54.87],[67.28,54.82],[67.08,54.8],[67.05,54.77],[66.8,54.77],[66.74,54.73],[66.39,54.7],[66.02,54.62],[65.95,54.63],[65.97,54.71],[65.83,54.69],[65.76,54.6],[65.49,54.65],[65.45,54.63],[65.48,54.57],[65.35,54.58],[65.2,54.52],[65.19,54.45],[65.24,54.37],[65.22,54.34],[65.11,54.34],[64.98,54.42],[64.76,54.36],[64.75,54.4],[64.62,54.4],[64.6,54.37],[64.49,54.37],[64.45,54.33],[64.08,54.32],[64.03,54.28],[63.99,54.31],[63.98,54.28],[63.81,54.28],[63.41,54.19],[63.2,54.2],[63.15,54.18],[63.17,54.15],[63.13,54.11],[62.82,54.12],[62.77,54.09],[62.61,54.08],[62.57,54.06],[62.59,53.98],[62.54,53.9],[62.45,53.93],[62.39,54.0],[62.49,54.03]]],[[[62.62,54.08],[62.62,54.07],[62.61,54.07],[62.62,54.08]]]]}},{"type":"Feature","properties":{"icao":"USTV"},"geometry":{"type":"Polygon","coordinates":[[[70.92,73.67],[74.47,72.98],[76.0,71.88],[78.58,70.87],[80.0,68.67],[82.78,66.55],[84.8,63.45],[83.0,60.92],[80.17,60.67],[77.38,60.95],[77.03,60.85],[77.05,60.72],[76.48,60.35],[73.87,59.0],[72.8,58.17],[71.17,57.7],[69.22,55.67],[68.33,55.82],[65.03,56.87],[63.75,57.0],[63.75,57.38],[64.13,57.82],[63.73,59.03],[64.13,59.5],[63.7,60.75],[63.67,61.28],[63.2,62.08],[59.5,62.0],[59.72,63.2],[60.07,64.47],[63.43,66.47],[67.03,67.4],[68.0,68.43],[66.78,68.87],[65.67,70.83],[66.28,71.5],[68.67,73.67],[70.92,73.67]]]}},{"type":"Feature","properties":{"icao":"UTAK"},"geometry":{"type":"Polygon","coordinates":[[[54.78,37.51],[54.68,37.44],[54.58,37.46],[54.39,37.35],[54.24,37.31],[53.98,37.33],[51.5,37.9],[51.5,42.0],[52.46,41.77],[53.06,42.15],[53.62,42.3],[54.21,42.34],[54.84,42.02],[54.96,41.91],[54.95,41.82],[55.05,41.74],[55.17,41.54],[55.3,41.4],[55.48,41.27],[55.55,41.25],[55.58,41.28],[55.62,41.24],[55.65,41.28],[55.74,41.3],[55.82,41.28],[55.86,41.32],[56.0,41.32],[57.62,40.32],[56.45,40.06],[55.57,39.28],[55.46,38.11],[55.48,38.09],[55.27,37.98],[55.13,37.95],[54.95,37.8],[54.85,37.76],[54.78,37.63],[54.82,37.61],[54.78,37.51]]]}},{"type":"Feature","properties":{"icao":"UTDD"},"geometry":{"type":"Polygon","coordinates":[[[68.67,37.24],[68.52,37.16],[68.43,37.15],[68.38,37.1],[68.3,37.11],[68.26,37.0],[68.19,37.02],[68.04,36.93],[67.9,37.02],[67.89,37.07],[67.78,37.1],[67.83,37.27],[67.85,37.53],[68.02,37.71],[68.13,37.88],[68.28,37.92],[68.28,37.98],[68.37,38.08],[68.4,38.19],[68.32,38.29],[68.23,38.33],[68.2,38.41],[68.11,38.41],[68.14,38.47],[68.07,38.54],[68.09,38.65],[68.06,38.71],[68.13,38.74],[68.07,38.8],[68.2,38.85],[68.2,38.93],[68.06,39.03],[67.7,39.0],[67.68,39.14],[67.59,39.19],[67.46,39.2],[67.4,39.27],[67.39,39.3],[67.52,39.32],[67.43,39.53],[67.49,39.52],[67.51,39.58],[67.63,39.6],[67.71,39.66],[68.11,39.56],[68.51,39.53],[68.54,39.59],[68.63,39.65],[68.59,39.74],[68.65,39.8],[68.65,39.86],[68.73,39.87],[68.76,39.82],[68.82,39.87],[68.78,39.98],[68.82,39.97],[68.86,39.87],[68.91,39.88],[68.81,40.0],[68.82,40.04],[68.79,40.07],[68.82,40.08],[68.86,40.03],[68.89,40.07],[69.01,40.07],[68.99,40.15],[68.87,40.15],[68.64,40.09],[68.54,40.14],[68.98,40.22],[69.31,40.19],[69.25,40.29],[69.33,40.3],[69.34,40.35],[69.23,40.55],[69.36,40.59],[69.35,40.72],[69.4,40.78],[69.53,40.77],[69.58,40.69],[69.72,40.63],[69.78,40.7],[69.92,40.7],[70.17,40.84],[70.37,40.89],[70.4,41.01],[70.44,41.04],[70.48,41.04],[70.67,40.86],[70.71,40.78],[70.66,40.81],[70.65,40.76],[70.76,40.75],[70.79,40.72],[70.58,40.56],[70.52,40.56],[70.48,40.5],[70.33,40.46],[70.34,40.43],[70.4,40.37],[70.55,40.35],[70.58,40.3],[70.57,40.24],[70.63,40.17],[70.97,40.23],[70.97,40.16],[70.91,40.14],[70.83,40.17],[70.78,40.1],[70.66,40.08],[70.63,39.97],[70.51,39.93],[70.46,39.95],[70.56,40.03],[70.4,40.07],[70.33,40.12],[70.2,40.13],[70.04,40.24],[69.69,40.11],[69.53,40.09],[69.53,39.93],[69.45,39.9],[69.38,40.0],[69.35,40.0],[69.3,39.86],[69.28,39.79],[69.36,39.59],[69.34,39.54],[69.48,39.52],[69.63,39.59],[69.75,39.59],[69.86,39.52],[69.93,39.58],[70.0,39.54],[70.05,39.57],[70.06,39.52],[70.08,39.57],[70.13,39.59],[70.14,39.56],[70.18,39.56],[70.21,39.6],[70.3,39.53],[70.37,39.59],[70.47,39.58],[70.51,39.62],[70.66,39.57],[70.75,39.49],[70.77,39.39],[70.91,39.38],[70.94,39.43],[70.99,39.4],[71.07,39.41],[71.1,39.51],[71.19,39.51],[71.24,39.55],[71.31,39.52],[71.35,39.58],[71.41,39.57],[71.5,39.61],[71.56,39.57],[71.56,39.45],[71.76,39.46],[71.8,39.43],[71.8,39.38],[71.75,39.32],[71.8,39.27],[71.92,39.28],[71.94,39.32],[72.04,39.37],[72.11,39.26],[72.17,39.26],[72.25,39.17],[72.34,39.33],[72.48,39.35],[72.5,39.38],[72.58,39.35],[72.62,39.39],[72.68,39.39],[72.77,39.34],[72.92,39.37],[73.18,39.35],[73.22,39.36],[73.24,39.41],[73.36,39.4],[73.38,39.45],[73.66,39.47],[73.67,39.36],[73.56,39.25],[73.62,39.24],[73.69,39.16],[73.74,39.03],[73.81,39.04],[73.85,38.98],[73.84,38.94],[73.76,38.94],[73.7,38.87],[73.81,38.63],[73.78,38.61],[73.9,38.57],[73.91,38.54],[74.08,38.53],[74.07,38.57],[74.13,38.67],[74.34,38.66],[74.51,38.63],[74.71,38.52],[74.78,38.53],[74.82,38.48],[74.87,38.5],[74.87,38.4],[74.78,38.34],[74.78,38.26],[74.82,38.08],[74.87,38.02],[74.91,38.02],[74.93,37.89],[74.91,37.83],[75.0,37.77],[74.9,37.67],[74.92,37.57],[74.96,37.53],[75.06,37.53],[75.14,37.43],[75.1,37.38],[75.12,37.32],[74.93,37.29],[74.91,37.24],[74.88,37.24],[74.82,37.34],[74.68,37.4],[74.39,37.39],[74.38,37.42],[74.34,37.42],[74.24,37.41],[74.25,37.37],[74.2,37.33],[74.15,37.35],[73.75,37.22],[73.68,37.25],[73.65,37.23],[73.61,37.27],[73.77,37.34],[73.76,37.43],[73.57,37.44],[73.51,37.47],[73.37,37.44],[73.3,37.46],[73.2,37.4],[73.14,37.4],[73.08,37.32],[72.79,37.22],[72.67,37.02],[72.32,36.98],[71.81,36.68],[71.66,36.68],[71.56,36.76],[71.43,37.05],[71.5,37.31],[71.47,37.38],[71.52,37.47],[71.49,37.53],[71.5,37.6],[71.55,37.71],[71.53,37.76],[71.59,37.8],[71.59,37.91],[71.54,37.95],[71.33,37.88],[71.29,37.93],[71.25,37.92],[71.32,38.11],[71.37,38.16],[71.37,38.24],[71.32,38.3],[71.18,38.34],[71.1,38.42],[71.04,38.4],[70.98,38.48],[70.94,38.47],[70.95,38.43],[70.86,38.46],[70.85,38.43],[70.77,38.45],[70.73,38.41],[70.68,38.41],[70.68,38.36],[70.6,38.34],[70.6,38.28],[70.55,38.25],[70.5,38.12],[70.37,38.06],[70.27,37.97],[70.28,37.94],[70.2,37.92],[70.18,37.95],[70.18,37.86],[70.28,37.82],[70.31,37.7],[70.27,37.61],[70.21,37.6],[70.17,37.53],[69.95,37.56],[69.91,37.62],[69.82,37.57],[69.52,37.59],[69.49,37.52],[69.37,37.42],[69.42,37.23],[69.46,37.23],[69.27,37.1],[69.15,37.15],[68.97,37.32],[68.89,37.33],[68.92,37.27],[68.83,37.32],[68.81,37.24],[68.77,37.29],[68.68,37.28],[68.67,37.24]]]}},{"type":"Feature","properties":{"icao":"UZSD"},"geometry":{"type":"Polygon","coordinates":[[[62.17,40.47],[63.9,41.4],[66.0,41.0],[67.8,40.12],[67.49,39.58],[67.5,39.53],[67.43,39.53],[67.52,39.32],[67.39,39.29],[67.44,39.21],[67.59,39.19],[67.68,39.14],[67.7,39.0],[68.06,39.03],[68.2,38.93],[68.2,38.85],[68.07,38.8],[68.13,38.74],[68.06,38.71],[68.09,38.65],[68.07,38.54],[68.14,38.47],[68.11,38.41],[68.2,38.41],[68.23,38.33],[68.32,38.29],[68.4,38.19],[68.37,38.08],[68.28,37.98],[68.28,37.92],[68.13,37.88],[68.02,37.71],[67.85,37.53],[67.83,37.27],[67.79,37.18],[67.75,37.22],[67.64,37.25],[67.56,37.23],[67.51,37.27],[67.28,37.18],[67.19,37.26],[67.12,37.27],[67.06,37.36],[66.97,37.39],[66.83,37.35],[66.53,37.35],[66.53,37.4],[66.65,37.45],[66.53,37.61],[66.55,37.8],[66.68,37.92],[66.68,37.96],[66.62,38.01],[66.57,38.04],[66.4,38.03],[66.24,38.16],[66.14,38.17],[65.9,38.28],[65.76,38.24],[65.53,38.3],[65.26,38.43],[65.04,38.61],[64.55,38.82],[64.33,38.99],[64.18,38.96],[64.03,39.04],[63.69,39.25],[63.53,39.39],[62.49,39.95],[62.17,40.47]]]}},{"type":"Feature","properties":{"icao":"UZTR"},"geometry":{"type":"Polygon","coordinates":[[[67.346,41.2],[67.78,41.2],[67.85,41.16],[67.94,41.18],[68.15,41.04],[68.111,40.908],[68.634,40.709],[68.59,40.74],[68.57,40.86],[68.59,40.92],[68.75,40.99],[68.81,41.1],[68.99,41.25],[69.0,41.31],[69.09,41.34],[69.18,41.45],[69.42,41.45],[69.44,41.47],[69.41,41.51],[69.52,41.56],[69.62,41.66],[69.83,41.72],[69.95,41.71],[69.99,41.79],[70.04,41.76],[70.07,41.81],[70.16,41.84],[70.24,41.94],[70.31,41.96],[70.32,42.03],[70.41,42.13],[70.63,42.0],[70.69,42.13],[70.76,42.19],[70.79,42.21],[70.84,42.19],[70.95,42.26],[70.93,42.0],[71.07,41.58],[71.57,41.25],[72.12,41.13],[72.58,40.67],[72.53,40.52],[71.95,40.2],[70.78,40.1],[70.83,40.17],[70.91,40.14],[70.97,40.16],[70.98,40.22],[70.9,40.23],[70.78,40.18],[70.63,40.17],[70.57,40.24],[70.58,40.3],[70.55,40.35],[70.4,40.37],[70.33,40.45],[70.48,40.5],[70.52,40.56],[70.58,40.56],[70.79,40.72],[70.76,40.75],[70.65,40.76],[70.66,40.81],[70.71,40.78],[70.67,40.86],[70.48,41.04],[70.41,41.03],[70.37,40.89],[70.17,40.84],[69.92,40.7],[69.78,40.7],[69.72,40.63],[69.58,40.69],[69.53,40.77],[69.4,40.78],[69.35,40.72],[69.36,40.59],[69.23,40.55],[69.27,40.467],[69.953,40.207],[70.04,40.24],[70.2,40.13],[70.33,40.12],[70.4,40.07],[70.56,40.03],[70.528,39.988],[70.6,39.96],[70.78,39.67],[70.21,39.6],[70.18,39.56],[70.14,39.56],[70.13,39.59],[70.08,39.57],[70.06,39.52],[70.05,39.57],[70.0,39.54],[69.93,39.58],[69.86,39.52],[69.75,39.59],[69.63,39.59],[69.48,39.52],[69.4,39.55],[69.37,39.52],[69.34,39.54],[69.36,39.59],[69.28,39.79],[69.35,40.0],[69.38,40.0],[69.43,39.91],[69.48,39.9],[69.53,39.93],[69.53,40.09],[69.69,40.11],[69.915,40.192],[69.28,40.433],[69.34,40.33],[69.31,40.29],[69.25,40.29],[69.25,40.26],[69.3,40.24],[69.31,40.19],[68.98,40.22],[68.54,40.14],[68.64,40.09],[68.87,40.15],[68.99,40.15],[69.01,40.07],[68.89,40.07],[68.86,40.03],[68.8,40.08],[68.81,40.0],[68.91,39.88],[68.86,39.87],[68.82,39.97],[68.78,39.98],[68.82,39.87],[68.76,39.82],[68.73,39.87],[68.65,39.86],[68.65,39.8],[68.59,39.74],[68.63,39.65],[68.54,39.59],[68.51,39.53],[68.35,39.53],[68.05,39.57],[67.71,39.66],[67.63,39.6],[67.5,39.57],[67.8,40.12],[66.0,41.0],[63.9,41.4],[62.17,40.47],[61.33,41.17],[60.25,41.33],[60.0,42.0],[59.55,42.3],[58.83,42.5],[57.0,42.0],[56.0,41.32],[56.0,45.0],[58.62,45.61],[60.46,44.66],[61.05,44.31],[61.05,44.38],[61.07,44.34],[61.09,44.37],[61.1,44.27],[61.14,44.21],[61.13,44.26],[62.0,43.49],[63.62,42.62],[63.89,42.517],[65.72,43.04],[65.76,43.02],[65.83,42.87],[66.1,42.96],[66.11,42.35],[66.02,42.38],[66.01,42.36],[66.01,41.94],[66.53,41.9],[66.579,41.493],[67.346,41.2]],[[66.582,41.456],[66.61,41.25],[67.225,41.213],[66.582,41.456]],[[70.491,39.974],[70.46,39.94],[70.58,39.94],[70.491,39.974]],[[68.649,40.672],[68.1,40.88],[68.05,40.84],[68.05,40.81],[68.21,40.7],[68.48,40.59],[68.64,40.61],[68.649,40.672]]]}},{"type":"Feature","properties":{"icao":"UUWV"},"geometry":{"type":"Polygon","coordinates":[[[30.94,55.62],[31.17,56.92],[32.55,57.35],[34.57,58.2],[35.82,58.58],[45.0,58.77],[46.93,58.17],[46.43,55.6],[46.58,54.82],[43.85,54.63],[42.47,53.5],[42.87,52.33],[42.58,51.53],[43.03,50.75],[40.17,49.39],[40.16,49.46],[40.22,49.52],[40.15,49.62],[40.0,49.61],[39.9,49.56],[39.8,49.57],[39.64,49.64],[39.61,49.74],[39.34,49.74],[39.26,49.77],[39.19,49.88],[39.06,49.81],[38.95,49.81],[38.93,49.87],[38.85,49.87],[38.7,49.94],[38.7,49.99],[38.5,49.97],[38.46,50.0],[38.37,50.0],[38.33,50.09],[38.19,50.07],[38.22,49.98],[38.2,49.95],[38.04,49.92],[37.91,50.05],[37.76,50.09],[37.65,50.18],[37.64,50.31],[37.5,50.35],[37.47,50.39],[37.49,50.44],[37.34,50.43],[37.16,50.35],[36.96,50.36],[36.75,50.3],[36.64,50.23],[36.58,50.25],[36.57,50.28],[36.6,50.3],[36.45,50.33],[36.32,50.29],[36.3,50.36],[36.23,50.39],[36.23,50.42],[36.09,50.46],[35.82,50.44],[35.7,50.36],[35.62,50.38],[35.59,50.46],[35.51,50.48],[35.41,50.59],[35.45,50.61],[35.41,50.66],[35.5,50.68],[35.49,50.78],[35.42,50.8],[35.39,50.88],[35.41,50.93],[35.35,50.95],[35.33,51.01],[35.42,51.03],[35.42,51.06],[35.31,51.07],[35.24,51.04],[35.18,51.07],[35.13,51.22],[35.09,51.23],[34.96,51.24],[34.82,51.18],[34.7,51.18],[34.66,51.25],[34.27,51.26],[34.34,51.37],[34.22,51.41],[34.3,51.51],[34.26,51.58],[34.09,51.66],[34.44,51.73],[34.46,51.74],[34.43,51.83],[34.26,51.86],[34.26,51.91],[34.15,51.96],[34.08,52.06],[34.12,52.08],[34.13,52.14],[33.94,52.25],[33.91,52.31],[33.87,52.3],[33.83,52.36],[33.71,52.36],[33.55,52.3],[33.49,52.31],[33.52,52.34],[33.49,52.36],[33.42,52.34],[33.39,52.37],[33.34,52.35],[33.2,52.38],[32.91,52.24],[32.88,52.27],[32.71,52.25],[32.58,52.32],[32.39,52.34],[32.36,52.3],[32.4,52.26],[32.33,52.22],[32.37,52.14],[32.3,52.1],[32.0,52.03],[31.93,52.05],[31.95,52.09],[31.81,52.1],[31.78,52.19],[31.7,52.2],[31.72,52.27],[31.67,52.27],[31.61,52.32],[31.64,52.41],[31.61,52.42],[31.63,52.49],[31.6,52.51],[31.68,52.56],[31.59,52.58],[31.51,52.69],[31.61,52.74],[31.6,52.79],[31.54,52.82],[31.55,52.85],[31.48,52.86],[31.4,52.92],[31.37,52.98],[31.26,53.03],[31.33,53.04],[31.35,53.09],[31.41,53.1],[31.38,53.14],[31.43,53.21],[31.59,53.19],[31.64,53.22],[31.76,53.19],[31.83,53.12],[31.96,53.08],[32.16,53.08],[32.44,53.2],[32.51,53.29],[32.74,53.33],[32.77,53.46],[32.66,53.46],[32.65,53.5],[32.61,53.48],[32.6,53.51],[32.48,53.55],[32.44,53.6],[32.45,53.64],[32.42,53.64],[32.51,53.7],[32.47,53.73],[32.37,53.72],[32.36,53.75],[32.13,53.82],[31.9,53.78],[31.77,53.8],[31.89,54.04],[31.78,54.08],[31.78,54.12],[31.57,54.14],[31.32,54.26],[31.33,54.3],[31.24,54.47],[31.09,54.5],[31.2,54.61],[31.21,54.66],[31.0,54.67],[31.02,54.71],[30.76,54.81],[30.83,54.88],[30.84,54.95],[30.95,54.96],[30.96,55.01],[30.93,55.03],[31.03,55.05],[31.0,55.09],[31.03,55.14],[30.99,55.15],[30.91,55.26],[30.83,55.29],[30.84,55.34],[30.94,55.4],[30.9,55.46],[30.96,55.49],[30.93,55.53],[30.96,55.55],[30.94,55.62]]]}},{"type":"Feature","properties":{"icao":"UWWW"},"geometry":{"type":"Polygon","coordinates":[[[47.62,50.44],[45.78,50.62],[44.98,51.2],[43.77,51.1],[43.03,50.75],[42.58,51.53],[42.87,52.33],[42.47,53.5],[43.85,54.63],[46.58,54.82],[46.43,55.6],[46.75,57.23],[47.92,57.3],[50.8,56.47],[51.88,56.37],[52.2,56.42],[53.67,56.5],[56.08,56.5],[57.88,55.7],[58.65,54.2],[57.57,53.27],[58.32,52.58],[60.0,51.98],[60.15,51.86],[60.19,51.87],[60.18,51.9],[60.4,51.81],[60.52,51.8],[60.39,51.7],[60.51,51.63],[60.92,51.61],[60.93,51.54],[61.0,51.47],[61.18,51.46],[61.35,51.4],[61.48,51.43],[61.55,51.34],[61.68,51.26],[61.59,51.25],[61.47,50.83],[61.43,50.79],[61.04,50.69],[60.58,50.66],[60.32,50.69],[60.19,50.79],[60.19,50.84],[60.07,50.87],[60.0,50.83],[59.83,50.58],[59.53,50.51],[59.54,50.61],[59.48,50.66],[59.26,50.65],[59.22,50.68],[58.94,50.69],[58.79,50.77],[58.77,50.84],[58.59,50.83],[58.57,50.94],[58.6,51.02],[58.57,51.06],[58.36,51.08],[58.32,51.16],[58.21,51.13],[58.19,51.07],[58.11,51.08],[58.09,51.13],[58.0,51.08],[57.94,51.09],[57.93,51.12],[57.87,51.1],[57.83,51.14],[57.75,51.13],[57.73,50.93],[57.68,50.91],[57.63,50.95],[57.52,50.92],[57.53,50.88],[57.35,50.93],[57.29,51.02],[57.22,51.04],[57.18,51.1],[57.02,51.05],[56.96,51.08],[56.9,51.05],[56.72,51.08],[56.74,50.97],[56.63,50.99],[56.5,51.09],[56.46,51.06],[56.48,50.98],[56.39,50.97],[56.36,50.91],[56.2,50.94],[56.13,50.84],[56.12,50.75],[55.73,50.61],[55.71,50.57],[55.55,50.62],[55.49,50.67],[55.35,50.66],[55.07,50.82],[55.11,50.88],[55.05,50.93],[54.99,50.88],[54.9,50.87],[54.9,50.84],[54.83,50.88],[54.71,50.89],[54.66,50.82],[54.66,50.76],[54.73,50.63],[54.61,50.54],[54.51,50.54],[54.42,50.62],[54.51,50.85],[54.28,50.89],[54.18,51.0],[54.17,51.07],[54.14,51.05],[54.13,51.12],[53.95,51.19],[53.75,51.2],[53.66,51.24],[53.61,51.29],[53.63,51.35],[53.6,51.37],[53.63,51.39],[53.36,51.52],[53.27,51.49],[53.2,51.51],[53.19,51.54],[53.15,51.53],[53.16,51.49],[52.98,51.49],[52.96,51.46],[52.93,51.5],[52.87,51.47],[52.9,51.5],[52.8,51.5],[52.78,51.53],[52.69,51.46],[52.67,51.49],[52.55,51.46],[52.56,51.49],[52.52,51.5],[52.38,51.66],[52.37,51.74],[52.33,51.77],[52.28,51.72],[52.17,51.72],[52.12,51.66],[51.86,51.68],[51.76,51.61],[51.8,51.52],[51.67,51.47],[51.63,51.47],[51.65,51.51],[51.57,51.56],[51.43,51.48],[51.29,51.49],[51.24,51.56],[51.36,51.57],[51.35,51.66],[51.27,51.69],[50.88,51.68],[50.86,51.74],[50.75,51.77],[50.73,51.7],[50.79,51.66],[50.78,51.59],[50.66,51.57],[50.72,51.63],[50.56,51.64],[50.5,51.57],[50.51,51.47],[50.35,51.43],[50.37,51.41],[50.33,51.38],[50.37,51.34],[49.95,51.24],[49.74,51.11],[49.42,51.13],[49.37,51.1],[49.38,51.06],[49.32,51.0],[49.42,50.86],[49.09,50.78],[48.82,50.6],[48.6,50.67],[48.56,50.65],[48.57,50.62],[48.64,50.6],[48.7,50.29],[48.78,50.18],[48.76,50.1],[48.85,50.09],[48.88,50.02],[48.74,49.93],[48.43,49.84],[48.43,49.81],[48.34,49.83],[48.31,49.87],[48.22,49.87],[48.22,49.91],[48.13,49.99],[48.1,50.09],[47.99,50.15],[47.99,50.18],[47.82,50.33],[47.62,50.44]]]}},{"type":"Feature","properties":{"icao":"VABF"},"geometry":{"type":"Polygon","coordinates":[[[60.0,19.8],[64.5,23.5],[68.38,23.5],[68.17,23.67],[68.33,23.92],[68.33,23.97],[68.75,23.96],[68.76,24.28],[68.79,24.3],[68.83,24.31],[68.85,24.21],[68.91,24.29],[68.98,24.23],[69.08,24.27],[69.2,24.24],[69.31,24.28],[69.5,24.26],[69.59,24.29],[69.74,24.17],[69.91,24.16],[70.05,24.18],[70.14,24.3],[70.57,24.42],[70.6,24.4],[70.56,24.36],[70.59,24.31],[70.58,24.24],[70.81,24.22],[70.88,24.25],[70.9,24.27],[70.87,24.3],[71.12,24.41],[71.09,24.44],[71.0,24.44],[70.99,24.6],[71.09,24.69],[70.91,25.0],[79.08,25.0],[80.06,23.18],[80.35,22.48],[80.59,21.5],[82.0,18.72],[77.17,19.72],[76.0,19.32],[76.0,16.67],[73.0,16.28],[73.58,15.0],[72.0,15.0],[72.0,7.5],[70.0,7.5],[70.0,3.08],[68.0,0.0],[68.0,-6.0],[60.0,-6.0],[60.0,19.8]]]}},{"type":"Feature","properties":{"icao":"VCCF"},"geometry":{"type":"Polygon","coordinates":[[[80.0,10.0],[82.0,10.0],[92.0,6.0],[92.0,-2.0],[78.0,-2.0],[78.0,6.0],[80.0,10.0]]]}},{"type":"Feature","properties":{"icao":"VDPF"},"geometry":{"type":"Polygon","coordinates":[[[102.92,11.65],[102.92,11.75],[102.85,11.83],[102.78,11.98],[102.78,12.06],[102.72,12.15],[102.74,12.37],[102.79,12.4],[102.79,12.45],[102.51,12.69],[102.54,12.81],[102.5,12.85],[102.52,12.88],[102.49,12.98],[102.53,13.0],[102.39,13.17],[102.35,13.3],[102.37,13.5],[102.34,13.55],[102.53,13.56],[102.62,13.6],[102.56,13.67],[102.73,13.76],[102.8,13.94],[102.91,14.01],[102.94,14.18],[103.09,14.29],[103.27,14.35],[103.4,14.35],[103.44,14.39],[103.47,14.36],[103.56,14.42],[103.63,14.4],[103.66,14.44],[103.71,14.43],[103.71,14.38],[103.82,14.35],[103.85,14.37],[103.91,14.33],[104.03,14.33],[104.11,14.37],[104.18,14.35],[104.2,14.4],[104.23,14.37],[104.3,14.39],[104.47,14.34],[104.49,14.37],[104.58,14.35],[104.65,14.42],[104.68,14.39],[104.71,14.43],[104.74,14.4],[104.82,14.43],[104.85,14.4],[104.88,14.42],[104.98,14.39],[105.05,14.21],[105.13,14.22],[105.18,14.34],[105.21,14.34],[105.21,14.27],[105.27,14.18],[105.37,14.1],[105.46,14.1],[105.56,14.16],[105.64,14.1],[105.66,14.12],[105.78,14.09],[105.8,14.02],[105.9,13.93],[106.11,13.91],[106.11,13.99],[106.17,14.02],[106.18,14.06],[106.03,14.24],[106.0,14.36],[106.09,14.34],[106.1,14.37],[106.19,14.34],[106.24,14.39],[106.25,14.48],[106.31,14.44],[106.42,14.45],[106.44,14.52],[106.48,14.51],[106.46,14.55],[106.53,14.59],[106.63,14.44],[106.74,14.43],[106.84,14.29],[106.9,14.33],[106.97,14.31],[107.04,14.44],[107.09,14.39],[107.17,14.41],[107.21,14.48],[107.26,14.48],[107.3,14.58],[107.45,14.52],[107.47,14.61],[107.54,14.69],[107.56,14.68],[107.49,14.4],[107.45,14.42],[107.41,14.35],[107.41,14.23],[107.34,14.12],[107.37,14.08],[107.36,14.02],[107.46,13.98],[107.48,13.85],[107.46,13.78],[107.54,13.74],[107.62,13.52],[107.63,13.36],[107.49,13.01],[107.5,12.89],[107.56,12.81],[107.59,12.59],[107.55,12.35],[107.42,12.24],[107.35,12.33],[107.19,12.29],[107.0,12.09],[106.94,12.06],[106.79,12.08],[106.71,11.96],[106.42,11.97],[106.47,11.87],[106.42,11.78],[106.45,11.67],[106.39,11.7],[106.31,11.67],[106.27,11.72],[106.04,11.78],[105.96,11.64],[105.89,11.68],[105.84,11.65],[105.81,11.6],[105.88,11.55],[105.9,11.44],[105.87,11.29],[105.91,11.28],[105.94,11.21],[106.01,11.19],[106.11,11.07],[106.15,11.1],[106.18,11.08],[106.21,10.98],[106.15,10.98],[106.15,10.91],[106.19,10.79],[106.07,10.81],[105.97,10.9],[105.94,10.84],[105.86,10.86],[105.87,10.89],[105.78,11.03],[105.51,10.94],[105.43,10.97],[105.36,10.85],[105.11,10.92],[105.11,10.96],[105.03,10.88],[105.1,10.72],[104.95,10.63],[104.86,10.52],[104.59,10.53],[104.5,10.41],[104.14,10.5],[103.98,10.51],[103.78,10.43],[102.67,9.0],[103.0,7.0],[102.25,10.0],[102.92,11.65]]]}},{"type":"Feature","properties":{"icao":"VECF"},"geometry":{"type":"MultiPolygon","coordinates":[[[[82.74,27.567],[82.78,27.5],[83.19,27.45],[83.31,27.33],[83.39,27.37],[83.39,27.48],[83.62,27.47],[83.86,27.35],[83.88,27.38],[83.84,27.44],[84.02,27.43],[84.1,27.52],[84.16,27.52],[84.15,27.49],[84.21,27.47],[84.21,27.44],[84.26,27.45],[84.31,27.38],[84.63,27.33],[84.69,27.23],[84.68,27.1],[84.64,27.05],[84.79,27.0],[84.83,27.02],[84.96,26.96],[84.97,26.92],[85.05,26.89],[85.05,26.85],[85.1,26.88],[85.19,26.87],[85.18,26.81],[85.21,26.77],[85.32,26.75],[85.62,26.88],[85.72,26.83],[85.72,26.68],[85.85,26.61],[85.85,26.57],[85.95,26.61],[85.97,26.66],[86.03,26.67],[86.22,26.59],[86.25,26.62],[86.34,26.62],[86.75,26.43],[86.76,26.46],[86.84,26.44],[87.07,26.59],[87.08,26.47],[87.14,26.41],[87.23,26.42],[87.32,26.36],[87.4,26.43],[87.49,26.44],[87.6,26.38],[87.67,26.43],[87.76,26.41],[87.78,26.47],[87.84,26.44],[87.89,26.48],[87.91,26.43],[88.01,26.36],[88.09,26.43],[88.1,26.56],[88.16,26.64],[88.19,26.77],[88.17,26.87],[88.11,26.96],[88.13,26.98],[87.98,27.11],[88.06,27.34],[88.05,27.54],[88.12,27.62],[88.19,27.79],[88.17,27.82],[88.2,27.84],[88.12,27.91],[88.13,27.95],[88.4,27.98],[88.49,28.05],[88.55,28.04],[88.57,28.09],[88.63,28.11],[88.62,28.13],[88.67,28.07],[88.76,28.07],[88.84,28.0],[88.84,27.9],[88.88,27.81],[88.85,27.79],[88.84,27.63],[88.77,27.53],[88.78,27.44],[88.82,27.36],[88.97,27.27],[89.0,27.31],[88.96,27.39],[89.02,27.57],[89.07,27.62],[89.13,27.62],[89.27,27.84],[89.36,27.86],[89.38,27.89],[89.35,27.95],[89.45,27.99],[89.49,28.07],[89.6,28.16],[89.76,28.17],[89.88,28.29],[89.94,28.28],[89.99,28.32],[90.38,28.25],[90.4,28.22],[90.36,28.12],[90.38,28.07],[90.63,28.06],[90.72,28.09],[90.74,28.06],[90.95,28.04],[91.04,27.97],[91.13,27.97],[91.22,28.07],[91.28,28.06],[91.32,28.09],[91.48,27.98],[91.66,27.95],[91.69,27.92],[91.65,27.86],[91.66,27.76],[91.83,27.77],[91.89,27.72],[91.98,27.72],[92.26,27.87],[92.31,27.8],[92.37,27.85],[92.4,27.8],[92.42,27.85],[92.48,27.83],[92.56,27.86],[92.59,27.91],[92.71,27.95],[92.72,28.03],[92.67,28.05],[92.69,28.12],[92.76,28.17],[92.87,28.18],[92.94,28.26],[93.02,28.26],[93.04,28.33],[93.07,28.31],[93.11,28.36],[93.22,28.35],[93.22,28.54],[93.29,28.63],[93.57,28.69],[93.67,28.67],[93.84,28.77],[93.94,28.77],[93.93,28.83],[94.06,28.88],[94.03,28.97],[94.05,28.99],[94.13,28.95],[94.29,29.14],[94.37,29.15],[94.43,29.22],[94.54,29.22],[94.65,29.31],[94.7,29.31],[94.8,29.21],[94.8,29.17],[94.89,29.18],[95.02,29.13],[95.0,29.17],[95.09,29.15],[95.12,29.09],[95.22,29.11],[95.26,29.07],[95.3,29.14],[95.41,29.13],[95.43,29.19],[95.5,29.13],[95.5,29.19],[95.58,29.18],[95.61,29.24],[95.65,29.21],[95.74,29.22],[95.74,29.31],[95.81,29.35],[95.87,29.31],[96.0,29.37],[96.06,29.45],[96.11,29.45],[96.26,29.23],[96.36,29.28],[96.4,29.25],[96.35,29.17],[96.26,29.17],[96.22,29.15],[96.2,29.09],[96.12,29.08],[96.19,28.99],[96.15,28.93],[96.17,28.9],[96.35,29.04],[96.44,29.04],[96.52,29.08],[96.48,28.98],[96.52,28.97],[96.54,28.88],[96.62,28.79],[96.6,28.72],[96.47,28.68],[96.49,28.63],[96.33,28.53],[96.37,28.48],[96.28,28.42],[96.28,28.4],[96.37,28.39],[96.41,28.34],[96.48,28.42],[96.66,28.46],[96.76,28.4],[96.77,28.36],[96.91,28.37],[97.02,28.32],[97.14,28.37],[97.36,28.2],[97.32,28.08],[97.4,28.02],[97.36,27.95],[97.38,27.9],[97.32,27.88],[97.32,27.92],[97.26,27.91],[97.09,27.78],[97.09,27.74],[97.02,27.74],[96.97,27.66],[96.89,27.62],[96.92,27.51],[96.9,27.46],[97.17,27.13],[97.14,27.09],[96.87,27.18],[96.85,27.21],[96.89,27.25],[96.72,27.37],[96.66,27.33],[96.61,27.37],[96.58,27.31],[96.53,27.29],[96.23,27.28],[96.02,27.18],[95.92,27.03],[95.8,27.01],[95.73,26.89],[95.65,26.89],[95.6,26.81],[95.51,26.81],[95.43,26.69],[95.28,26.64],[95.24,26.68],[95.14,26.61],[95.15,26.56],[95.07,26.47],[95.1,26.42],[95.07,26.3],[95.12,26.2],[95.11,26.12],[95.18,26.06],[95.02,25.92],[95.04,25.73],[94.99,25.72],[94.81,25.5],[94.75,25.5],[94.63,25.39],[94.58,25.2],[94.74,25.12],[94.74,25.02],[94.69,24.97],[94.69,24.89],[94.64,24.84],[94.6,24.71],[94.55,24.71],[94.54,24.64],[94.45,24.56],[94.36,24.35],[94.32,24.32],[94.25,24.13],[94.26,24.08],[94.17,23.94],[94.16,23.86],[94.12,23.84],[94.1,23.89],[93.93,23.95],[93.83,23.92],[93.76,24.0],[93.62,24.0],[93.59,23.96],[93.57,23.98],[93.5,23.95],[93.4,24.08],[93.33,24.08],[93.33,23.98],[93.39,23.92],[93.41,23.7],[93.44,23.69],[93.39,23.48],[93.4,23.38],[93.36,23.35],[93.39,23.14],[93.29,23.0],[93.24,23.0],[93.21,23.05],[93.13,23.04],[93.16,22.9],[93.14,22.91],[93.1,22.8],[93.1,22.65],[93.14,22.6],[93.11,22.53],[93.19,22.39],[93.2,22.25],[93.14,22.24],[93.17,22.19],[93.15,22.18],[93.11,22.21],[93.05,22.2],[93.06,22.1],[93.0,22.09],[93.0,21.98],[92.95,22.03],[92.91,21.95],[92.87,22.06],[92.72,22.15],[92.69,22.15],[92.68,22.01],[92.65,22.02],[92.61,21.98],[92.59,22.03],[92.56,22.13],[92.6,22.12],[92.61,22.17],[92.55,22.52],[92.52,22.56],[92.53,22.67],[92.52,22.72],[92.47,22.75],[92.45,22.88],[92.37,22.93],[92.39,23.05],[92.35,23.24],[92.39,23.28],[92.28,23.59],[92.29,23.63],[92.27,23.62],[92.29,23.67],[92.27,23.72],[92.24,23.72],[92.22,23.65],[92.18,23.73],[92.14,23.73],[92.08,23.65],[92.03,23.64],[91.95,23.73],[91.97,23.49],[91.94,23.43],[91.84,23.4],[91.77,23.27],[91.83,23.09],[91.71,22.98],[91.64,22.98],[91.62,22.94],[91.54,22.99],[91.5,23.19],[91.47,23.19],[91.43,23.26],[91.39,23.26],[91.38,23.15],[91.41,23.07],[91.37,23.06],[91.32,23.16],[91.29,23.32],[91.31,23.36],[91.27,23.38],[91.15,23.64],[91.16,23.67],[91.2,23.65],[91.2,23.69],[91.16,23.69],[91.15,23.72],[91.23,23.76],[91.26,23.96],[91.3,23.99],[91.37,23.98],[91.4,24.04],[91.39,24.11],[91.59,24.07],[91.64,24.11],[91.65,24.23],[91.69,24.16],[91.76,24.14],[91.75,24.24],[91.81,24.21],[91.84,24.23],[91.84,24.19],[91.9,24.14],[91.92,24.33],[91.95,24.35],[92.0,24.33],[91.96,24.38],[92.11,24.37],[92.14,24.4],[92.13,24.52],[92.2,24.59],[92.28,24.86],[92.49,24.87],[92.49,24.94],[92.42,24.97],[92.4,25.03],[92.06,25.19],[91.98,25.16],[91.75,25.17],[91.63,25.12],[91.6,25.17],[91.49,25.13],[91.28,25.2],[91.08,25.2],[90.89,25.15],[90.78,25.18],[90.68,25.16],[90.65,25.19],[90.41,25.15],[90.13,25.22],[89.97,25.3],[89.9,25.31],[89.86,25.28],[89.83,25.3],[89.82,25.43],[89.87,25.66],[89.82,25.73],[89.84,25.76],[89.82,25.81],[89.88,25.94],[89.82,25.95],[89.86,25.98],[89.78,26.04],[89.76,26.14],[89.68,26.16],[89.68,26.23],[89.63,26.22],[89.62,26.19],[89.65,26.17],[89.59,26.16],[89.6,26.12],[89.63,26.12],[89.6,26.09],[89.63,26.1],[89.64,26.06],[89.58,26.04],[89.57,25.96],[89.53,26.01],[89.47,26.0],[89.43,26.04],[89.36,26.01],[89.16,26.15],[89.1,26.31],[89.14,26.32],[89.09,26.32],[89.1,26.4],[88.99,26.42],[88.96,26.46],[88.9,26.41],[88.92,26.36],[88.95,26.37],[89.0,26.34],[88.99,26.3],[89.06,26.29],[89.06,26.26],[89.0,26.23],[88.91,26.29],[88.86,26.27],[88.87,26.23],[88.82,26.24],[88.8,26.31],[88.67,26.27],[88.66,26.3],[88.7,26.29],[88.7,26.32],[88.76,26.33],[88.63,26.43],[88.62,26.48],[88.56,26.47],[88.43,26.55],[88.42,26.63],[88.39,26.63],[88.4,26.6],[88.33,26.48],[88.35,26.45],[88.37,26.49],[88.47,26.47],[88.52,26.36],[88.48,26.35],[88.45,26.38],[88.41,26.32],[88.36,26.31],[88.34,26.21],[88.21,26.17],[88.16,26.1],[88.19,26.07],[88.18,26.02],[88.13,26.0],[88.09,25.93],[88.11,25.8],[88.15,25.78],[88.26,25.82],[88.4,25.67],[88.45,25.67],[88.44,25.61],[88.54,25.51],[88.6,25.52],[88.7,25.48],[88.8,25.53],[88.84,25.46],[88.81,25.42],[88.83,25.37],[88.9,25.32],[89.01,25.3],[88.95,25.26],[88.96,25.22],[88.92,25.17],[88.86,25.21],[88.81,25.18],[88.71,25.21],[88.61,25.21],[88.58,25.18],[88.48,25.22],[88.44,25.2],[88.44,25.02],[88.38,24.94],[88.33,24.93],[88.33,24.87],[88.27,24.9],[88.26,24.88],[88.23,24.96],[88.15,24.94],[88.17,24.86],[88.07,24.77],[88.03,24.68],[88.11,24.58],[88.11,24.53],[88.2,24.47],[88.34,24.44],[88.5,24.32],[88.65,24.3],[88.69,24.33],[88.73,24.29],[88.7,24.09],[88.76,24.03],[88.73,24.01],[88.78,23.98],[88.75,23.98],[88.74,23.91],[88.67,23.86],[88.6,23.86],[88.57,23.65],[88.61,23.63],[88.6,23.6],[88.65,23.61],[88.66,23.55],[88.76,23.47],[88.8,23.5],[88.77,23.37],[88.74,23.36],[88.75,23.31],[88.7,23.31],[88.73,23.26],[88.81,23.22],[88.82,23.25],[88.93,23.23],[88.94,23.2],[88.99,23.23],[89.0,23.2],[88.88,23.1],[88.87,22.95],[88.91,22.94],[88.91,22.89],[88.97,22.84],[88.97,22.79],[88.92,22.76],[88.97,22.7],[88.94,22.65],[88.97,22.6],[88.93,22.55],[88.98,22.53],[89.0,22.47],[89.01,22.42],[88.98,22.4],[89.03,22.3],[89.01,22.28],[89.08,22.2],[89.08,22.15],[89.11,22.16],[89.05,22.11],[89.05,22.07],[89.09,22.01],[89.09,21.89],[89.16,21.63],[92.0,21.0],[92.0,14.0],[85.9,15.7],[82.82,18.68],[82.0,18.72],[80.59,21.5],[80.35,22.48],[80.06,23.18],[79.0,25.13],[79.6,25.6],[79.83,25.28],[80.2,26.4],[80.89,26.76],[81.55,27.16],[82.74,27.567]],[[88.95,26.34],[88.95,26.36],[88.94,26.35],[88.95,26.34]]],[[[82.75,27.56],[82.743,27.567],[82.76,27.56],[82.75,27.56]]],[[[91.62,22.94],[91.62,22.93],[91.61,22.93],[91.62,22.94]]],[[[88.52,26.37],[88.53,26.38],[88.53,26.37],[88.52,26.37]]]]}},{"type":"Feature","properties":{"icao":"VGFR"},"geometry":{"type":"MultiPolygon","coordinates":[[[[88.11,25.8],[88.09,25.93],[88.13,26.0],[88.18,26.02],[88.19,26.07],[88.16,26.08],[88.18,26.14],[88.23,26.19],[88.34,26.21],[88.36,26.31],[88.41,26.32],[88.45,26.38],[88.48,26.35],[88.52,26.36],[88.47,26.47],[88.37,26.49],[88.35,26.45],[88.33,26.48],[88.4,26.6],[88.39,26.63],[88.42,26.63],[88.43,26.55],[88.56,26.47],[88.62,26.48],[88.63,26.43],[88.76,26.33],[88.7,26.32],[88.7,26.29],[88.66,26.3],[88.67,26.27],[88.8,26.31],[88.82,26.24],[88.87,26.23],[88.86,26.27],[88.91,26.29],[89.0,26.23],[89.06,26.26],[89.06,26.29],[88.99,26.3],[89.0,26.34],[88.95,26.37],[88.92,26.36],[88.9,26.41],[88.96,26.46],[88.99,26.42],[89.1,26.4],[89.09,26.32],[89.14,26.32],[89.1,26.31],[89.16,26.15],[89.36,26.01],[89.43,26.04],[89.47,26.0],[89.53,26.01],[89.57,25.96],[89.58,26.04],[89.64,26.06],[89.63,26.1],[89.6,26.09],[89.63,26.12],[89.6,26.12],[89.59,26.16],[89.65,26.17],[89.62,26.19],[89.63,26.22],[89.68,26.23],[89.68,26.16],[89.76,26.14],[89.78,26.04],[89.86,25.98],[89.82,25.95],[89.88,25.94],[89.82,25.81],[89.84,25.76],[89.82,25.73],[89.87,25.66],[89.82,25.43],[89.83,25.3],[89.86,25.28],[89.9,25.31],[89.97,25.3],[90.13,25.22],[90.41,25.15],[90.65,25.19],[90.68,25.16],[90.78,25.18],[90.89,25.15],[91.08,25.2],[91.28,25.2],[91.49,25.13],[91.6,25.17],[91.63,25.12],[91.75,25.17],[91.98,25.16],[92.06,25.19],[92.26,25.08],[92.33,25.08],[92.33,25.05],[92.42,25.01],[92.45,24.94],[92.49,24.94],[92.49,24.87],[92.28,24.86],[92.2,24.59],[92.13,24.52],[92.14,24.4],[92.11,24.37],[91.96,24.38],[92.0,24.33],[91.97,24.35],[91.92,24.33],[91.9,24.14],[91.84,24.19],[91.84,24.23],[91.81,24.21],[91.75,24.24],[91.76,24.14],[91.69,24.16],[91.65,24.23],[91.64,24.11],[91.59,24.07],[91.39,24.11],[91.4,24.04],[91.37,23.98],[91.3,23.99],[91.26,23.96],[91.23,23.76],[91.15,23.72],[91.16,23.69],[91.2,23.69],[91.2,23.65],[91.16,23.67],[91.16,23.59],[91.21,23.54],[91.27,23.38],[91.31,23.36],[91.29,23.32],[91.35,23.09],[91.4,23.05],[91.38,23.22],[91.39,23.26],[91.43,23.26],[91.47,23.19],[91.5,23.19],[91.54,22.99],[91.62,22.94],[91.64,22.98],[91.71,22.98],[91.83,23.09],[91.77,23.27],[91.84,23.4],[91.94,23.43],[91.97,23.49],[91.95,23.73],[92.03,23.64],[92.08,23.65],[92.14,23.73],[92.21,23.7],[92.21,23.65],[92.24,23.72],[92.29,23.7],[92.27,23.62],[92.29,23.63],[92.28,23.59],[92.39,23.28],[92.35,23.24],[92.39,23.05],[92.37,22.93],[92.45,22.88],[92.47,22.75],[92.52,22.72],[92.54,22.58],[92.52,22.56],[92.55,22.52],[92.61,22.13],[92.56,22.13],[92.6,22.05],[92.0,21.0],[89.16,21.63],[89.09,21.89],[89.09,22.01],[89.05,22.07],[89.05,22.11],[89.11,22.16],[89.08,22.15],[89.08,22.2],[89.01,22.28],[89.03,22.3],[88.98,22.4],[89.01,22.42],[89.0,22.47],[88.98,22.53],[88.93,22.55],[88.97,22.6],[88.94,22.63],[88.97,22.7],[88.92,22.76],[88.97,22.79],[88.97,22.84],[88.91,22.89],[88.91,22.94],[88.87,22.95],[88.88,23.1],[89.0,23.2],[88.99,23.23],[88.94,23.2],[88.93,23.23],[88.82,23.25],[88.81,23.22],[88.73,23.26],[88.7,23.31],[88.75,23.31],[88.74,23.36],[88.77,23.37],[88.8,23.5],[88.76,23.47],[88.66,23.55],[88.65,23.61],[88.6,23.6],[88.61,23.63],[88.57,23.65],[88.6,23.86],[88.67,23.86],[88.74,23.91],[88.75,23.98],[88.78,23.98],[88.73,24.01],[88.76,24.03],[88.7,24.09],[88.73,24.29],[88.69,24.33],[88.65,24.3],[88.5,24.32],[88.34,24.44],[88.2,24.47],[88.11,24.53],[88.11,24.58],[88.03,24.68],[88.07,24.77],[88.17,24.86],[88.15,24.94],[88.23,24.96],[88.26,24.88],[88.27,24.9],[88.33,24.87],[88.33,24.93],[88.38,24.94],[88.44,25.02],[88.44,25.2],[88.48,25.22],[88.58,25.18],[88.61,25.21],[88.71,25.21],[88.81,25.18],[88.86,25.21],[88.92,25.17],[88.96,25.22],[88.95,25.26],[89.01,25.3],[88.9,25.32],[88.83,25.37],[88.81,25.42],[88.84,25.46],[88.8,25.53],[88.7,25.48],[88.6,25.52],[88.54,25.51],[88.44,25.61],[88.45,25.67],[88.4,25.67],[88.26,25.82],[88.14,25.78],[88.11,25.8]],[[88.52,26.37],[88.53,26.37],[88.53,26.38],[88.52,26.37]],[[91.62,22.94],[91.61,22.93],[91.62,22.93],[91.62,22.94]]],[[[88.94,26.35],[88.96,26.35],[88.95,26.34],[88.94,26.35]]]]}},{"type":"Feature","properties":{"icao":"VHHK"},"geometry":{"type":"Polygon","coordinates":[[[117.5,23.5],[117.5,21.0],[114.0,16.67],[111.5,19.5],[111.5,21.42],[112.07,21.57],[112.11,21.65],[112.44,21.64],[112.52,21.53],[112.76,21.51],[112.95,21.55],[113.04,21.77],[113.25,21.77],[113.57,22.0],[113.58,22.2],[113.67,22.23],[113.83,22.41],[114.04,22.53],[114.28,22.57],[114.43,22.56],[114.46,22.55],[114.46,22.47],[114.5,22.41],[114.67,22.43],[114.66,22.61],[114.77,22.51],[114.9,22.49],[114.97,22.52],[115.1,22.67],[115.25,22.68],[115.34,22.62],[115.57,22.61],[115.62,22.71],[115.7,22.72],[115.78,22.66],[115.99,22.74],[116.11,22.74],[116.23,22.85],[116.5,22.87],[116.58,22.97],[116.58,23.07],[116.69,23.14],[116.76,23.12],[116.84,23.23],[116.81,23.31],[116.85,23.37],[116.92,23.31],[117.12,23.31],[117.17,23.38],[117.15,23.49],[117.36,23.47],[117.5,23.5]]]}},{"type":"Feature","properties":{"icao":"VIDF"},"geometry":{"type":"Polygon","coordinates":[[[70.91,25.0],[70.88,25.15],[70.75,25.27],[70.74,25.33],[70.66,25.41],[70.67,25.69],[70.64,25.72],[70.43,25.68],[70.28,25.71],[70.1,25.94],[70.08,26.07],[70.16,26.19],[70.17,26.55],[70.09,26.6],[69.82,26.59],[69.51,26.75],[69.48,26.81],[69.51,27.02],[69.58,27.17],[70.02,27.56],[70.11,27.77],[70.21,27.89],[70.37,28.01],[70.51,28.04],[70.56,28.02],[70.66,27.93],[70.71,27.78],[70.77,27.71],[70.91,27.71],[71.24,27.85],[71.7,27.89],[71.9,27.96],[71.92,28.11],[72.21,28.4],[72.3,28.66],[72.41,28.79],[72.94,29.03],[73.26,29.52],[73.4,29.94],[73.79,30.06],[73.97,30.19],[73.95,30.3],[73.87,30.37],[73.93,30.42],[73.93,30.46],[73.97,30.46],[74.03,30.54],[74.07,30.52],[74.1,30.61],[74.28,30.73],[74.26,30.77],[74.3,30.78],[74.33,30.85],[74.37,30.85],[74.37,30.89],[74.47,30.97],[74.55,30.99],[74.56,31.07],[74.63,31.02],[74.69,31.06],[74.66,31.11],[74.57,31.11],[74.53,31.17],[74.57,31.35],[74.64,31.46],[74.52,31.72],[74.52,31.76],[74.55,31.76],[74.54,31.82],[74.7,31.92],[74.71,31.96],[74.8,31.94],[74.82,31.99],[74.92,32.06],[75.01,32.03],[75.17,32.07],[75.21,32.12],[75.23,32.08],[75.38,32.25],[75.28,32.37],[75.18,32.43],[75.14,32.41],[75.08,32.48],[75.02,32.49],[74.99,32.45],[74.84,32.5],[74.7,32.48],[74.64,32.6],[74.68,32.66],[74.65,32.72],[74.7,32.84],[74.64,32.82],[74.61,32.76],[74.53,32.74],[74.47,32.78],[74.41,32.91],[74.32,32.92],[74.35,32.97],[74.34,33.03],[74.21,33.04],[74.16,33.13],[74.01,33.2],[74.02,33.26],[74.09,33.26],[74.17,33.34],[74.19,33.47],[74.1,33.57],[74.03,33.57],[73.96,33.72],[74.05,33.81],[74.21,33.86],[74.26,33.92],[74.26,33.97],[74.24,34.03],[74.12,34.06],[74.01,34.02],[73.88,34.05],[73.9,34.12],[73.98,34.21],[73.98,34.26],[73.9,34.36],[73.84,34.34],[73.76,34.37],[73.78,34.42],[73.9,34.5],[73.9,34.55],[73.95,34.57],[73.94,34.68],[74.0,34.71],[74.05,34.68],[74.14,34.69],[74.3,34.8],[74.38,34.8],[74.58,34.77],[74.7,34.69],[74.93,34.68],[75.02,34.64],[75.25,34.65],[75.26,34.61],[75.38,34.55],[75.77,34.52],[76.06,34.68],[76.16,34.64],[76.47,34.79],[76.69,34.76],[76.74,34.83],[76.75,34.93],[76.86,34.97],[77.0,34.94],[77.01,35.04],[77.07,35.02],[77.16,35.05],[77.81,35.49],[77.84,35.5],[77.89,35.43],[77.99,35.49],[78.11,35.48],[78.02,35.42],[77.99,35.34],[78.04,35.2],[78.13,35.13],[78.08,35.08],[78.17,34.91],[78.22,34.73],[78.3,34.66],[78.4,34.65],[78.43,34.6],[78.57,34.61],[78.82,34.41],[78.92,34.38],[78.99,34.32],[78.98,34.24],[78.94,34.2],[78.71,34.08],[78.71,34.05],[78.77,34.03],[78.71,33.92],[78.78,33.8],[78.78,33.75],[78.71,33.65],[78.82,33.48],[79.07,33.3],[79.07,33.23],[79.18,33.19],[79.42,33.17],[79.35,32.98],[79.45,32.89],[79.47,32.8],[79.53,32.77],[79.56,32.71],[79.56,32.63],[79.52,32.59],[79.45,32.59],[79.32,32.49],[79.22,32.52],[79.12,32.45],[79.1,32.37],[79.06,32.39],[78.98,32.34],[78.78,32.48],[78.75,32.7],[78.66,32.66],[78.63,32.61],[78.53,32.61],[78.49,32.57],[78.41,32.56],[78.49,32.42],[78.46,32.38],[78.5,32.25],[78.47,32.24],[78.55,32.21],[78.61,32.13],[78.66,32.13],[78.7,32.02],[78.78,31.99],[78.7,31.81],[78.72,31.72],[78.76,31.67],[78.8,31.68],[78.8,31.64],[78.84,31.62],[78.72,31.52],[78.73,31.48],[78.8,31.44],[78.76,31.36],[78.77,31.31],[78.87,31.3],[78.89,31.27],[78.94,31.36],[79.0,31.33],[79.02,31.42],[79.1,31.44],[79.23,31.33],[79.23,31.27],[79.29,31.23],[79.31,31.14],[79.41,31.1],[79.44,31.02],[79.51,31.03],[79.61,30.94],[79.76,31.0],[79.88,30.97],[79.94,30.88],[79.98,30.88],[80.04,30.81],[80.11,30.78],[80.17,30.81],[80.26,30.74],[80.19,30.68],[80.22,30.58],[80.55,30.46],[80.59,30.48],[80.78,30.37],[80.81,30.32],[81.04,30.25],[81.06,30.2],[80.95,30.18],[80.9,30.22],[80.86,30.17],[80.88,30.13],[80.77,30.06],[80.75,30.01],[80.68,29.96],[80.6,29.96],[80.55,29.85],[80.49,29.8],[80.41,29.8],[80.36,29.75],[80.38,29.67],[80.42,29.64],[80.41,29.6],[80.28,29.48],[80.3,29.45],[80.24,29.44],[80.31,29.32],[80.29,29.2],[80.24,29.22],[80.27,29.14],[80.18,29.14],[80.14,29.1],[80.13,29.0],[80.06,28.92],[80.07,28.82],[80.12,28.83],[80.25,28.76],[80.33,28.66],[80.44,28.63],[80.52,28.55],[80.5,28.67],[80.58,28.69],[80.59,28.65],[80.67,28.64],[80.71,28.57],[80.77,28.56],[80.84,28.49],[80.87,28.51],[80.91,28.46],[80.97,28.46],[80.97,28.43],[81.01,28.45],[81.03,28.4],[81.2,28.37],[81.28,28.22],[81.45,28.16],[81.49,28.07],[81.7,27.99],[81.88,27.86],[81.92,27.86],[81.97,27.93],[82.02,27.93],[82.45,27.68],[82.71,27.72],[82.75,27.57],[81.55,27.16],[80.89,26.76],[80.2,26.4],[79.83,25.28],[79.6,25.6],[79.0,25.13],[79.08,25.0],[70.91,25.0]]]}},{"type":"Feature","properties":{"icao":"VLVT"},"geometry":{"type":"MultiPolygon","coordinates":[[[[100.26,20.75],[100.4,20.83],[100.54,20.81],[100.62,20.84],[100.65,20.89],[100.51,20.89],[100.56,20.99],[100.55,21.03],[100.64,21.06],[100.68,21.13],[100.72,21.3],[100.83,21.29],[100.91,21.36],[101.01,21.39],[101.17,21.53],[101.16,21.56],[101.22,21.55],[101.2,21.41],[101.27,21.37],[101.23,21.31],[101.26,21.2],[101.33,21.18],[101.4,21.23],[101.56,21.25],[101.61,21.23],[101.61,21.17],[101.68,21.2],[101.7,21.15],[101.79,21.14],[101.78,21.2],[101.84,21.21],[101.85,21.25],[101.74,21.31],[101.75,21.48],[101.78,21.51],[101.76,21.58],[101.83,21.62],[101.77,21.66],[101.75,21.72],[101.78,21.84],[101.71,21.89],[101.7,21.95],[101.68,21.93],[101.62,21.97],[101.64,22.01],[101.58,22.1],[101.6,22.16],[101.55,22.22],[101.55,22.26],[101.62,22.27],[101.68,22.37],[101.66,22.41],[101.68,22.46],[101.79,22.5],[101.87,22.38],[101.91,22.39],[101.92,22.44],[102.13,22.44],[102.24,22.24],[102.28,22.24],[102.28,22.21],[102.42,22.13],[102.49,22.04],[102.52,22.04],[102.49,21.99],[102.62,21.91],[102.68,21.66],[102.75,21.66],[102.83,21.74],[102.84,21.85],[102.86,21.72],[102.88,21.7],[102.94,21.73],[102.99,21.69],[102.99,21.58],[102.87,21.43],[102.94,21.46],[102.9,21.39],[102.9,21.3],[102.81,21.26],[102.91,21.23],[102.91,21.16],[102.95,21.14],[102.96,21.08],[103.04,21.06],[103.12,20.89],[103.19,20.84],[103.3,20.84],[103.39,20.79],[103.47,20.83],[103.52,20.75],[103.6,20.75],[103.7,20.66],[103.75,20.68],[103.74,20.74],[103.8,20.76],[103.78,20.81],[103.81,20.86],[103.98,20.92],[104.03,20.91],[104.06,20.96],[104.12,20.98],[104.24,20.94],[104.25,20.9],[104.3,20.92],[104.41,20.78],[104.48,20.78],[104.51,20.71],[104.64,20.67],[104.55,20.52],[104.48,20.54],[104.39,20.49],[104.38,20.44],[104.48,20.41],[104.63,20.42],[104.62,20.4],[104.72,20.32],[104.68,20.29],[104.67,20.22],[104.77,20.2],[104.84,20.23],[104.95,20.18],[104.93,20.14],[104.99,20.1],[104.96,20.07],[104.98,20.0],[104.9,20.0],[104.8,19.92],[104.78,19.87],[104.85,19.85],[104.84,19.8],[104.77,19.78],[104.76,19.75],[104.72,19.76],[104.65,19.62],[104.51,19.63],[104.42,19.71],[104.33,19.67],[104.27,19.71],[104.16,19.7],[104.16,19.67],[104.11,19.66],[104.05,19.7],[104.04,19.63],[104.11,19.58],[104.13,19.5],[104.08,19.47],[104.08,19.42],[103.96,19.39],[103.96,19.36],[103.88,19.31],[103.95,19.29],[103.99,19.24],[104.08,19.25],[104.19,19.2],[104.23,19.16],[104.22,19.12],[104.29,19.12],[104.4,19.06],[104.45,18.99],[104.5,19.01],[104.61,18.89],[104.76,18.8],[104.93,18.79],[104.95,18.74],[105.02,18.75],[105.06,18.71],[105.14,18.72],[105.2,18.61],[105.14,18.6],[105.11,18.44],[105.15,18.39],[105.2,18.39],[105.19,18.32],[105.3,18.24],[105.32,18.27],[105.33,18.19],[105.37,18.16],[105.41,18.15],[105.45,18.22],[105.5,18.2],[105.51,18.13],[105.59,18.06],[105.59,18.01],[105.65,17.99],[105.62,17.88],[105.68,17.85],[105.68,17.8],[105.76,17.67],[105.83,17.66],[106.02,17.43],[106.19,17.28],[106.26,17.25],[106.3,17.3],[106.32,17.19],[106.41,17.09],[106.43,17.0],[106.5,16.97],[106.55,16.99],[106.55,16.93],[106.51,16.9],[106.55,16.87],[106.56,16.68],[106.6,16.6],[106.66,16.58],[106.68,16.45],[106.77,16.42],[106.85,16.55],[106.89,16.52],[106.87,16.44],[106.97,16.35],[106.98,16.3],[107.13,16.29],[107.16,16.26],[107.14,16.19],[107.19,16.14],[107.26,16.14],[107.34,16.05],[107.46,16.08],[107.47,16.02],[107.41,15.89],[107.24,15.84],[107.22,15.73],[107.27,15.72],[107.28,15.63],[107.32,15.64],[107.35,15.61],[107.39,15.5],[107.52,15.48],[107.52,15.42],[107.6,15.4],[107.61,15.34],[107.7,15.25],[107.65,15.11],[107.61,15.09],[107.62,15.04],[107.54,15.05],[107.47,15.01],[107.5,14.93],[107.6,14.86],[107.51,14.79],[107.55,14.69],[107.47,14.61],[107.45,14.52],[107.3,14.58],[107.26,14.48],[107.21,14.48],[107.17,14.41],[107.09,14.39],[107.04,14.44],[106.97,14.31],[106.9,14.33],[106.86,14.29],[106.74,14.43],[106.63,14.44],[106.53,14.59],[106.46,14.55],[106.48,14.51],[106.44,14.52],[106.42,14.45],[106.31,14.44],[106.25,14.48],[106.24,14.39],[106.19,14.34],[106.1,14.37],[106.09,14.34],[106.0,14.36],[106.03,14.24],[106.18,14.06],[106.17,14.02],[106.11,13.99],[106.11,13.91],[105.9,13.93],[105.8,14.02],[105.79,14.08],[105.73,14.11],[105.64,14.1],[105.56,14.16],[105.46,14.1],[105.37,14.1],[105.27,14.18],[105.21,14.27],[105.21,14.34],[105.29,14.35],[105.32,14.39],[105.36,14.37],[105.44,14.42],[105.54,14.55],[105.52,14.65],[105.54,14.74],[105.51,14.8],[105.56,14.84],[105.54,14.87],[105.58,14.88],[105.56,14.95],[105.59,14.94],[105.62,14.98],[105.47,15.1],[105.5,15.2],[105.59,15.26],[105.58,15.32],[105.47,15.33],[105.47,15.36],[105.59,15.41],[105.64,15.66],[105.55,15.75],[105.44,15.75],[105.4,15.8],[105.35,15.92],[105.38,15.98],[105.43,16.0],[105.05,16.12],[105.0,16.27],[104.9,16.35],[104.84,16.46],[104.77,16.5],[104.74,16.56],[104.77,16.73],[104.73,17.02],[104.81,17.18],[104.81,17.39],[104.72,17.52],[104.5,17.64],[104.36,17.82],[104.28,17.87],[104.02,18.29],[103.96,18.34],[103.85,18.29],[103.82,18.34],[103.7,18.34],[103.51,18.44],[103.31,18.44],[103.24,18.37],[103.3,18.31],[103.16,18.24],[103.16,18.18],[103.08,18.13],[103.08,18.02],[103.05,17.98],[102.93,18.0],[102.86,17.97],[102.69,17.87],[102.68,17.8],[102.59,17.84],[102.61,17.96],[102.44,17.98],[102.28,18.06],[102.17,18.21],[102.08,18.22],[101.91,18.03],[101.78,18.07],[101.72,17.9],[101.62,17.89],[101.6,17.85],[101.58,17.87],[101.55,17.81],[101.58,17.78],[101.52,17.77],[101.51,17.74],[101.48,17.76],[101.4,17.73],[101.44,17.71],[101.32,17.65],[101.23,17.53],[101.18,17.52],[101.17,17.47],[101.08,17.5],[101.03,17.56],[100.96,17.57],[101.02,17.69],[100.98,17.76],[101.03,17.83],[101.02,17.89],[101.09,17.92],[101.19,18.06],[101.19,18.22],[101.15,18.26],[101.19,18.33],[101.09,18.38],[101.06,18.45],[101.11,18.53],[101.19,18.56],[101.19,18.61],[101.27,18.68],[101.23,18.73],[101.25,18.89],[101.36,19.05],[101.27,19.11],[101.24,19.33],[101.2,19.36],[101.21,19.46],[101.27,19.48],[101.29,19.57],[101.22,19.61],[101.2,19.58],[101.12,19.58],[101.04,19.63],[100.89,19.63],[100.78,19.49],[100.65,19.56],[100.59,19.5],[100.49,19.54],[100.49,19.6],[100.45,19.63],[100.45,19.7],[100.41,19.76],[100.52,19.9],[100.58,20.17],[100.53,20.14],[100.46,20.19],[100.38,20.35],[100.3,20.4],[100.26,20.39],[100.23,20.31],[100.17,20.29],[100.18,20.24],[100.1,20.26],[100.09,20.36],[100.13,20.4],[100.18,20.64],[100.26,20.75]]],[[[101.49,17.73],[101.5,17.73],[101.5,17.72],[101.49,17.73]]]]}},{"type":"Feature","properties":{"icao":"VNSM"},"geometry":{"type":"MultiPolygon","coordinates":[[[[80.9,30.22],[80.95,30.18],[81.06,30.2],[81.1,30.15],[81.1,30.07],[81.21,30.03],[81.26,30.06],[81.26,30.14],[81.34,30.15],[81.39,30.2],[81.41,30.42],[81.5,30.42],[81.51,30.39],[81.58,30.37],[81.59,30.43],[81.64,30.43],[81.98,30.34],[82.15,30.33],[82.16,30.23],[82.21,30.18],[82.2,30.09],[82.5,30.01],[82.7,29.84],[82.75,29.76],[82.85,29.7],[82.89,29.71],[83.25,29.58],[83.25,29.52],[83.33,29.49],[83.44,29.29],[83.56,29.19],[83.63,29.17],[83.72,29.25],[83.8,29.24],[83.88,29.31],[83.97,29.32],[84.02,29.27],[84.1,29.28],[84.2,29.22],[84.16,29.09],[84.12,29.06],[84.17,28.99],[84.15,28.88],[84.27,28.91],[84.39,28.86],[84.44,28.81],[84.42,28.74],[84.66,28.73],[84.7,28.66],[84.69,28.61],[84.86,28.57],[84.92,28.61],[85.0,28.6],[85.05,28.66],[85.14,28.68],[85.19,28.62],[85.19,28.56],[85.11,28.33],[85.21,28.34],[85.25,28.28],[85.38,28.28],[85.44,28.33],[85.58,28.31],[85.63,28.25],[85.73,28.2],[85.78,28.21],[85.89,28.12],[85.97,27.97],[85.95,27.94],[86.02,27.91],[86.13,27.94],[86.07,28.04],[86.08,28.1],[86.17,28.17],[86.21,28.1],[86.19,28.07],[86.22,27.98],[86.32,27.98],[86.35,27.94],[86.43,27.97],[86.41,27.91],[86.47,27.94],[86.52,27.92],[86.51,28.02],[86.6,28.09],[86.72,28.11],[86.75,28.04],[86.81,28.01],[86.86,28.03],[86.94,27.96],[87.02,27.95],[87.13,27.88],[87.14,27.82],[87.4,27.85],[87.46,27.82],[87.59,27.87],[87.6,27.81],[87.7,27.84],[87.73,27.81],[87.8,27.81],[87.81,27.84],[87.9,27.81],[88.0,27.92],[88.09,27.87],[88.16,27.87],[88.2,27.84],[88.17,27.82],[88.19,27.79],[88.12,27.62],[88.05,27.54],[88.06,27.34],[87.98,27.12],[88.13,26.98],[88.11,26.96],[88.17,26.87],[88.19,26.77],[88.16,26.64],[88.1,26.56],[88.09,26.43],[88.0,26.36],[87.89,26.48],[87.84,26.44],[87.78,26.47],[87.76,26.41],[87.67,26.43],[87.6,26.38],[87.45,26.44],[87.32,26.36],[87.23,26.42],[87.14,26.41],[87.08,26.47],[87.07,26.59],[86.84,26.44],[86.76,26.46],[86.75,26.43],[86.34,26.62],[86.25,26.62],[86.22,26.59],[86.03,26.67],[85.97,26.66],[85.95,26.61],[85.85,26.57],[85.85,26.61],[85.72,26.68],[85.72,26.83],[85.62,26.88],[85.32,26.75],[85.21,26.77],[85.18,26.81],[85.19,26.87],[85.1,26.88],[85.05,26.85],[85.05,26.89],[84.97,26.92],[84.96,26.96],[84.83,27.02],[84.79,27.0],[84.64,27.05],[84.68,27.1],[84.69,27.23],[84.63,27.33],[84.31,27.38],[84.26,27.45],[84.21,27.44],[84.21,27.47],[84.15,27.49],[84.16,27.52],[84.1,27.52],[84.02,27.43],[83.84,27.44],[83.88,27.38],[83.86,27.35],[83.62,27.47],[83.39,27.48],[83.39,27.37],[83.31,27.33],[83.16,27.46],[83.03,27.45],[82.97,27.46],[82.94,27.5],[82.76,27.51],[82.76,27.59],[82.71,27.66],[82.71,27.72],[82.45,27.68],[82.02,27.93],[81.97,27.93],[81.92,27.86],[81.88,27.86],[81.7,27.99],[81.49,28.07],[81.45,28.16],[81.28,28.22],[81.2,28.37],[81.03,28.4],[81.01,28.45],[80.97,28.43],[80.97,28.46],[80.91,28.46],[80.87,28.51],[80.84,28.49],[80.77,28.56],[80.71,28.57],[80.67,28.64],[80.59,28.65],[80.58,28.69],[80.5,28.67],[80.52,28.55],[80.44,28.63],[80.33,28.66],[80.25,28.76],[80.12,28.83],[80.07,28.82],[80.06,28.92],[80.13,29.0],[80.14,29.1],[80.18,29.14],[80.27,29.14],[80.24,29.22],[80.29,29.2],[80.31,29.32],[80.24,29.44],[80.3,29.45],[80.28,29.48],[80.35,29.52],[80.34,29.55],[80.42,29.63],[80.36,29.75],[80.41,29.8],[80.49,29.8],[80.55,29.85],[80.6,29.96],[80.68,29.96],[80.75,30.01],[80.77,30.06],[80.88,30.13],[80.86,30.17],[80.9,30.22]]],[[[82.75,27.56],[82.74,27.56],[82.74,27.57],[82.75,27.56]]]]}},{"type":"Feature","properties":{"icao":"VOMF"},"geometry":{"type":"Polygon","coordinates":[[[76.0,16.67],[76.0,19.32],[77.17,19.72],[82.0,18.72],[82.82,18.68],[85.9,15.7],[92.0,14.0],[94.42,13.5],[94.42,6.0],[92.0,6.0],[82.0,10.0],[80.0,10.0],[78.0,6.0],[74.0,6.0],[74.0,7.5],[72.0,7.5],[72.0,15.0],[73.58,15.0],[73.0,16.28],[76.0,16.67]]]}},{"type":"Feature","properties":{"icao":"VRMF"},"geometry":{"type":"Polygon","coordinates":[[[78.0,6.0],[78.0,-2.0],[75.0,-6.0],[68.0,-6.0],[68.0,0.0],[70.0,3.08],[70.0,7.5],[74.0,7.5],[74.0,6.0],[78.0,6.0]]]}},{"type":"Feature","properties":{"icao":"VTBB"},"geometry":{"type":"Polygon","coordinates":[[[97.36,18.59],[97.45,18.49],[97.48,18.51],[97.54,18.49],[97.55,18.53],[97.67,18.58],[97.77,18.58],[97.75,18.85],[97.67,18.95],[97.73,18.97],[97.74,19.04],[97.84,19.12],[97.84,19.22],[97.79,19.26],[97.84,19.3],[97.79,19.4],[97.89,19.5],[97.86,19.57],[98.04,19.65],[98.05,19.81],[98.23,19.73],[98.24,19.68],[98.47,19.69],[98.52,19.72],[98.57,19.67],[98.58,19.71],[98.78,19.76],[98.83,19.81],[98.92,19.74],[99.01,19.78],[99.05,19.95],[99.03,19.98],[99.08,20.1],[99.22,20.13],[99.33,20.06],[99.54,20.14],[99.56,20.21],[99.52,20.23],[99.51,20.32],[99.46,20.39],[99.61,20.33],[99.8,20.33],[99.88,20.44],[99.97,20.46],[100.02,20.39],[100.07,20.4],[100.1,20.26],[100.14,20.24],[100.18,20.24],[100.17,20.29],[100.23,20.31],[100.26,20.39],[100.34,20.39],[100.46,20.19],[100.53,20.14],[100.58,20.17],[100.52,19.9],[100.41,19.76],[100.45,19.7],[100.45,19.63],[100.49,19.6],[100.49,19.54],[100.59,19.5],[100.65,19.56],[100.78,19.49],[100.89,19.63],[101.04,19.63],[101.12,19.58],[101.2,19.58],[101.22,19.61],[101.29,19.57],[101.27,19.48],[101.21,19.46],[101.2,19.36],[101.24,19.33],[101.27,19.11],[101.36,19.05],[101.25,18.89],[101.23,18.73],[101.27,18.68],[101.19,18.61],[101.19,18.56],[101.11,18.53],[101.06,18.45],[101.09,18.38],[101.19,18.33],[101.15,18.26],[101.19,18.22],[101.19,18.06],[101.09,17.92],[101.02,17.89],[101.03,17.83],[100.98,17.76],[101.02,17.69],[100.96,17.57],[101.03,17.56],[101.08,17.5],[101.17,17.47],[101.18,17.52],[101.23,17.53],[101.32,17.65],[101.44,17.71],[101.4,17.73],[101.48,17.76],[101.51,17.74],[101.52,17.77],[101.58,17.78],[101.55,17.81],[101.58,17.87],[101.6,17.85],[101.62,17.89],[101.72,17.9],[101.78,18.07],[101.91,18.03],[102.08,18.22],[102.17,18.21],[102.28,18.06],[102.44,17.98],[102.61,17.96],[102.59,17.84],[102.68,17.8],[102.69,17.87],[102.86,17.97],[102.93,18.0],[103.05,17.98],[103.08,18.02],[103.08,18.13],[103.16,18.18],[103.16,18.24],[103.3,18.31],[103.24,18.37],[103.31,18.44],[103.51,18.44],[103.7,18.34],[103.82,18.34],[103.85,18.29],[103.96,18.34],[104.02,18.29],[104.28,17.87],[104.36,17.82],[104.5,17.64],[104.72,17.52],[104.81,17.39],[104.81,17.18],[104.73,17.02],[104.77,16.73],[104.74,16.56],[104.77,16.5],[104.84,16.46],[104.9,16.35],[105.0,16.27],[105.05,16.12],[105.43,16.0],[105.38,15.98],[105.35,15.92],[105.4,15.8],[105.44,15.75],[105.55,15.75],[105.64,15.66],[105.59,15.41],[105.47,15.36],[105.47,15.33],[105.59,15.3],[105.59,15.26],[105.48,15.17],[105.47,15.1],[105.62,14.98],[105.59,14.94],[105.56,14.95],[105.58,14.88],[105.54,14.87],[105.56,14.84],[105.51,14.8],[105.54,14.74],[105.52,14.69],[105.54,14.55],[105.44,14.42],[105.36,14.37],[105.32,14.39],[105.24,14.33],[105.18,14.34],[105.13,14.22],[105.03,14.23],[104.98,14.39],[104.88,14.42],[104.85,14.4],[104.82,14.43],[104.74,14.4],[104.71,14.43],[104.68,14.39],[104.65,14.42],[104.58,14.35],[104.49,14.37],[104.47,14.34],[104.3,14.39],[104.23,14.37],[104.2,14.4],[104.18,14.35],[104.11,14.37],[104.03,14.33],[103.91,14.33],[103.85,14.37],[103.82,14.35],[103.71,14.38],[103.71,14.43],[103.66,14.44],[103.66,14.41],[103.56,14.42],[103.47,14.36],[103.44,14.39],[103.4,14.35],[103.18,14.33],[102.94,14.18],[102.91,14.01],[102.8,13.94],[102.73,13.76],[102.56,13.67],[102.62,13.6],[102.53,13.56],[102.34,13.55],[102.37,13.5],[102.35,13.3],[102.39,13.17],[102.53,13.0],[102.49,12.98],[102.52,12.88],[102.5,12.85],[102.54,12.81],[102.51,12.69],[102.79,12.45],[102.79,12.4],[102.74,12.37],[102.72,12.15],[102.78,12.06],[102.78,11.98],[102.85,11.83],[102.92,11.75],[102.92,11.65],[102.25,10.0],[103.0,7.0],[102.67,6.75],[102.25,6.25],[102.09,6.24],[102.09,6.14],[101.97,6.03],[101.92,5.93],[101.94,5.87],[101.82,5.77],[101.83,5.73],[101.76,5.8],[101.7,5.75],[101.66,5.81],[101.66,5.88],[101.58,5.93],[101.49,5.87],[101.4,5.88],[101.35,5.81],[101.27,5.81],[101.26,5.71],[101.14,5.61],[101.08,5.72],[100.98,5.8],[101.03,5.92],[101.09,5.91],[101.12,5.97],[101.13,6.11],[101.06,6.14],[101.08,6.18],[101.12,6.18],[101.12,6.23],[101.1,6.26],[101.01,6.24],[100.99,6.28],[100.95,6.24],[100.9,6.23],[100.87,6.26],[100.85,6.23],[100.82,6.44],[100.75,6.46],[100.73,6.51],[100.66,6.44],[100.49,6.52],[100.43,6.51],[100.31,6.6],[100.33,6.62],[100.29,6.7],[100.19,6.71],[100.18,6.57],[100.15,6.55],[100.16,6.5],[100.12,6.42],[100.0,6.43],[99.88,6.54],[99.66,6.47],[99.5,6.5],[98.0,7.25],[96.5,10.0],[98.58,10.0],[98.82,10.49],[98.81,10.59],[98.77,10.62],[98.78,10.68],[98.86,10.77],[98.91,10.78],[98.92,10.82],[99.0,10.83],[99.03,10.97],[99.09,10.96],[99.11,11.02],[99.24,11.1],[99.27,11.22],[99.33,11.28],[99.32,11.32],[99.41,11.39],[99.4,11.46],[99.47,11.51],[99.48,11.62],[99.58,11.63],[99.67,11.82],[99.59,11.88],[99.6,11.99],[99.55,12.01],[99.58,12.14],[99.48,12.12],[99.49,12.27],[99.45,12.31],[99.42,12.45],[99.45,12.56],[99.24,12.74],[99.18,12.92],[99.2,12.98],[99.11,13.06],[99.15,13.14],[99.12,13.17],[99.14,13.2],[99.22,13.21],[99.22,13.41],[99.2,13.54],[99.17,13.56],[99.18,13.72],[99.13,13.76],[99.12,13.89],[99.03,13.95],[98.96,14.1],[98.76,14.21],[98.73,14.27],[98.61,14.31],[98.5,14.53],[98.47,14.53],[98.44,14.61],[98.26,14.8],[98.22,14.98],[98.24,15.04],[98.19,15.1],[98.22,15.18],[98.2,15.22],[98.26,15.23],[98.31,15.28],[98.3,15.31],[98.41,15.25],[98.43,15.36],[98.5,15.39],[98.58,15.35],[98.56,15.7],[98.61,15.84],[98.59,15.93],[98.62,15.97],[98.56,16.05],[98.65,16.07],[98.66,16.13],[98.69,16.14],[98.79,16.11],[98.85,16.14],[98.85,16.24],[98.9,16.26],[98.92,16.4],[98.83,16.43],[98.78,16.34],[98.73,16.33],[98.71,16.26],[98.68,16.27],[98.64,16.41],[98.66,16.47],[98.58,16.55],[98.58,16.62],[98.52,16.64],[98.52,16.69],[98.5,16.69],[98.47,16.72],[98.49,16.78],[98.55,16.8],[98.5,16.83],[98.52,16.87],[98.54,16.85],[98.53,16.91],[98.49,16.93],[98.51,16.95],[98.47,16.96],[98.48,16.99],[98.46,16.98],[98.46,17.02],[98.41,17.05],[98.33,17.05],[98.28,17.17],[98.23,17.2],[98.25,17.22],[98.11,17.33],[98.12,17.38],[98.09,17.38],[98.04,17.46],[97.8,17.67],[97.78,17.75],[97.7,17.81],[97.68,17.89],[97.74,17.95],[97.74,17.99],[97.69,18.06],[97.68,18.16],[97.62,18.22],[97.64,18.3],[97.56,18.34],[97.51,18.26],[97.47,18.3],[97.45,18.4],[97.35,18.54],[97.36,18.59]],[[101.5,17.73],[101.49,17.73],[101.5,17.72],[101.5,17.73]],[[98.5,16.7],[98.51,16.71],[98.5,16.71],[98.5,16.7]]]}},{"type":"Feature","properties":{"icao":"VVHM"},"geometry":{"type":"Polygon","coordinates":[[[102.67,9.0],[103.78,10.43],[103.98,10.51],[104.14,10.5],[104.5,10.41],[104.59,10.53],[104.86,10.52],[104.95,10.63],[105.1,10.72],[105.03,10.88],[105.11,10.96],[105.11,10.92],[105.36,10.85],[105.43,10.97],[105.51,10.94],[105.78,11.03],[105.87,10.89],[105.86,10.86],[105.94,10.84],[105.97,10.9],[106.07,10.81],[106.19,10.79],[106.15,10.91],[106.15,10.98],[106.21,10.98],[106.18,11.08],[106.15,11.1],[106.11,11.07],[106.01,11.19],[105.94,11.21],[105.91,11.28],[105.87,11.29],[105.9,11.44],[105.88,11.55],[105.81,11.6],[105.84,11.65],[105.89,11.68],[105.96,11.64],[106.04,11.78],[106.27,11.72],[106.31,11.67],[106.38,11.7],[106.45,11.67],[106.42,11.78],[106.47,11.87],[106.42,11.97],[106.71,11.96],[106.79,12.08],[106.94,12.06],[107.0,12.09],[107.19,12.29],[107.35,12.33],[107.42,12.24],[107.56,12.37],[107.59,12.59],[107.56,12.81],[107.5,12.89],[107.49,13.01],[107.63,13.36],[107.62,13.52],[107.54,13.74],[107.46,13.78],[107.48,13.85],[107.46,13.98],[107.36,14.02],[107.37,14.08],[107.34,14.12],[107.41,14.23],[107.39,14.31],[107.45,14.42],[107.49,14.4],[107.52,14.58],[107.56,14.62],[107.51,14.79],[107.6,14.86],[107.5,14.93],[107.47,15.01],[107.54,15.05],[107.62,15.04],[107.61,15.09],[107.65,15.11],[107.7,15.26],[107.61,15.34],[107.6,15.4],[107.52,15.42],[107.52,15.48],[107.4,15.49],[107.35,15.61],[107.32,15.64],[107.28,15.63],[107.27,15.72],[107.22,15.73],[107.24,15.84],[107.41,15.89],[107.47,16.02],[107.46,16.08],[107.34,16.05],[107.26,16.14],[107.19,16.14],[107.14,16.19],[107.16,16.26],[107.13,16.29],[106.98,16.3],[106.97,16.35],[106.87,16.44],[106.89,16.52],[106.85,16.55],[106.77,16.42],[106.68,16.45],[106.66,16.58],[106.6,16.6],[106.56,16.68],[106.55,16.87],[106.51,16.9],[106.55,16.93],[106.56,17.0],[107.3,17.0],[108.73,17.41],[112.0,14.5],[114.0,14.5],[114.0,10.5],[108.0,7.0],[103.0,7.0],[102.67,9.0]]]}},{"type":"Feature","properties":{"icao":"VVHN"},"geometry":{"type":"Polygon","coordinates":[[[108.0,21.55],[108.21,21.21],[107.93,19.96],[107.19,19.27],[107.68,18.34],[108.73,17.41],[107.3,17.0],[106.56,17.0],[106.5,16.97],[106.43,17.0],[106.41,17.09],[106.32,17.19],[106.3,17.3],[106.26,17.25],[106.19,17.28],[106.02,17.43],[105.83,17.66],[105.76,17.67],[105.68,17.8],[105.68,17.85],[105.62,17.88],[105.65,17.99],[105.59,18.01],[105.58,18.08],[105.51,18.13],[105.51,18.19],[105.45,18.22],[105.41,18.15],[105.37,18.16],[105.33,18.19],[105.32,18.27],[105.3,18.24],[105.19,18.32],[105.2,18.39],[105.15,18.39],[105.11,18.44],[105.14,18.6],[105.2,18.61],[105.14,18.72],[105.06,18.71],[105.02,18.75],[104.95,18.74],[104.93,18.79],[104.76,18.8],[104.61,18.89],[104.5,19.01],[104.45,18.99],[104.4,19.06],[104.29,19.12],[104.22,19.12],[104.23,19.16],[104.19,19.2],[104.08,19.25],[103.99,19.24],[103.95,19.29],[103.88,19.31],[103.96,19.36],[103.96,19.39],[104.08,19.42],[104.08,19.47],[104.13,19.5],[104.11,19.58],[104.04,19.63],[104.05,19.7],[104.11,19.66],[104.16,19.67],[104.16,19.7],[104.27,19.71],[104.33,19.67],[104.42,19.71],[104.51,19.63],[104.65,19.62],[104.72,19.76],[104.76,19.75],[104.77,19.78],[104.84,19.8],[104.85,19.85],[104.78,19.87],[104.8,19.92],[104.9,20.0],[104.98,20.0],[104.96,20.07],[104.99,20.1],[104.93,20.14],[104.95,20.18],[104.84,20.23],[104.77,20.2],[104.67,20.22],[104.68,20.29],[104.72,20.32],[104.62,20.4],[104.63,20.42],[104.48,20.41],[104.38,20.44],[104.39,20.49],[104.48,20.54],[104.55,20.52],[104.64,20.67],[104.51,20.71],[104.48,20.78],[104.41,20.78],[104.3,20.92],[104.25,20.9],[104.24,20.94],[104.12,20.98],[104.06,20.96],[104.03,20.91],[103.98,20.92],[103.81,20.86],[103.78,20.81],[103.8,20.76],[103.74,20.74],[103.75,20.68],[103.7,20.66],[103.6,20.75],[103.52,20.75],[103.47,20.83],[103.39,20.79],[103.3,20.84],[103.19,20.84],[103.12,20.89],[103.04,21.06],[102.96,21.08],[102.95,21.14],[102.91,21.16],[102.91,21.23],[102.81,21.26],[102.9,21.3],[102.9,21.39],[102.94,21.46],[102.87,21.43],[102.99,21.58],[102.99,21.69],[102.94,21.73],[102.88,21.7],[102.86,21.72],[102.84,21.85],[102.83,21.74],[102.75,21.66],[102.68,21.66],[102.62,21.91],[102.49,21.99],[102.52,22.04],[102.49,22.04],[102.42,22.13],[102.28,22.21],[102.28,22.24],[102.24,22.24],[102.15,22.4],[102.16,22.43],[102.27,22.42],[102.25,22.46],[102.42,22.64],[102.39,22.69],[102.44,22.7],[102.49,22.78],[102.57,22.71],[102.7,22.71],[102.79,22.63],[102.84,22.63],[102.94,22.48],[102.99,22.48],[103.03,22.44],[103.08,22.45],[103.08,22.51],[103.19,22.56],[103.18,22.63],[103.29,22.69],[103.33,22.82],[103.45,22.75],[103.43,22.71],[103.52,22.59],[103.58,22.66],[103.57,22.71],[103.65,22.8],[103.88,22.56],[103.97,22.51],[104.01,22.52],[104.04,22.72],[104.12,22.81],[104.26,22.85],[104.27,22.74],[104.38,22.69],[104.59,22.86],[104.6,22.82],[104.73,22.82],[104.77,22.9],[104.87,22.95],[104.83,23.01],[104.82,23.13],[104.87,23.12],[104.89,23.18],[104.95,23.17],[104.96,23.21],[105.03,23.22],[105.08,23.27],[105.22,23.27],[105.25,23.33],[105.34,23.39],[105.41,23.29],[105.44,23.31],[105.49,23.22],[105.56,23.19],[105.58,23.07],[105.73,23.07],[105.88,22.92],[105.92,22.95],[106.0,22.94],[106.01,22.99],[106.15,23.0],[106.24,22.96],[106.27,22.87],[106.42,22.87],[106.54,22.95],[106.62,22.92],[106.63,22.88],[106.71,22.89],[106.77,22.81],[106.83,22.81],[106.77,22.74],[106.79,22.71],[106.74,22.67],[106.73,22.59],[106.6,22.55],[106.56,22.46],[106.59,22.38],[106.57,22.34],[106.66,22.34],[106.7,22.28],[106.7,21.97],[106.77,22.02],[106.8,21.98],[106.92,21.98],[106.93,21.93],[107.03,21.95],[107.06,21.88],[107.02,21.83],[107.23,21.71],[107.31,21.74],[107.37,21.67],[107.37,21.6],[107.47,21.67],[107.5,21.61],[107.65,21.6],[107.86,21.66],[107.96,21.54],[108.0,21.55]]]}},{"type":"Feature","properties":{"icao":"VYYF"},"geometry":{"type":"MultiPolygon","coordinates":[[[[92.0,14.0],[92.0,21.0],[92.59,22.04],[92.61,21.98],[92.65,22.02],[92.68,22.01],[92.69,22.15],[92.87,22.06],[92.91,21.95],[92.95,22.03],[93.0,21.98],[93.0,22.09],[93.06,22.1],[93.05,22.2],[93.11,22.21],[93.15,22.18],[93.17,22.19],[93.14,22.24],[93.2,22.25],[93.19,22.39],[93.11,22.53],[93.14,22.6],[93.1,22.65],[93.1,22.8],[93.14,22.91],[93.16,22.9],[93.14,23.06],[93.29,23.0],[93.39,23.14],[93.36,23.35],[93.4,23.38],[93.39,23.48],[93.44,23.69],[93.41,23.7],[93.39,23.92],[93.33,23.98],[93.33,24.08],[93.4,24.08],[93.5,23.95],[93.57,23.98],[93.59,23.96],[93.62,24.0],[93.76,24.0],[93.83,23.92],[93.93,23.95],[94.1,23.89],[94.12,23.84],[94.16,23.86],[94.17,23.94],[94.26,24.08],[94.25,24.13],[94.32,24.32],[94.36,24.35],[94.45,24.56],[94.54,24.64],[94.55,24.71],[94.6,24.71],[94.64,24.84],[94.69,24.89],[94.69,24.97],[94.74,25.02],[94.74,25.12],[94.58,25.2],[94.63,25.39],[94.75,25.5],[94.81,25.5],[94.99,25.72],[95.04,25.73],[95.02,25.92],[95.18,26.06],[95.11,26.12],[95.12,26.2],[95.07,26.3],[95.1,26.4],[95.07,26.47],[95.15,26.56],[95.14,26.61],[95.24,26.68],[95.28,26.64],[95.43,26.69],[95.51,26.81],[95.6,26.81],[95.65,26.89],[95.73,26.89],[95.8,27.01],[95.92,27.03],[96.02,27.18],[96.23,27.28],[96.53,27.29],[96.58,27.31],[96.61,27.37],[96.66,27.33],[96.72,27.37],[96.89,27.25],[96.85,27.21],[96.87,27.18],[97.14,27.09],[97.17,27.13],[96.9,27.46],[96.92,27.51],[96.89,27.62],[96.97,27.66],[97.02,27.74],[97.09,27.74],[97.09,27.78],[97.26,27.91],[97.32,27.92],[97.32,27.88],[97.38,27.9],[97.36,27.95],[97.4,28.02],[97.32,28.08],[97.35,28.23],[97.4,28.24],[97.42,28.29],[97.47,28.27],[97.48,28.39],[97.56,28.54],[97.63,28.47],[97.71,28.51],[97.8,28.33],[97.91,28.37],[98.02,28.27],[98.01,28.2],[98.07,28.21],[98.13,28.16],[98.14,27.96],[98.21,27.91],[98.16,27.86],[98.23,27.83],[98.22,27.73],[98.3,27.64],[98.33,27.53],[98.39,27.54],[98.42,27.58],[98.43,27.69],[98.52,27.64],[98.56,27.66],[98.59,27.6],[98.66,27.62],[98.7,27.58],[98.69,27.45],[98.73,27.3],[98.69,27.2],[98.7,27.11],[98.76,27.06],[98.73,27.01],[98.78,26.62],[98.74,26.38],[98.68,26.32],[98.67,26.25],[98.73,26.21],[98.72,26.13],[98.67,26.09],[98.65,26.15],[98.57,26.12],[98.61,25.99],[98.71,25.91],[98.7,25.85],[98.64,25.8],[98.56,25.85],[98.48,25.81],[98.36,25.56],[98.3,25.55],[98.18,25.63],[98.16,25.61],[98.18,25.55],[98.13,25.52],[98.14,25.39],[98.1,25.38],[98.05,25.3],[98.02,25.31],[97.95,25.22],[97.91,25.21],[97.85,25.27],[97.76,25.08],[97.73,25.07],[97.72,24.96],[97.79,24.86],[97.77,24.82],[97.71,24.84],[97.55,24.74],[97.57,24.56],[97.54,24.44],[97.68,24.45],[97.72,24.35],[97.66,24.34],[97.67,24.3],[97.77,24.27],[97.73,24.21],[97.76,24.18],[97.73,24.11],[97.53,23.94],[97.62,23.9],[97.65,23.84],[97.8,23.95],[97.85,23.95],[97.89,24.01],[98.12,24.1],[98.54,24.13],[98.61,24.09],[98.85,24.13],[98.88,24.16],[98.89,24.1],[98.84,24.05],[98.76,24.02],[98.73,23.97],[98.68,23.97],[98.71,23.95],[98.71,23.83],[98.68,23.81],[98.8,23.78],[98.84,23.74],[98.82,23.7],[98.85,23.69],[98.85,23.64],[98.89,23.62],[98.81,23.55],[98.83,23.47],[98.88,23.49],[98.92,23.43],[98.93,23.36],[98.89,23.33],[98.93,23.33],[98.94,23.29],[98.88,23.19],[99.06,23.17],[99.05,23.13],[99.11,23.09],[99.22,23.09],[99.35,23.14],[99.5,23.09],[99.56,22.95],[99.55,22.91],[99.45,22.95],[99.45,22.85],[99.39,22.81],[99.39,22.77],[99.32,22.74],[99.39,22.59],[99.36,22.53],[99.39,22.5],[99.25,22.39],[99.28,22.35],[99.17,22.15],[99.33,22.1],[99.48,22.14],[99.52,22.1],[99.66,22.1],[99.7,22.04],[99.76,22.08],[99.85,22.02],[99.88,22.03],[99.88,22.07],[99.97,22.05],[100.0,21.98],[99.95,21.81],[100.0,21.7],[100.13,21.7],[100.18,21.65],[100.11,21.58],[100.2,21.44],[100.31,21.48],[100.36,21.54],[100.44,21.53],[100.48,21.46],[100.68,21.48],[100.83,21.65],[101.02,21.71],[101.12,21.78],[101.12,21.65],[101.18,21.61],[101.15,21.58],[101.17,21.53],[101.01,21.39],[100.91,21.36],[100.83,21.29],[100.72,21.3],[100.68,21.13],[100.64,21.06],[100.55,21.03],[100.56,20.99],[100.51,20.89],[100.65,20.88],[100.58,20.82],[100.4,20.83],[100.26,20.75],[100.18,20.64],[100.1,20.36],[100.07,20.4],[100.02,20.39],[99.97,20.46],[99.88,20.44],[99.8,20.33],[99.61,20.33],[99.46,20.39],[99.51,20.32],[99.52,20.23],[99.56,20.21],[99.54,20.14],[99.33,20.06],[99.22,20.13],[99.08,20.1],[99.03,19.98],[99.05,19.95],[99.01,19.78],[98.92,19.74],[98.83,19.81],[98.78,19.76],[98.58,19.71],[98.57,19.67],[98.52,19.72],[98.47,19.69],[98.24,19.68],[98.23,19.73],[98.05,19.81],[98.04,19.65],[97.86,19.57],[97.89,19.5],[97.79,19.4],[97.84,19.3],[97.79,19.28],[97.84,19.22],[97.84,19.12],[97.74,19.04],[97.73,18.97],[97.67,18.95],[97.75,18.85],[97.77,18.58],[97.67,18.58],[97.55,18.53],[97.54,18.49],[97.49,18.51],[97.45,18.49],[97.41,18.56],[97.35,18.58],[97.45,18.4],[97.45,18.33],[97.51,18.26],[97.56,18.34],[97.64,18.3],[97.62,18.22],[97.68,18.16],[97.69,18.06],[97.74,17.99],[97.74,17.95],[97.68,17.89],[97.7,17.81],[97.78,17.75],[97.8,17.67],[98.04,17.46],[98.09,17.38],[98.12,17.38],[98.11,17.33],[98.25,17.22],[98.23,17.2],[98.28,17.17],[98.33,17.05],[98.41,17.05],[98.46,17.02],[98.46,16.98],[98.48,16.99],[98.47,16.96],[98.51,16.95],[98.49,16.93],[98.53,16.91],[98.54,16.85],[98.52,16.87],[98.5,16.83],[98.55,16.8],[98.49,16.78],[98.47,16.72],[98.5,16.69],[98.52,16.69],[98.52,16.64],[98.58,16.62],[98.58,16.55],[98.66,16.47],[98.64,16.41],[98.68,16.27],[98.71,16.26],[98.73,16.33],[98.78,16.34],[98.83,16.43],[98.92,16.4],[98.9,16.26],[98.85,16.24],[98.85,16.14],[98.8,16.11],[98.69,16.14],[98.66,16.13],[98.65,16.07],[98.56,16.05],[98.62,15.97],[98.59,15.93],[98.61,15.84],[98.56,15.7],[98.58,15.35],[98.5,15.39],[98.43,15.36],[98.41,15.25],[98.3,15.31],[98.31,15.28],[98.26,15.23],[98.2,15.22],[98.22,15.18],[98.19,15.1],[98.24,15.04],[98.22,14.98],[98.26,14.8],[98.44,14.61],[98.47,14.53],[98.5,14.53],[98.61,14.31],[98.73,14.27],[98.76,14.21],[98.96,14.1],[99.03,13.95],[99.12,13.89],[99.13,13.76],[99.18,13.72],[99.17,13.56],[99.2,13.54],[99.22,13.41],[99.22,13.21],[99.14,13.2],[99.12,13.17],[99.15,13.14],[99.11,13.06],[99.2,12.98],[99.18,12.92],[99.24,12.74],[99.45,12.56],[99.42,12.45],[99.45,12.31],[99.49,12.27],[99.48,12.12],[99.58,12.14],[99.55,12.01],[99.6,11.99],[99.59,11.88],[99.67,11.82],[99.58,11.63],[99.48,11.62],[99.47,11.51],[99.4,11.46],[99.41,11.39],[99.32,11.32],[99.33,11.28],[99.27,11.22],[99.24,11.1],[99.11,11.02],[99.09,10.96],[99.03,10.97],[99.0,10.83],[98.92,10.82],[98.91,10.78],[98.86,10.77],[98.78,10.68],[98.77,10.62],[98.81,10.59],[98.82,10.49],[98.58,10.0],[94.42,10.0],[94.42,13.5],[92.0,14.0]]],[[[98.5,16.7],[98.5,16.71],[98.51,16.71],[98.5,16.7]]]]}},{"type":"Feature","properties":{"icao":"WAAF"},"geometry":{"type":"Polygon","coordinates":[[[118.0,4.0],[132.53,4.0],[133.0,3.5],[141.0,3.5],[141.0,-6.32],[140.96,-6.32],[140.98,-6.36],[140.94,-6.37],[140.98,-6.38],[140.96,-6.42],[140.92,-6.42],[140.94,-6.44],[140.92,-6.46],[140.95,-6.45],[140.96,-6.48],[140.92,-6.5],[140.93,-6.56],[140.84,-6.61],[140.88,-6.62],[140.85,-6.72],[140.9,-6.75],[140.87,-6.79],[140.92,-6.82],[140.9,-6.85],[140.95,-6.86],[140.95,-6.9],[141.02,-6.89],[141.03,-9.62],[141.0,-9.83],[139.67,-9.83],[135.0,-7.0],[126.83,-9.33],[123.33,-12.0],[114.5,-12.0],[110.38,-8.33],[110.38,-3.0],[113.58,1.22],[113.62,1.25],[113.63,1.21],[113.66,1.21],[113.7,1.26],[113.8,1.29],[113.82,1.37],[113.97,1.45],[114.15,1.46],[114.22,1.41],[114.24,1.45],[114.39,1.52],[114.54,1.43],[114.59,1.45],[114.61,1.57],[114.71,1.68],[114.71,1.86],[114.79,1.85],[114.81,1.9],[114.87,1.92],[114.84,1.97],[114.88,2.04],[114.8,2.02],[114.79,2.05],[114.8,2.25],[114.96,2.28],[114.96,2.37],[115.0,2.35],[115.04,2.41],[115.09,2.41],[115.13,2.48],[115.24,2.51],[115.17,2.61],[115.12,2.58],[115.08,2.61],[115.11,2.65],[115.1,2.73],[115.15,2.79],[115.09,2.83],[115.17,2.94],[115.25,2.97],[115.29,3.05],[115.33,2.98],[115.48,3.02],[115.56,3.16],[115.52,3.19],[115.54,3.36],[115.58,3.45],[115.62,3.41],[115.65,3.44],[115.57,3.61],[115.57,3.74],[115.62,3.87],[115.56,3.92],[115.64,3.97],[115.7,4.2],[115.77,4.25],[115.83,4.24],[115.88,4.39],[116.02,4.34],[116.06,4.28],[116.16,4.35],[116.16,4.39],[116.27,4.36],[116.35,4.39],[116.44,4.29],[116.54,4.33],[116.57,4.41],[116.62,4.34],[116.71,4.34],[116.74,4.39],[116.79,4.34],[116.84,4.33],[116.91,4.37],[117.0,4.35],[117.01,4.32],[117.04,4.35],[117.2,4.34],[117.24,4.37],[117.29,4.31],[117.4,4.26],[117.44,4.19],[117.52,4.16],[117.9,4.17],[118.0,4.0]]]}},{"type":"Feature","properties":{"icao":"WBFC"},"geometry":{"type":"Polygon","coordinates":[[[108.97,1.0],[108.5,1.0],[108.5,2.25],[116.5,8.42],[117.5,7.5],[120.0,4.0],[118.0,4.0],[117.9,4.17],[117.52,4.16],[117.44,4.19],[117.4,4.26],[117.29,4.31],[117.24,4.37],[117.2,4.34],[117.04,4.35],[117.01,4.32],[117.0,4.35],[116.91,4.37],[116.84,4.33],[116.79,4.34],[116.74,4.39],[116.71,4.34],[116.62,4.34],[116.57,4.41],[116.54,4.33],[116.44,4.29],[116.35,4.39],[116.28,4.36],[116.16,4.39],[116.16,4.35],[116.06,4.28],[116.02,4.34],[115.88,4.39],[115.83,4.24],[115.77,4.25],[115.7,4.2],[115.64,3.97],[115.56,3.92],[115.62,3.87],[115.57,3.74],[115.57,3.61],[115.65,3.45],[115.62,3.41],[115.58,3.45],[115.54,3.36],[115.52,3.19],[115.56,3.16],[115.48,3.02],[115.33,2.98],[115.29,3.05],[115.25,2.97],[115.17,2.94],[115.09,2.83],[115.15,2.79],[115.1,2.73],[115.11,2.65],[115.08,2.61],[115.12,2.58],[115.17,2.61],[115.24,2.51],[115.13,2.48],[115.09,2.41],[115.04,2.41],[115.0,2.35],[114.96,2.37],[114.96,2.28],[114.8,2.25],[114.79,2.05],[114.8,2.02],[114.88,2.04],[114.84,1.97],[114.87,1.92],[114.81,1.9],[114.79,1.85],[114.71,1.86],[114.71,1.68],[114.61,1.57],[114.61,1.49],[114.57,1.43],[114.41,1.52],[114.24,1.45],[114.22,1.41],[114.15,1.46],[113.97,1.45],[113.82,1.37],[113.8,1.29],[113.63,1.21],[113.54,1.32],[113.44,1.28],[113.32,1.38],[113.13,1.39],[113.11,1.44],[113.02,1.4],[112.97,1.41],[112.97,1.44],[113.04,1.47],[113.06,1.56],[112.89,1.59],[112.8,1.54],[112.49,1.58],[112.42,1.52],[112.2,1.44],[112.22,1.36],[112.17,1.31],[112.14,1.14],[111.94,1.12],[111.83,0.99],[111.76,1.02],[111.72,1.0],[111.66,1.04],[111.53,0.95],[111.49,1.03],[111.38,1.01],[111.22,1.09],[111.15,1.05],[110.91,1.03],[110.86,0.95],[110.8,0.94],[110.8,0.9],[110.77,0.93],[110.69,0.88],[110.63,0.91],[110.62,0.87],[110.55,0.86],[110.46,0.89],[110.44,0.94],[110.4,0.95],[110.4,0.99],[110.35,0.98],[110.34,1.01],[110.27,0.99],[110.28,1.04],[110.19,1.18],[110.05,1.21],[110.06,1.26],[109.97,1.31],[109.96,1.4],[109.83,1.42],[109.83,1.48],[109.8,1.46],[109.65,1.63],[109.68,1.79],[109.58,1.81],[109.54,1.89],[109.54,1.93],[109.57,1.93],[109.64,2.04],[109.63,2.08],[109.57,1.99],[109.47,1.99],[109.31,1.93],[109.33,1.83],[109.29,1.8],[109.26,1.67],[109.11,1.58],[109.04,1.5],[109.04,1.34],[108.95,1.22],[108.96,1.17],[108.91,1.17],[108.97,1.0]]]}},{"type":"Feature","properties":{"icao":"WIIF"},"geometry":{"type":"Polygon","coordinates":[[[113.61,1.25],[110.38,-3.0],[110.38,-8.33],[114.5,-12.0],[107.0,-12.0],[104.7,-10.47],[102.35,-9.01],[92.0,-2.0],[92.0,6.0],[97.5,6.0],[102.17,1.65],[103.5,1.22],[103.53,1.24],[103.75,1.13],[104.0,1.25],[104.5,1.3],[104.58,1.49],[104.77,1.33],[105.37,2.31],[105.15,2.73],[105.44,3.25],[105.86,3.51],[107.3,4.22],[107.55,4.64],[107.77,4.87],[107.92,4.98],[108.03,5.0],[108.27,4.95],[109.27,2.85],[108.5,2.25],[108.5,1.0],[108.97,1.0],[108.91,1.17],[108.96,1.17],[108.95,1.22],[109.04,1.34],[109.03,1.45],[109.06,1.54],[109.26,1.67],[109.29,1.8],[109.33,1.83],[109.33,1.95],[109.57,1.99],[109.63,2.08],[109.64,2.04],[109.57,1.93],[109.54,1.93],[109.54,1.89],[109.58,1.81],[109.68,1.79],[109.65,1.63],[109.8,1.46],[109.83,1.48],[109.83,1.42],[109.96,1.4],[109.97,1.31],[110.06,1.26],[110.05,1.21],[110.19,1.18],[110.28,1.04],[110.27,0.99],[110.33,1.01],[110.35,0.98],[110.4,0.99],[110.4,0.95],[110.44,0.94],[110.46,0.89],[110.55,0.86],[110.62,0.87],[110.63,0.91],[110.66,0.88],[110.75,0.9],[110.76,0.93],[110.8,0.9],[110.8,0.94],[110.86,0.95],[110.91,1.03],[111.15,1.05],[111.22,1.09],[111.38,1.01],[111.49,1.03],[111.53,0.95],[111.66,1.04],[111.72,1.0],[111.76,1.02],[111.83,0.99],[111.94,1.12],[112.14,1.14],[112.17,1.31],[112.22,1.36],[112.2,1.44],[112.42,1.52],[112.49,1.58],[112.8,1.54],[112.89,1.59],[113.06,1.56],[113.04,1.47],[112.97,1.44],[112.97,1.41],[113.02,1.4],[113.11,1.44],[113.13,1.39],[113.32,1.38],[113.44,1.28],[113.54,1.32],[113.61,1.25]]]}},{"type":"Feature","properties":{"icao":"WMFC"},"geometry":{"type":"Polygon","coordinates":[[[102.67,6.75],[103.73,4.83],[103.67,3.67],[104.75,2.6],[104.33,1.33],[104.08,1.33],[104.09,1.43],[103.89,1.42],[103.83,1.46],[103.72,1.46],[103.6,1.28],[103.5,1.22],[102.17,1.65],[97.5,6.0],[94.42,6.0],[94.42,10.0],[96.5,10.0],[98.0,7.25],[99.5,6.5],[99.66,6.47],[99.88,6.54],[100.0,6.43],[100.12,6.42],[100.16,6.5],[100.15,6.55],[100.18,6.57],[100.19,6.71],[100.29,6.7],[100.33,6.62],[100.31,6.6],[100.43,6.51],[100.49,6.52],[100.65,6.44],[100.73,6.51],[100.75,6.46],[100.82,6.44],[100.85,6.23],[100.87,6.26],[100.9,6.23],[100.95,6.24],[100.97,6.28],[101.01,6.24],[101.1,6.26],[101.12,6.23],[101.12,6.18],[101.06,6.15],[101.13,6.11],[101.12,5.97],[101.09,5.91],[101.03,5.92],[100.98,5.8],[101.08,5.72],[101.14,5.61],[101.26,5.71],[101.27,5.81],[101.35,5.81],[101.4,5.88],[101.49,5.87],[101.58,5.93],[101.66,5.88],[101.66,5.81],[101.7,5.75],[101.76,5.8],[101.83,5.73],[101.82,5.77],[101.94,5.87],[101.92,5.93],[101.97,6.03],[102.09,6.14],[102.09,6.24],[102.25,6.25],[102.67,6.75]]]}},{"type":"Feature","properties":{"icao":"WSJC"},"geometry":{"type":"Polygon","coordinates":[[[103.0,7.0],[108.0,7.0],[114.0,10.5],[116.5,8.42],[109.27,2.85],[108.27,4.95],[108.03,5.0],[107.92,4.98],[107.77,4.87],[107.55,4.64],[107.3,4.22],[105.86,3.51],[105.44,3.25],[105.15,2.73],[105.37,2.31],[104.77,1.33],[104.58,1.49],[104.5,1.3],[104.0,1.25],[103.75,1.13],[103.53,1.24],[103.6,1.28],[103.72,1.46],[103.83,1.46],[103.89,1.42],[104.09,1.43],[104.08,1.33],[104.33,1.33],[104.75,2.6],[103.67,3.67],[103.73,4.83],[102.67,6.75],[103.0,7.0]]]}},{"type":"Feature","properties":{"icao":"YBBB"},"geometry":{"type":"Polygon","coordinates":[[[114.5,-12.0],[123.33,-12.0],[126.83,-9.33],[135.0,-7.0],[139.67,-9.83],[141.0,-9.83],[141.03,-9.62],[142.06,-9.26],[142.14,-9.2],[142.24,-9.19],[142.49,-9.37],[142.56,-9.38],[143.88,-9.13],[144.23,-9.4],[144.09,-9.94],[143.98,-10.09],[143.91,-10.3],[143.91,-10.52],[144.0,-10.78],[144.07,-11.19],[144.03,-11.49],[144.07,-11.73],[144.0,-12.0],[155.0,-12.0],[155.0,-14.0],[161.25,-14.0],[163.0,-17.67],[163.0,-45.0],[150.0,-45.0],[150.0,-44.57],[150.66,-43.85],[151.0,-43.0],[150.32,-38.19],[150.75,-36.95],[152.42,-36.23],[152.93,-35.32],[148.83,-32.09],[146.53,-29.0],[143.5,-29.0],[138.39,-26.23],[136.64,-22.3],[136.37,-21.86],[136.33,-21.5],[131.84,-21.2],[128.46,-23.22],[126.06,-23.4],[124.55,-21.52],[121.67,-20.06],[120.25,-19.0],[118.76,-17.62],[115.14,-14.14],[114.5,-12.0]]]}},{"type":"Feature","properties":{"icao":"YMMM"},"geometry":{"type":"Polygon","coordinates":[[[75.0,-90.0],[75.0,-6.0],[78.0,-2.0],[92.0,-2.0],[102.35,-9.01],[104.7,-10.47],[107.0,-12.0],[114.5,-12.0],[115.14,-14.14],[118.76,-17.62],[120.25,-19.0],[121.67,-20.06],[124.55,-21.52],[126.06,-23.4],[128.46,-23.22],[131.84,-21.2],[136.33,-21.5],[136.37,-21.86],[136.64,-22.3],[138.39,-26.23],[143.5,-29.0],[146.53,-29.0],[148.83,-32.09],[152.93,-35.32],[152.42,-36.23],[150.75,-36.95],[150.32,-38.19],[151.0,-43.0],[150.66,-43.85],[150.0,-44.57],[150.0,-45.0],[163.0,-45.0],[163.0,-90.0],[75.0,-90.0]]]}},{"type":"Feature","properties":{"icao":"ZBPE"},"geometry":{"type":"Polygon","coordinates":[[[115.34,45.38],[117.52,43.24],[119.35,39.9],[119.87,39.5],[120.0,38.25],[117.5,37.49],[113.81,36.07],[110.25,34.53],[110.3,35.53],[110.73,37.47],[110.6,38.37],[109.68,38.73],[107.0,40.31],[105.92,40.72],[105.25,41.72],[105.8,41.96],[106.56,42.22],[107.25,42.35],[107.29,42.41],[107.45,42.46],[107.52,42.47],[107.55,42.43],[107.63,42.42],[107.91,42.41],[108.24,42.46],[108.29,42.44],[108.53,42.46],[108.81,42.39],[108.97,42.46],[109.27,42.42],[109.55,42.47],[109.82,42.62],[110.16,42.64],[110.29,42.7],[110.43,42.78],[110.45,42.86],[110.62,42.93],[110.7,43.02],[110.7,43.06],[110.83,43.14],[111.04,43.34],[111.41,43.47],[111.56,43.48],[111.76,43.7],[111.92,43.72],[112.01,43.77],[112.0,43.83],[111.86,43.99],[111.67,44.03],[111.5,44.19],[111.47,44.27],[111.39,44.32],[111.41,44.45],[111.47,44.5],[111.59,44.77],[111.79,45.02],[111.93,45.09],[112.42,45.06],[112.74,44.87],[112.9,44.87],[113.12,44.8],[113.51,44.79],[113.62,44.76],[114.05,44.95],[114.39,45.17],[114.55,45.4],[114.77,45.45],[115.0,45.4],[115.0,45.37],[115.34,45.38]]]}},{"type":"Feature","properties":{"icao":"ZGZU"},"geometry":{"type":"Polygon","coordinates":[[[105.54,23.2],[105.8,24.65],[107.65,25.7],[109.32,26.58],[109.4,29.52],[113.12,29.38],[114.57,29.03],[113.95,26.7],[114.12,26.05],[114.87,25.77],[115.42,25.09],[115.41,24.67],[116.7,24.37],[117.18,23.7],[117.5,23.5],[117.5,23.0],[115.67,22.41],[114.5,22.41],[113.87,22.36],[111.5,19.5],[111.5,20.5],[108.05,20.5],[108.21,21.21],[108.0,21.55],[107.96,21.54],[107.86,21.66],[107.65,21.6],[107.5,21.61],[107.47,21.67],[107.37,21.6],[107.37,21.67],[107.31,21.74],[107.23,21.71],[107.02,21.83],[107.06,21.88],[107.03,21.95],[106.93,21.93],[106.92,21.98],[106.8,21.98],[106.77,22.02],[106.7,21.97],[106.7,22.28],[106.66,22.34],[106.57,22.34],[106.59,22.38],[106.56,22.46],[106.6,22.55],[106.73,22.59],[106.74,22.67],[106.79,22.71],[106.77,22.74],[106.83,22.81],[106.77,22.81],[106.71,22.89],[106.63,22.88],[106.62,22.92],[106.54,22.95],[106.42,22.87],[106.27,22.87],[106.24,22.96],[106.15,23.0],[106.01,22.99],[106.0,22.94],[105.92,22.95],[105.88,22.92],[105.73,23.07],[105.58,23.07],[105.54,23.2]]]}},{"type":"Feature","properties":{"icao":"ZHWH"},"geometry":{"type":"Polygon","coordinates":[[[115.4,36.67],[115.45,35.25],[115.91,34.52],[115.81,32.91],[115.93,30.08],[114.57,29.03],[113.12,29.38],[109.4,29.52],[109.52,31.9],[110.87,33.53],[110.48,34.08],[110.25,34.53],[113.81,36.07],[115.4,36.67]]]}},{"type":"Feature","properties":{"icao":"ZJSA"},"geometry":{"type":"Polygon","coordinates":[[[114.0,16.67],[114.0,14.5],[112.0,14.5],[107.68,18.34],[107.19,19.27],[107.93,19.96],[108.05,20.5],[111.5,20.5],[111.5,19.5],[114.0,16.67]]]}},{"type":"Feature","properties":{"icao":"ZKKP"},"geometry":{"type":"Polygon","coordinates":[[[124.17,39.83],[124.36,40.0],[124.33,40.06],[124.42,40.15],[124.6,40.27],[124.72,40.31],[124.74,40.37],[124.84,40.41],[124.9,40.48],[124.91,40.45],[125.04,40.46],[125.05,40.48],[125.0,40.5],[125.01,40.53],[125.25,40.61],[125.27,40.65],[125.37,40.65],[125.41,40.62],[125.42,40.67],[125.54,40.72],[125.57,40.77],[125.69,40.76],[125.64,40.81],[125.77,40.89],[125.8,40.86],[125.87,40.9],[125.94,40.87],[125.97,40.9],[126.01,40.89],[126.02,40.91],[125.98,40.92],[126.03,40.93],[126.12,41.03],[126.11,41.08],[126.16,41.08],[126.29,41.16],[126.31,41.22],[126.43,41.34],[126.53,41.36],[126.5,41.43],[126.59,41.55],[126.56,41.61],[126.61,41.67],[126.68,41.66],[126.73,41.71],[126.68,41.75],[126.76,41.73],[126.79,41.69],[126.81,41.75],[126.83,41.72],[126.93,41.81],[126.93,41.77],[127.05,41.74],[127.05,41.7],[127.08,41.69],[127.04,41.67],[127.09,41.65],[127.09,41.62],[127.18,41.59],[127.1,41.54],[127.28,41.51],[127.25,41.48],[127.54,41.47],[127.65,41.4],[127.65,41.43],[127.86,41.4],[127.87,41.44],[127.95,41.45],[128.04,41.39],[128.1,41.39],[128.1,41.36],[128.15,41.38],[128.21,41.42],[128.31,41.6],[128.28,41.65],[128.14,41.72],[128.09,41.81],[128.1,41.88],[128.06,41.97],[128.08,41.99],[128.31,42.04],[128.47,42.0],[128.62,42.03],[128.7,42.01],[128.74,42.04],[128.95,42.02],[128.96,42.08],[129.04,42.1],[129.07,42.15],[129.14,42.14],[129.22,42.2],[129.18,42.23],[129.23,42.29],[129.2,42.31],[129.24,42.31],[129.23,42.37],[129.31,42.38],[129.31,42.42],[129.35,42.42],[129.34,42.45],[129.45,42.44],[129.54,42.36],[129.6,42.41],[129.59,42.45],[129.63,42.46],[129.64,42.43],[129.7,42.42],[129.74,42.45],[129.74,42.57],[129.78,42.6],[129.75,42.65],[129.8,42.68],[129.76,42.72],[129.86,42.91],[129.85,42.96],[129.91,42.97],[129.88,42.99],[129.93,43.01],[129.98,42.97],[130.11,42.99],[130.14,42.97],[130.14,42.93],[130.1,42.92],[130.12,42.9],[130.26,42.9],[130.23,42.79],[130.25,42.71],[130.38,42.6],[130.43,42.61],[130.43,42.55],[130.47,42.55],[130.47,42.61],[130.52,42.61],[130.56,42.44],[130.66,42.39],[130.67,42.28],[130.7,42.29],[131.52,41.67],[135.93,40.5],[133.65,38.64],[128.36,38.64],[128.32,38.59],[128.29,38.43],[128.09,38.31],[127.89,38.33],[127.83,38.3],[127.8,38.34],[127.57,38.33],[127.51,38.3],[127.41,38.33],[127.14,38.31],[127.02,38.24],[126.96,38.18],[126.97,38.14],[126.89,38.1],[126.78,37.96],[126.68,37.95],[126.68,37.82],[126.59,37.76],[126.39,37.85],[126.21,37.82],[126.19,37.74],[126.16,37.73],[125.87,37.75],[125.78,37.83],[125.58,37.68],[125.37,37.62],[125.15,37.62],[124.95,37.75],[124.88,37.87],[124.91,37.95],[124.85,38.0],[124.0,38.0],[124.17,39.83]],[[128.23,41.45],[128.24,41.44],[128.24,41.45],[128.23,41.45]]]}},{"type":"Feature","properties":{"icao":"ZLHW"},"geometry":{"type":"Polygon","coordinates":[[[105.25,41.72],[105.92,40.72],[107.0,40.31],[109.68,38.73],[110.6,38.37],[110.73,37.47],[110.3,35.53],[110.25,34.53],[110.48,34.08],[110.87,33.53],[109.52,31.9],[105.82,32.45],[103.88,33.58],[101.7,32.92],[98.58,31.82],[97.0,32.1],[91.92,32.87],[89.02,36.03],[87.38,36.42],[90.22,38.35],[95.13,41.8],[96.31,42.89],[96.37,42.71],[96.62,42.74],[96.93,42.71],[97.21,42.77],[98.25,42.64],[99.44,42.57],[100.0,42.65],[100.28,42.63],[100.33,42.68],[100.91,42.65],[101.82,42.47],[102.06,42.22],[102.41,42.14],[102.72,42.14],[103.32,41.91],[103.86,41.81],[104.54,41.88],[104.53,41.66],[104.94,41.65],[105.03,41.57],[105.25,41.72]]]}},{"type":"Feature","properties":{"icao":"ZMUB"},"geometry":{"type":"Polygon","coordinates":[[[97.32,49.76],[97.6,49.88],[97.58,49.95],[97.69,49.95],[97.79,49.99],[97.83,49.95],[97.89,49.96],[97.91,50.0],[98.11,50.09],[98.15,50.18],[98.25,50.25],[98.28,50.31],[98.26,50.42],[98.32,50.56],[98.15,50.59],[98.05,50.65],[97.96,50.77],[98.02,50.87],[97.91,50.92],[97.83,51.01],[97.95,51.22],[97.94,51.32],[97.99,51.39],[98.1,51.46],[98.23,51.46],[98.26,51.51],[98.24,51.57],[98.34,51.74],[98.7,51.82],[98.86,52.05],[98.89,52.15],[98.95,52.15],[99.05,52.07],[99.27,52.02],[99.32,51.96],[99.73,51.9],[99.99,51.75],[100.53,51.75],[101.14,51.54],[101.24,51.55],[101.38,51.46],[101.58,51.5],[101.65,51.45],[101.76,51.46],[102.01,51.39],[102.07,51.4],[102.21,51.33],[102.15,51.26],[102.18,51.22],[102.19,51.07],[102.27,50.97],[102.22,50.84],[102.36,50.75],[102.29,50.61],[102.4,50.55],[102.51,50.54],[102.64,50.43],[102.85,50.37],[102.92,50.31],[103.23,50.31],[103.31,50.2],[103.44,50.22],[103.71,50.14],[103.79,50.21],[104.06,50.15],[104.24,50.19],[104.28,50.25],[104.35,50.26],[104.38,50.3],[104.82,50.35],[104.95,50.4],[105.12,50.39],[105.32,50.48],[105.6,50.43],[106.05,50.41],[106.09,50.35],[106.25,50.3],[106.57,50.35],[106.72,50.33],[106.99,50.21],[107.03,50.12],[107.14,50.02],[107.25,49.99],[107.33,50.02],[107.38,49.98],[107.66,49.95],[107.75,49.98],[107.82,49.93],[107.98,49.92],[107.95,49.87],[107.98,49.73],[107.94,49.68],[107.97,49.66],[108.01,49.68],[108.01,49.63],[108.15,49.55],[108.28,49.53],[108.37,49.44],[108.56,49.33],[109.22,49.36],[109.48,49.29],[109.51,49.24],[109.57,49.22],[109.76,49.23],[109.83,49.19],[109.92,49.21],[110.22,49.16],[110.33,49.19],[110.4,49.26],[110.6,49.16],[110.82,49.15],[110.96,49.18],[111.13,49.29],[111.32,49.33],[111.36,49.37],[111.5,49.34],[111.72,49.41],[111.9,49.39],[112.51,49.55],[112.72,49.49],[112.79,49.5],[112.97,49.59],[113.1,49.61],[113.13,49.72],[113.2,49.81],[113.74,50.08],[113.87,50.08],[114.03,50.19],[114.08,50.18],[114.2,50.25],[114.33,50.28],[114.45,50.24],[114.75,50.25],[115.0,50.18],[115.18,50.02],[115.4,49.9],[115.74,49.88],[116.06,50.01],[116.26,50.03],[116.41,49.97],[116.61,49.94],[116.7,49.84],[116.05,48.88],[116.12,48.8],[115.81,48.52],[115.83,48.27],[115.51,48.18],[115.55,48.0],[115.46,47.98],[115.58,47.94],[115.94,47.68],[116.21,47.87],[116.5,47.84],[116.64,47.89],[116.83,47.9],[117.11,47.81],[117.39,47.64],[117.47,47.75],[117.56,47.79],[117.76,47.99],[117.84,48.03],[118.12,48.04],[118.11,48.02],[118.21,48.03],[118.25,48.0],[118.48,48.0],[118.75,47.82],[119.11,47.71],[119.15,47.54],[119.21,47.52],[119.32,47.55],[119.34,47.53],[119.32,47.43],[119.46,47.34],[119.57,47.35],[119.81,47.28],[119.87,47.16],[119.81,47.15],[119.77,47.22],[119.7,47.19],[119.85,47.11],[119.84,47.03],[119.79,47.03],[119.82,46.99],[119.8,46.92],[119.92,46.74],[119.84,46.71],[119.77,46.62],[119.61,46.56],[119.57,46.49],[119.51,46.46],[119.51,46.42],[119.4,46.45],[119.41,46.54],[119.46,46.55],[119.42,46.62],[119.26,46.72],[119.13,46.72],[119.09,46.74],[119.09,46.78],[118.97,46.78],[118.98,46.82],[118.8,46.78],[118.67,46.8],[118.6,46.76],[118.51,46.81],[118.45,46.78],[118.27,46.79],[118.26,46.74],[117.88,46.58],[117.82,46.52],[117.67,46.51],[117.6,46.59],[117.44,46.58],[117.44,46.52],[117.37,46.43],[117.37,46.35],[116.94,46.35],[116.85,46.38],[116.76,46.32],[116.57,46.28],[116.26,45.95],[116.28,45.78],[116.22,45.7],[116.07,45.68],[115.93,45.61],[115.72,45.44],[115.34,45.38],[115.0,45.37],[115.0,45.4],[114.7,45.45],[114.53,45.39],[114.5,45.3],[114.39,45.17],[114.05,44.95],[113.62,44.76],[113.51,44.79],[113.12,44.8],[112.9,44.87],[112.74,44.87],[112.42,45.06],[111.93,45.09],[111.79,45.02],[111.59,44.77],[111.47,44.5],[111.41,44.45],[111.39,44.32],[111.47,44.27],[111.5,44.19],[111.67,44.03],[111.86,43.99],[112.0,43.83],[112.01,43.77],[111.92,43.72],[111.76,43.7],[111.56,43.48],[111.41,43.47],[111.04,43.34],[110.83,43.14],[110.7,43.06],[110.7,43.02],[110.62,42.93],[110.45,42.86],[110.45,42.8],[110.29,42.7],[110.16,42.64],[109.82,42.62],[109.55,42.47],[109.27,42.42],[108.97,42.46],[108.81,42.39],[108.53,42.46],[108.29,42.44],[108.24,42.46],[107.91,42.41],[107.63,42.42],[107.55,42.43],[107.52,42.47],[107.45,42.46],[107.29,42.41],[107.25,42.35],[106.68,42.26],[105.8,41.96],[105.31,41.73],[105.27,41.74],[105.03,41.57],[104.94,41.65],[104.53,41.66],[104.54,41.88],[103.86,41.81],[103.32,41.91],[102.72,42.14],[102.41,42.14],[102.06,42.22],[101.82,42.47],[100.91,42.65],[100.33,42.68],[100.28,42.63],[100.0,42.65],[99.44,42.57],[98.25,42.64],[97.21,42.77],[96.93,42.71],[96.69,42.74],[96.37,42.71],[96.3,42.91],[96.15,43.01],[96.07,43.13],[95.89,43.27],[95.89,43.38],[95.69,43.68],[95.55,43.99],[95.35,44.03],[95.36,44.18],[95.43,44.26],[95.42,44.29],[94.99,44.25],[94.93,44.29],[94.7,44.34],[94.58,44.45],[94.33,44.52],[94.31,44.59],[94.2,44.66],[93.51,44.97],[93.08,45.02],[92.49,45.01],[92.38,45.05],[92.17,45.03],[92.02,45.07],[91.59,45.06],[91.54,45.07],[91.48,45.14],[91.37,45.1],[91.23,45.14],[91.15,45.2],[90.88,45.19],[90.9,45.26],[90.81,45.29],[90.8,45.38],[90.66,45.52],[90.7,45.71],[90.86,45.9],[91.02,46.02],[91.02,46.12],[90.93,46.21],[90.95,46.24],[90.91,46.31],[90.96,46.34],[91.08,46.56],[91.03,46.59],[91.06,46.71],[90.97,46.8],[90.97,46.86],[90.88,46.98],[90.73,47.0],[90.7,47.07],[90.66,47.08],[90.51,47.25],[90.46,47.49],[90.37,47.56],[90.33,47.62],[90.34,47.66],[90.14,47.72],[90.07,47.78],[90.08,47.85],[90.0,47.89],[89.94,47.86],[89.95,47.82],[89.77,47.83],[89.72,47.9],[89.67,47.9],[89.6,47.96],[89.58,48.05],[89.39,48.05],[89.37,48.02],[89.29,48.02],[89.21,47.95],[89.03,47.95],[89.04,48.03],[88.99,48.08],[88.75,48.14],[88.74,48.17],[88.67,48.17],[88.62,48.23],[88.58,48.23],[88.61,48.33],[88.52,48.38],[88.51,48.42],[88.41,48.39],[88.34,48.48],[88.0,48.57],[87.97,48.51],[88.01,48.66],[88.08,48.72],[87.8,48.81],[87.83,48.84],[87.8,48.88],[87.75,48.88],[87.77,48.94],[87.91,48.98],[87.83,49.05],[87.87,49.12],[87.83,49.17],[87.98,49.18],[88.06,49.27],[88.13,49.24],[88.2,49.29],[88.1,49.37],[88.19,49.43],[88.19,49.48],[88.32,49.51],[88.56,49.48],[88.64,49.53],[88.69,49.47],[88.86,49.45],[88.85,49.52],[88.89,49.56],[88.93,49.56],[88.96,49.48],[89.23,49.55],[89.19,49.59],[89.22,49.65],[89.38,49.59],[89.44,49.66],[89.72,49.74],[89.74,49.8],[89.64,49.82],[89.61,49.97],[89.75,50.0],[89.9,49.98],[90.09,50.04],[90.27,50.02],[90.36,50.14],[90.54,50.18],[90.68,50.17],[90.68,50.21],[90.75,50.24],[90.78,50.29],[90.67,50.34],[90.74,50.49],[90.8,50.46],[91.44,50.46],[91.44,50.55],[91.66,50.58],[91.66,50.67],[91.75,50.72],[91.85,50.74],[92.02,50.68],[92.2,50.68],[92.29,50.72],[92.29,50.81],[92.33,50.89],[92.39,50.89],[92.41,50.82],[92.49,50.77],[92.62,50.76],[92.62,50.7],[92.75,50.71],[92.75,50.76],[92.82,50.79],[93.0,50.79],[93.03,50.76],[92.98,50.63],[93.13,50.56],[93.46,50.6],[94.28,50.58],[94.35,50.46],[94.41,50.21],[94.51,50.17],[94.62,50.03],[94.98,50.06],[95.08,49.96],[95.48,49.92],[95.75,49.97],[95.77,50.02],[95.82,50.04],[95.88,50.04],[95.95,49.98],[96.06,50.02],[96.3,49.99],[96.41,49.9],[96.66,49.98],[96.68,49.9],[96.8,49.95],[96.98,49.92],[97.19,49.77],[97.32,49.76]]]}},{"type":"Feature","properties":{"icao":"ZPKM"},"geometry":{"type":"Polygon","coordinates":[[[87.38,36.42],[89.02,36.03],[91.92,32.87],[97.0,32.1],[98.58,31.82],[101.7,32.92],[103.88,33.58],[105.82,32.45],[109.52,31.9],[109.4,29.52],[109.32,26.58],[107.65,25.7],[105.8,24.65],[105.54,23.2],[105.49,23.22],[105.44,23.31],[105.41,23.29],[105.33,23.39],[105.25,23.33],[105.24,23.28],[105.17,23.29],[105.12,23.25],[105.08,23.27],[105.03,23.22],[104.96,23.21],[104.95,23.17],[104.89,23.18],[104.87,23.12],[104.82,23.13],[104.83,23.01],[104.87,22.95],[104.77,22.9],[104.73,22.82],[104.6,22.82],[104.59,22.86],[104.38,22.69],[104.27,22.74],[104.26,22.85],[104.12,22.81],[104.04,22.72],[104.02,22.53],[103.97,22.51],[103.88,22.56],[103.65,22.8],[103.57,22.71],[103.58,22.66],[103.52,22.59],[103.43,22.71],[103.45,22.75],[103.33,22.82],[103.29,22.69],[103.18,22.63],[103.19,22.56],[103.08,22.51],[103.08,22.45],[103.03,22.44],[102.99,22.48],[102.94,22.48],[102.87,22.61],[102.79,22.63],[102.7,22.71],[102.57,22.71],[102.52,22.78],[102.46,22.76],[102.44,22.7],[102.39,22.69],[102.42,22.64],[102.25,22.46],[102.27,22.42],[102.16,22.43],[102.14,22.4],[102.13,22.44],[102.02,22.46],[102.0,22.43],[101.92,22.44],[101.91,22.39],[101.87,22.38],[101.81,22.49],[101.74,22.5],[101.66,22.42],[101.68,22.37],[101.63,22.28],[101.57,22.28],[101.55,22.22],[101.6,22.16],[101.58,22.1],[101.64,22.01],[101.62,21.97],[101.68,21.93],[101.7,21.95],[101.71,21.89],[101.78,21.84],[101.75,21.72],[101.77,21.66],[101.83,21.62],[101.76,21.58],[101.78,21.51],[101.75,21.48],[101.74,21.31],[101.85,21.25],[101.84,21.21],[101.78,21.2],[101.79,21.14],[101.7,21.15],[101.68,21.2],[101.61,21.17],[101.61,21.23],[101.56,21.25],[101.4,21.23],[101.33,21.18],[101.26,21.2],[101.23,21.31],[101.27,21.37],[101.2,21.41],[101.22,21.55],[101.15,21.56],[101.18,21.61],[101.12,21.65],[101.13,21.78],[101.02,21.71],[100.83,21.65],[100.68,21.48],[100.48,21.46],[100.44,21.53],[100.36,21.54],[100.31,21.48],[100.2,21.44],[100.11,21.58],[100.18,21.65],[100.13,21.7],[100.0,21.7],[99.95,21.81],[100.0,21.98],[99.97,22.05],[99.88,22.07],[99.88,22.03],[99.85,22.02],[99.75,22.08],[99.7,22.04],[99.66,22.1],[99.52,22.1],[99.48,22.14],[99.33,22.1],[99.22,22.12],[99.16,22.17],[99.2,22.17],[99.19,22.2],[99.24,22.25],[99.24,22.31],[99.28,22.35],[99.25,22.39],[99.39,22.5],[99.36,22.53],[99.39,22.59],[99.32,22.74],[99.39,22.77],[99.39,22.81],[99.45,22.85],[99.44,22.9],[99.45,22.95],[99.51,22.91],[99.55,22.91],[99.56,22.95],[99.5,23.09],[99.35,23.14],[99.22,23.09],[99.11,23.09],[99.05,23.13],[99.06,23.17],[98.88,23.19],[98.94,23.29],[98.93,23.33],[98.89,23.33],[98.93,23.36],[98.92,23.43],[98.88,23.49],[98.83,23.47],[98.81,23.55],[98.89,23.62],[98.85,23.64],[98.85,23.69],[98.82,23.7],[98.84,23.74],[98.8,23.78],[98.68,23.81],[98.71,23.83],[98.71,23.95],[98.68,23.97],[98.73,23.97],[98.76,24.02],[98.84,24.05],[98.89,24.1],[98.88,24.16],[98.85,24.13],[98.61,24.09],[98.54,24.13],[98.12,24.1],[97.89,24.01],[97.85,23.95],[97.8,23.95],[97.65,23.84],[97.62,23.9],[97.53,23.94],[97.64,24.01],[97.76,24.17],[97.73,24.21],[97.77,24.27],[97.68,24.29],[97.66,24.33],[97.72,24.35],[97.68,24.45],[97.54,24.44],[97.57,24.56],[97.55,24.74],[97.71,24.84],[97.77,24.82],[97.79,24.85],[97.72,25.0],[97.82,25.23],[97.86,25.27],[97.91,25.21],[97.95,25.22],[98.02,25.31],[98.05,25.3],[98.1,25.38],[98.14,25.39],[98.13,25.52],[98.18,25.55],[98.16,25.61],[98.18,25.63],[98.3,25.55],[98.36,25.56],[98.48,25.81],[98.56,25.85],[98.64,25.8],[98.71,25.87],[98.71,25.91],[98.61,25.99],[98.57,26.12],[98.65,26.15],[98.67,26.09],[98.72,26.13],[98.73,26.21],[98.67,26.25],[98.68,26.32],[98.74,26.38],[98.78,26.62],[98.73,27.01],[98.76,27.06],[98.7,27.11],[98.69,27.2],[98.73,27.3],[98.69,27.45],[98.7,27.58],[98.66,27.62],[98.59,27.6],[98.56,27.66],[98.52,27.64],[98.43,27.69],[98.42,27.58],[98.39,27.54],[98.33,27.53],[98.3,27.64],[98.22,27.73],[98.23,27.83],[98.16,27.86],[98.21,27.91],[98.14,27.96],[98.13,28.16],[98.07,28.21],[98.01,28.2],[98.02,28.27],[97.91,28.37],[97.8,28.33],[97.71,28.51],[97.63,28.47],[97.56,28.54],[97.48,28.39],[97.47,28.27],[97.42,28.29],[97.35,28.21],[97.14,28.37],[97.02,28.32],[96.91,28.37],[96.77,28.36],[96.76,28.4],[96.66,28.46],[96.48,28.42],[96.41,28.34],[96.37,28.39],[96.28,28.4],[96.37,28.48],[96.33,28.53],[96.49,28.63],[96.47,28.68],[96.6,28.72],[96.62,28.79],[96.54,28.88],[96.52,28.97],[96.48,28.98],[96.52,29.08],[96.44,29.04],[96.35,29.04],[96.17,28.9],[96.15,28.93],[96.19,28.99],[96.12,29.08],[96.2,29.09],[96.22,29.15],[96.26,29.17],[96.35,29.17],[96.4,29.25],[96.36,29.28],[96.26,29.23],[96.11,29.45],[96.06,29.45],[96.0,29.37],[95.87,29.31],[95.82,29.35],[95.74,29.31],[95.74,29.22],[95.65,29.21],[95.61,29.24],[95.58,29.18],[95.5,29.19],[95.5,29.13],[95.43,29.19],[95.41,29.13],[95.3,29.14],[95.26,29.07],[95.22,29.11],[95.12,29.09],[95.09,29.15],[95.0,29.17],[95.02,29.13],[94.89,29.18],[94.8,29.17],[94.8,29.21],[94.7,29.31],[94.65,29.31],[94.54,29.22],[94.43,29.22],[94.37,29.15],[94.29,29.14],[94.13,28.95],[94.05,28.99],[94.03,28.97],[94.06,28.88],[93.93,28.83],[93.94,28.77],[93.84,28.77],[93.67,28.67],[93.57,28.69],[93.29,28.63],[93.22,28.54],[93.22,28.35],[93.11,28.36],[93.07,28.31],[93.04,28.33],[93.02,28.26],[92.94,28.26],[92.87,28.18],[92.76,28.17],[92.69,28.12],[92.67,28.05],[92.72,28.03],[92.71,27.95],[92.59,27.91],[92.56,27.86],[92.48,27.83],[92.42,27.85],[92.4,27.8],[92.37,27.85],[92.31,27.8],[92.26,27.87],[91.98,27.72],[91.89,27.72],[91.83,27.77],[91.66,27.76],[91.65,27.86],[91.69,27.91],[91.66,27.95],[91.48,27.98],[91.32,28.09],[91.28,28.06],[91.22,28.07],[91.13,27.97],[91.04,27.97],[90.95,28.04],[90.74,28.06],[90.72,28.09],[90.63,28.06],[90.38,28.07],[90.36,28.12],[90.4,28.22],[90.36,28.26],[90.02,28.32],[89.94,28.28],[89.9,28.3],[89.76,28.17],[89.6,28.16],[89.49,28.07],[89.45,27.99],[89.35,27.95],[89.38,27.89],[89.36,27.86],[89.27,27.84],[89.13,27.62],[89.07,27.62],[89.02,27.57],[88.96,27.39],[89.0,27.31],[88.97,27.27],[88.82,27.36],[88.78,27.44],[88.77,27.53],[88.84,27.63],[88.85,27.79],[88.88,27.81],[88.84,27.9],[88.84,28.0],[88.76,28.07],[88.67,28.07],[88.64,28.13],[88.57,28.09],[88.55,28.04],[88.49,28.05],[88.4,27.98],[88.34,27.99],[88.26,27.95],[88.23,27.97],[88.2,27.94],[88.15,27.96],[88.12,27.91],[88.14,27.88],[88.11,27.87],[88.0,27.92],[87.9,27.81],[87.82,27.84],[87.8,27.81],[87.73,27.81],[87.7,27.84],[87.6,27.81],[87.59,27.87],[87.46,27.82],[87.42,27.83],[87.43,27.85],[87.14,27.82],[87.13,27.88],[87.02,27.95],[86.94,27.96],[86.86,28.03],[86.81,28.01],[86.75,28.04],[86.72,28.11],[86.6,28.09],[86.51,28.02],[86.52,27.92],[86.47,27.94],[86.41,27.91],[86.43,27.97],[86.35,27.94],[86.32,27.98],[86.22,27.98],[86.19,28.07],[86.21,28.1],[86.17,28.17],[86.08,28.1],[86.07,28.04],[86.13,27.94],[86.02,27.91],[85.95,27.94],[85.97,27.97],[85.89,28.12],[85.78,28.21],[85.73,28.2],[85.63,28.25],[85.58,28.31],[85.44,28.33],[85.38,28.28],[85.25,28.28],[85.21,28.34],[85.11,28.33],[85.19,28.56],[85.19,28.62],[85.14,28.68],[85.05,28.66],[85.0,28.6],[84.92,28.61],[84.86,28.57],[84.69,28.61],[84.7,28.66],[84.66,28.73],[84.42,28.74],[84.44,28.81],[84.39,28.86],[84.27,28.91],[84.15,28.88],[84.17,28.99],[84.12,29.06],[84.16,29.09],[84.19,29.23],[84.13,29.24],[84.1,29.28],[84.02,29.27],[83.97,29.32],[83.88,29.31],[83.8,29.24],[83.72,29.25],[83.63,29.17],[83.56,29.19],[83.44,29.29],[83.33,29.49],[83.25,29.52],[83.25,29.58],[82.89,29.71],[82.85,29.7],[82.75,29.76],[82.73,29.81],[82.5,30.01],[82.2,30.09],[82.21,30.18],[82.16,30.23],[82.15,30.33],[81.98,30.34],[81.62,30.43],[84.06,32.3],[87.38,36.42]]]}},{"type":"Feature","properties":{"icao":"ZSHA"},"geometry":{"type":"Polygon","coordinates":[[[124.0,29.0],[120.0,25.0],[117.5,23.0],[117.5,23.5],[117.18,23.7],[116.7,24.37],[115.41,24.67],[115.42,25.09],[114.87,25.77],[114.12,26.05],[113.95,26.7],[114.57,29.03],[115.93,30.08],[115.81,32.91],[115.91,34.52],[115.45,35.25],[115.4,36.67],[117.5,37.49],[120.0,38.25],[123.0,38.25],[124.0,38.0],[124.0,29.0]]]}},{"type":"Feature","properties":{"icao":"ZWUQ"},"geometry":{"type":"Polygon","coordinates":[[[96.31,42.89],[95.13,41.8],[90.22,38.35],[87.38,36.42],[84.06,32.3],[81.59,30.43],[81.58,30.37],[81.51,30.39],[81.5,30.42],[81.41,30.42],[81.39,30.2],[81.34,30.15],[81.26,30.14],[81.26,30.06],[81.21,30.03],[81.1,30.07],[81.1,30.15],[81.04,30.25],[80.81,30.32],[80.78,30.37],[80.59,30.48],[80.55,30.46],[80.22,30.58],[80.19,30.68],[80.26,30.74],[80.17,30.81],[80.13,30.78],[80.04,30.81],[79.98,30.88],[79.94,30.88],[79.88,30.97],[79.76,31.0],[79.61,30.94],[79.51,31.03],[79.44,31.02],[79.41,31.1],[79.31,31.14],[79.29,31.23],[79.23,31.27],[79.23,31.33],[79.1,31.44],[79.02,31.42],[79.0,31.33],[78.94,31.36],[78.89,31.27],[78.87,31.3],[78.77,31.31],[78.76,31.36],[78.8,31.44],[78.73,31.48],[78.72,31.52],[78.84,31.62],[78.8,31.64],[78.8,31.68],[78.76,31.67],[78.72,31.72],[78.7,31.81],[78.78,31.99],[78.7,32.02],[78.66,32.13],[78.61,32.13],[78.55,32.21],[78.47,32.24],[78.5,32.25],[78.46,32.38],[78.49,32.42],[78.41,32.56],[78.49,32.57],[78.53,32.61],[78.63,32.61],[78.66,32.66],[78.75,32.7],[78.78,32.48],[78.98,32.34],[79.06,32.39],[79.1,32.37],[79.12,32.45],[79.22,32.52],[79.32,32.49],[79.45,32.59],[79.52,32.59],[79.56,32.63],[79.56,32.71],[79.53,32.77],[79.47,32.8],[79.45,32.89],[79.35,32.98],[79.42,33.17],[79.18,33.19],[79.07,33.23],[79.07,33.3],[78.82,33.48],[78.71,33.65],[78.78,33.75],[78.71,33.92],[78.77,34.03],[78.71,34.05],[78.71,34.08],[78.94,34.2],[78.98,34.24],[78.99,34.32],[78.92,34.38],[78.82,34.41],[78.57,34.61],[78.43,34.6],[78.4,34.65],[78.3,34.66],[78.22,34.73],[78.17,34.91],[78.08,35.08],[78.13,35.13],[78.04,35.2],[77.99,35.34],[78.02,35.42],[78.11,35.48],[77.99,35.49],[77.92,35.43],[77.89,35.43],[77.82,35.52],[77.71,35.48],[77.54,35.5],[77.38,35.47],[77.31,35.53],[77.15,35.54],[76.83,35.68],[76.75,35.67],[76.67,35.76],[76.6,35.78],[76.57,35.92],[76.39,35.87],[76.35,35.83],[76.25,35.85],[76.18,35.83],[76.17,35.92],[76.1,36.01],[75.99,36.02],[75.95,36.06],[75.93,36.13],[76.02,36.17],[76.0,36.22],[76.06,36.23],[75.99,36.29],[75.98,36.34],[76.03,36.41],[75.93,36.55],[75.92,36.62],[75.85,36.68],[75.66,36.77],[75.55,36.77],[75.53,36.72],[75.45,36.72],[75.39,36.91],[75.41,36.94],[75.23,36.96],[75.16,37.02],[75.04,37.02],[74.92,36.93],[74.85,36.99],[74.83,37.06],[74.73,37.02],[74.68,37.1],[74.62,37.09],[74.6,37.04],[74.52,37.03],[74.49,37.09],[74.43,37.12],[74.48,37.16],[74.49,37.24],[74.66,37.24],[74.75,37.28],[74.84,37.22],[74.91,37.24],[74.93,37.29],[75.12,37.32],[75.1,37.38],[75.14,37.43],[75.06,37.53],[74.93,37.55],[74.9,37.66],[75.0,37.77],[74.91,37.83],[74.93,37.88],[74.91,38.02],[74.87,38.02],[74.82,38.08],[74.79,38.19],[74.78,38.34],[74.87,38.4],[74.87,38.5],[74.82,38.48],[74.78,38.53],[74.71,38.52],[74.51,38.63],[74.34,38.66],[74.13,38.67],[74.07,38.57],[74.08,38.53],[73.91,38.54],[73.9,38.57],[73.78,38.61],[73.81,38.63],[73.7,38.87],[73.76,38.94],[73.84,38.94],[73.85,38.98],[73.81,39.04],[73.74,39.03],[73.69,39.16],[73.62,39.24],[73.56,39.25],[73.67,39.36],[73.65,39.44],[73.66,39.47],[73.84,39.46],[73.94,39.59],[73.91,39.73],[73.83,39.77],[73.86,39.84],[73.92,39.87],[73.91,39.92],[73.98,40.0],[73.94,40.02],[74.04,40.09],[74.08,40.07],[74.25,40.13],[74.34,40.08],[74.58,40.27],[74.68,40.26],[74.7,40.35],[74.86,40.32],[74.9,40.34],[74.79,40.45],[74.83,40.49],[74.82,40.52],[74.99,40.45],[75.22,40.44],[75.41,40.55],[75.46,40.61],[75.6,40.66],[75.64,40.51],[75.72,40.49],[75.72,40.44],[75.64,40.38],[75.69,40.34],[75.69,40.28],[75.82,40.34],[75.92,40.29],[75.97,40.38],[76.09,40.41],[76.19,40.38],[76.29,40.46],[76.34,40.36],[76.53,40.47],[76.53,40.53],[76.65,40.63],[76.63,40.76],[76.79,40.85],[76.79,40.97],[76.84,40.98],[76.86,41.02],[77.07,41.06],[77.15,41.02],[77.38,41.03],[77.55,40.99],[77.98,41.08],[78.06,41.03],[78.11,41.07],[78.18,41.07],[78.3,41.24],[78.39,41.27],[78.39,41.41],[78.64,41.47],[78.7,41.55],[78.83,41.57],[78.94,41.65],[79.22,41.73],[79.27,41.79],[79.36,41.8],[79.4,41.84],[79.47,41.85],[79.48,41.78],[79.67,41.79],[79.77,41.87],[79.84,41.97],[79.84,42.02],[79.88,42.04],[80.13,42.03],[80.28,42.06],[80.25,42.09],[80.28,42.33],[80.23,42.35],[80.21,42.43],[80.22,42.48],[80.28,42.52],[80.19,42.57],[80.17,42.66],[80.22,42.7],[80.26,42.83],[80.36,42.82],[80.59,42.89],[80.56,42.93],[80.42,42.97],[80.39,43.05],[80.62,43.14],[80.72,43.13],[80.8,43.18],[80.75,43.3],[80.66,43.31],[80.75,43.46],[80.52,43.83],[80.51,43.92],[80.45,44.0],[80.34,44.48],[80.4,44.61],[80.36,44.66],[80.48,44.7],[80.48,44.73],[80.34,44.82],[80.29,44.81],[80.28,44.84],[80.03,44.8],[79.96,44.88],[79.84,44.89],[80.08,45.01],[80.08,45.05],[80.23,45.03],[80.32,45.07],[80.38,45.04],[80.47,45.12],[80.66,45.12],[80.72,45.17],[80.9,45.13],[80.95,45.17],[81.08,45.17],[81.11,45.22],[81.17,45.21],[81.22,45.25],[81.5,45.28],[81.69,45.37],[81.79,45.31],[81.82,45.2],[81.91,45.21],[81.93,45.16],[82.03,45.16],[82.25,45.24],[82.49,45.12],[82.58,45.21],[82.63,45.38],[82.59,45.45],[82.41,45.47],[82.29,45.53],[82.27,45.57],[82.51,46.0],[82.55,46.23],[82.73,46.49],[82.8,46.74],[82.92,46.94],[82.93,47.01],[82.98,47.03],[83.04,47.22],[83.34,47.18],[83.41,47.12],[83.46,47.13],[83.58,47.06],[83.98,47.0],[84.06,46.96],[84.2,47.0],[84.44,47.01],[84.51,46.98],[84.7,47.0],[84.79,46.91],[84.7,46.83],[84.92,46.85],[84.98,46.92],[85.07,46.93],[85.22,47.05],[85.53,47.06],[85.6,47.21],[85.7,47.23],[85.71,47.38],[85.6,47.52],[85.62,47.63],[85.54,47.94],[85.7,48.33],[85.84,48.43],[86.23,48.44],[86.31,48.5],[86.43,48.49],[86.59,48.54],[86.63,48.62],[86.69,48.64],[86.77,48.73],[86.75,48.79],[86.81,48.85],[86.73,48.91],[86.72,48.99],[86.83,49.05],[86.86,49.11],[86.99,49.1],[87.13,49.15],[87.44,49.08],[87.5,49.1],[87.51,49.14],[87.83,49.17],[87.87,49.12],[87.83,49.05],[87.91,48.98],[87.77,48.94],[87.75,48.88],[87.8,48.88],[87.83,48.84],[87.8,48.81],[88.08,48.72],[88.01,48.66],[87.97,48.51],[88.0,48.57],[88.34,48.48],[88.41,48.39],[88.51,48.42],[88.52,48.38],[88.61,48.33],[88.58,48.23],[88.62,48.23],[88.67,48.17],[88.74,48.17],[88.75,48.14],[88.99,48.08],[89.04,48.03],[89.03,47.95],[89.21,47.95],[89.29,48.02],[89.37,48.02],[89.39,48.05],[89.58,48.05],[89.6,47.96],[89.67,47.9],[89.72,47.9],[89.77,47.83],[89.95,47.82],[89.94,47.86],[90.0,47.89],[90.08,47.85],[90.07,47.78],[90.14,47.72],[90.34,47.66],[90.33,47.62],[90.37,47.56],[90.46,47.49],[90.51,47.25],[90.66,47.08],[90.7,47.07],[90.73,47.0],[90.88,46.98],[90.97,46.86],[90.97,46.8],[91.06,46.71],[91.03,46.59],[91.08,46.56],[90.96,46.34],[90.91,46.31],[90.95,46.24],[90.93,46.21],[91.02,46.12],[91.02,46.02],[90.86,45.9],[90.7,45.71],[90.66,45.52],[90.8,45.38],[90.81,45.29],[90.9,45.26],[90.88,45.19],[91.15,45.2],[91.23,45.14],[91.37,45.1],[91.48,45.14],[91.54,45.07],[91.59,45.06],[92.02,45.07],[92.17,45.03],[92.38,45.05],[92.49,45.01],[93.08,45.02],[93.51,44.97],[94.2,44.66],[94.31,44.59],[94.33,44.52],[94.58,44.45],[94.7,44.34],[94.93,44.29],[94.99,44.25],[95.42,44.29],[95.43,44.26],[95.36,44.18],[95.35,44.03],[95.55,43.99],[95.69,43.68],[95.89,43.38],[95.91,43.24],[96.07,43.13],[96.15,43.01],[96.31,42.89]]]}},{"type":"Feature","properties":{"icao":"ZYSH"},"geometry":{"type":"MultiPolygon","coordinates":[[[[116.71,49.83],[116.95,49.72],[117.27,49.63],[117.48,49.63],[117.87,49.51],[117.87,49.54],[118.03,49.62],[118.07,49.61],[118.06,49.63],[118.1,49.63],[118.11,49.66],[118.2,49.68],[118.23,49.73],[118.38,49.78],[118.39,49.82],[118.48,49.83],[118.49,49.88],[118.56,49.9],[118.56,49.93],[119.07,49.98],[119.2,50.01],[119.3,50.08],[119.36,50.17],[119.36,50.23],[119.32,50.28],[119.37,50.32],[119.35,50.35],[119.16,50.35],[119.16,50.38],[119.12,50.39],[119.24,50.45],[119.23,50.5],[119.28,50.61],[119.49,50.75],[119.51,50.91],[119.62,51.01],[119.69,51.02],[119.77,51.14],[119.76,51.22],[119.81,51.22],[119.81,51.29],[119.93,51.35],[119.9,51.39],[119.99,51.45],[119.97,51.49],[120.05,51.56],[120.03,51.59],[120.1,51.65],[120.09,51.68],[120.17,51.68],[120.41,51.84],[120.47,51.85],[120.48,51.89],[120.54,51.88],[120.55,51.91],[120.64,51.92],[120.71,52.0],[120.68,52.04],[120.74,52.08],[120.78,52.16],[120.74,52.21],[120.76,52.24],[120.61,52.34],[120.68,52.43],[120.71,52.55],[120.46,52.64],[120.06,52.58],[120.02,52.63],[120.06,52.7],[120.02,52.77],[120.27,52.86],[120.52,53.07],[120.63,53.1],[120.69,53.18],[120.83,53.24],[120.82,53.27],[121.06,53.3],[121.12,53.27],[121.22,53.28],[121.34,53.33],[121.44,53.32],[121.84,53.42],[122.08,53.42],[122.13,53.47],[122.24,53.46],[122.31,53.5],[122.4,53.44],[122.83,53.45],[123.02,53.51],[123.14,53.5],[123.23,53.56],[123.45,53.53],[123.46,53.5],[123.49,53.5],[123.48,53.55],[123.52,53.55],[123.53,53.49],[123.59,53.55],[123.68,53.49],[123.86,53.49],[124.12,53.34],[124.25,53.37],[124.45,53.21],[124.7,53.19],[124.72,53.15],[124.81,53.14],[124.88,53.09],[124.89,53.16],[125.12,53.2],[125.45,53.11],[125.5,53.05],[125.58,53.08],[125.74,52.98],[125.72,52.93],[125.66,52.92],[125.67,52.86],[125.83,52.9],[125.97,52.76],[126.04,52.8],[126.08,52.79],[126.11,52.76],[126.04,52.74],[126.06,52.67],[125.97,52.66],[125.97,52.61],[126.01,52.58],[126.07,52.6],[126.19,52.54],[126.21,52.52],[126.18,52.47],[126.26,52.47],[126.35,52.39],[126.33,52.31],[126.44,52.28],[126.33,52.25],[126.3,52.2],[126.44,52.18],[126.56,52.12],[126.52,52.03],[126.44,52.02],[126.46,51.94],[126.56,51.86],[126.66,51.72],[126.73,51.7],[126.74,51.64],[126.68,51.59],[126.83,51.53],[126.78,51.44],[126.92,51.39],[126.92,51.34],[126.83,51.33],[126.82,51.28],[126.9,51.24],[126.91,51.27],[126.87,51.31],[126.98,51.31],[126.9,51.2],[126.92,51.06],[127.12,50.93],[127.23,50.78],[127.3,50.74],[127.28,50.69],[127.36,50.58],[127.29,50.49],[127.3,50.45],[127.36,50.43],[127.33,50.35],[127.35,50.3],[127.6,50.22],[127.59,50.16],[127.49,50.02],[127.54,49.93],[127.52,49.82],[127.58,49.78],[127.65,49.78],[127.68,49.67],[127.78,49.63],[127.82,49.58],[127.97,49.61],[128.07,49.54],[128.26,49.5],[128.38,49.59],[128.56,49.6],[128.71,49.56],[128.78,49.59],[128.8,49.56],[128.74,49.5],[128.76,49.47],[128.98,49.46],[129.09,49.35],[129.21,49.4],[129.34,49.35],[129.38,49.43],[129.49,49.43],[129.53,49.4],[129.55,49.29],[129.73,49.27],[129.74,49.2],[129.84,49.17],[129.84,49.12],[129.91,49.1],[129.93,49.03],[130.23,48.86],[130.4,48.9],[130.52,48.85],[130.66,48.88],[130.68,48.85],[130.6,48.77],[130.52,48.61],[130.6,48.58],[130.6,48.51],[130.63,48.48],[130.72,48.51],[130.76,48.49],[130.73,48.42],[130.83,48.3],[130.75,48.22],[130.75,48.18],[130.65,48.1],[130.68,48.04],[130.89,47.9],[130.95,47.82],[130.95,47.72],[130.98,47.7],[131.12,47.68],[131.23,47.73],[131.48,47.74],[131.58,47.66],[131.68,47.71],[131.97,47.66],[132.0,47.71],[132.26,47.71],[132.3,47.75],[132.54,47.71],[132.6,47.74],[132.59,47.79],[132.67,47.89],[132.67,47.95],[132.81,47.93],[132.86,47.99],[133.01,48.02],[133.03,48.06],[133.16,48.11],[133.35,48.11],[133.5,48.07],[133.55,48.12],[133.64,48.13],[133.78,48.2],[133.86,48.18],[133.91,48.27],[134.01,48.28],[134.06,48.34],[134.39,48.39],[134.48,48.35],[134.57,48.37],[134.63,48.3],[134.71,48.28],[134.67,48.24],[134.67,48.16],[134.57,48.05],[134.55,47.98],[134.6,47.9],[134.66,47.89],[134.67,47.83],[134.76,47.77],[134.77,47.73],[134.57,47.49],[134.49,47.44],[134.33,47.44],[134.18,47.32],[134.15,47.25],[134.22,47.2],[134.22,47.12],[134.11,47.06],[134.02,46.82],[134.05,46.76],[134.01,46.65],[133.91,46.58],[133.85,46.47],[133.94,46.39],[133.87,46.35],[133.89,46.32],[133.92,46.33],[133.89,46.3],[133.91,46.26],[133.86,46.25],[133.85,46.2],[133.8,46.22],[133.77,46.17],[133.69,46.15],[133.74,46.06],[133.67,45.94],[133.61,45.94],[133.59,45.87],[133.52,45.89],[133.48,45.86],[133.46,45.8],[133.5,45.78],[133.46,45.77],[133.48,45.74],[133.45,45.73],[133.43,45.69],[133.48,45.68],[133.48,45.65],[133.44,45.65],[133.47,45.61],[133.41,45.61],[133.41,45.57],[133.34,45.55],[133.32,45.49],[133.23,45.52],[133.15,45.46],[133.14,45.36],[133.09,45.29],[133.13,45.12],[132.94,45.01],[132.88,45.05],[131.99,45.25],[131.89,45.34],[131.82,45.3],[131.78,45.21],[131.68,45.22],[131.65,45.15],[131.68,45.15],[131.69,45.11],[131.47,44.99],[131.5,44.97],[131.34,44.98],[131.28,44.92],[131.2,44.91],[131.13,44.94],[131.05,44.87],[130.95,44.85],[131.1,44.69],[131.3,44.05],[131.25,44.02],[131.26,43.93],[131.2,43.82],[131.23,43.6],[131.18,43.56],[131.2,43.52],[131.3,43.47],[131.31,43.39],[131.27,43.37],[131.24,43.25],[131.19,43.21],[131.19,43.12],[131.11,43.06],[131.11,42.91],[131.01,42.92],[131.03,42.86],[131.0,42.85],[130.8,42.87],[130.77,42.83],[130.54,42.81],[130.4,42.72],[130.46,42.68],[130.53,42.7],[130.62,42.63],[130.62,42.54],[130.56,42.55],[130.61,42.42],[130.56,42.44],[130.52,42.61],[130.47,42.61],[130.47,42.55],[130.43,42.55],[130.43,42.61],[130.38,42.6],[130.25,42.71],[130.23,42.79],[130.26,42.9],[130.1,42.91],[130.14,42.93],[130.11,42.99],[129.98,42.97],[129.9,43.0],[129.88,42.98],[129.91,42.97],[129.85,42.96],[129.86,42.91],[129.76,42.72],[129.8,42.68],[129.75,42.65],[129.78,42.6],[129.74,42.57],[129.74,42.45],[129.7,42.42],[129.64,42.43],[129.63,42.46],[129.59,42.45],[129.6,42.41],[129.54,42.36],[129.45,42.44],[129.34,42.45],[129.35,42.42],[129.31,42.42],[129.31,42.38],[129.23,42.37],[129.24,42.31],[129.2,42.31],[129.23,42.29],[129.18,42.23],[129.22,42.2],[129.14,42.14],[129.07,42.15],[129.04,42.1],[128.96,42.08],[128.95,42.02],[128.74,42.04],[128.7,42.01],[128.62,42.03],[128.47,42.0],[128.31,42.04],[128.08,41.99],[128.06,41.97],[128.1,41.88],[128.09,41.81],[128.14,41.72],[128.28,41.65],[128.31,41.6],[128.21,41.42],[128.15,41.38],[128.1,41.36],[128.1,41.39],[128.04,41.39],[127.95,41.45],[127.87,41.44],[127.86,41.4],[127.65,41.43],[127.65,41.4],[127.54,41.47],[127.25,41.48],[127.28,41.51],[127.1,41.54],[127.18,41.59],[127.09,41.62],[127.1,41.63],[127.09,41.65],[127.04,41.67],[127.08,41.69],[127.05,41.7],[127.05,41.74],[126.93,41.77],[126.93,41.81],[126.83,41.72],[126.81,41.75],[126.79,41.69],[126.76,41.73],[126.68,41.75],[126.73,41.71],[126.68,41.66],[126.61,41.67],[126.56,41.61],[126.59,41.55],[126.5,41.43],[126.53,41.36],[126.43,41.34],[126.31,41.22],[126.29,41.16],[126.16,41.08],[126.11,41.08],[126.12,41.03],[126.03,40.93],[125.98,40.92],[126.02,40.91],[126.01,40.89],[125.97,40.9],[125.94,40.87],[125.87,40.9],[125.82,40.86],[125.77,40.89],[125.64,40.81],[125.69,40.76],[125.57,40.77],[125.54,40.72],[125.42,40.67],[125.41,40.62],[125.37,40.65],[125.27,40.65],[125.25,40.61],[125.01,40.53],[125.0,40.5],[125.05,40.48],[125.04,40.46],[124.91,40.45],[124.9,40.48],[124.84,40.41],[124.74,40.37],[124.72,40.31],[124.6,40.27],[124.42,40.15],[124.33,40.06],[124.36,40.0],[124.17,39.83],[124.0,38.0],[123.0,38.25],[120.0,38.25],[119.87,39.5],[119.35,39.9],[117.52,43.24],[115.34,45.38],[115.72,45.44],[115.93,45.61],[116.07,45.68],[116.22,45.7],[116.28,45.78],[116.26,45.95],[116.57,46.28],[116.76,46.32],[116.85,46.38],[116.94,46.35],[117.37,46.35],[117.37,46.43],[117.44,46.52],[117.44,46.58],[117.6,46.59],[117.67,46.51],[117.82,46.52],[117.88,46.58],[118.26,46.74],[118.27,46.79],[118.45,46.78],[118.51,46.81],[118.6,46.76],[118.67,46.8],[118.8,46.78],[118.98,46.82],[118.97,46.78],[119.09,46.78],[119.09,46.74],[119.13,46.72],[119.26,46.72],[119.42,46.62],[119.46,46.55],[119.41,46.54],[119.4,46.45],[119.51,46.42],[119.51,46.46],[119.57,46.49],[119.61,46.56],[119.77,46.62],[119.84,46.71],[119.92,46.74],[119.8,46.92],[119.82,46.99],[119.79,47.03],[119.84,47.03],[119.85,47.11],[119.7,47.19],[119.77,47.22],[119.81,47.15],[119.87,47.16],[119.81,47.28],[119.57,47.35],[119.46,47.34],[119.32,47.43],[119.34,47.47],[119.32,47.55],[119.21,47.52],[119.15,47.54],[119.11,47.71],[118.75,47.82],[118.48,48.0],[118.25,48.0],[118.21,48.03],[118.11,48.02],[118.12,48.04],[117.84,48.03],[117.76,47.99],[117.56,47.79],[117.47,47.75],[117.39,47.64],[117.11,47.81],[116.83,47.9],[116.64,47.89],[116.5,47.84],[116.21,47.87],[115.94,47.68],[115.58,47.94],[115.46,47.98],[115.55,48.0],[115.51,48.18],[115.83,48.27],[115.81,48.52],[116.12,48.8],[116.05,48.88],[116.63,49.75],[116.71,49.83]]],[[[128.23,41.45],[128.24,41.45],[128.24,41.44],[128.23,41.45]]]]}}]}
